20260311	03:28:57	2484b30e-df39-4235-ade5-8ea1cb8223eb	GET	/test	undefined	::ffff:127.0.0.1
20260311	03:35:35	5efab382-cc01-41f4-9fb6-e99b7c26dc11	GET	/test	undefined	::ffff:127.0.0.1
20260311	03:36:54	1675faeb-f0d7-4842-9229-0c9f574af81a	GET	/test	undefined	::ffff:127.0.0.1
20260311	04:17:10	8c185a13-5eb5-438d-b4a3-078e86cd040a	GET	/test	undefined	::ffff:127.0.0.1
20260311	04:20:43	0037a2fc-e23b-4316-a71d-ec33018437ee	GET	/test	undefined	::ffff:127.0.0.1
20260311	05:12:22	b0539de9-2215-42e6-ac65-6ef6429bffd6	GET	/test	undefined	::ffff:127.0.0.1
20260311	05:14:27	3a81fbb2-25c1-4c1d-88fa-60304ad8df36	GET	/test	undefined	::ffff:127.0.0.1
20260311	05:15:21	b23f3860-0c1a-488e-8e66-7579ca12afa7	GET	/test	undefined	::ffff:127.0.0.1
20260311	06:20:14	0a50ca15-c06d-4c82-a201-a501fc57dc25	GET	/test	undefined	::ffff:127.0.0.1
20260311	07:08:08	54eb0c81-fe6b-484b-b880-dd34ddd99c7d	GET	/test	undefined	::ffff:127.0.0.1
20260311	07:12:02	1d6b7faa-9c9d-461d-8c6c-672ba8f48abe	GET	/test	undefined	::ffff:127.0.0.1
20260311	07:12:44	3071dc91-1b41-49d1-a019-252f88e9e453	GET	/test	undefined	::ffff:127.0.0.1
20260311	07:17:48	1a499451-7f0f-4f1e-9874-e21d402ae949	GET	/test	undefined	::ffff:127.0.0.1
20260311	07:21:40	aa1013e8-620d-4107-b8cf-5fc2a5315df3	GET	/test	undefined	::ffff:127.0.0.1
20260311	10:56:26	ed753699-e4af-48a4-b6c0-35b5fcdd3bc4	GET	/test	undefined	::ffff:127.0.0.1
20260311	10:58:53	f110ae03-5ccd-4edd-a8f3-aff6043279eb	GET	/test	undefined	::ffff:127.0.0.1
20260311	10:59:35	4bfd4477-6b07-4a3c-a957-d0d635f2c893	GET	/test	undefined	::ffff:127.0.0.1
20260311	11:02:09	6af5563a-9e8c-41c0-a3de-038b396edab5	GET	/test	undefined	::ffff:127.0.0.1
20260311	11:04:44	f7f62c71-d611-43e2-8d31-5e2ba5ea43ff	GET	/test	undefined	::ffff:127.0.0.1
20260311	11:07:30	15056a31-eafb-4330-933d-9675b0116fb5	GET	/test	undefined	::ffff:127.0.0.1
20260311	11:10:38	1b424586-3815-4177-a89b-ef24ef764d49	GET	/test	undefined	::ffff:127.0.0.1
20260311	11:10:43	ace6238d-9bcd-4853-a3bd-62b92b297328	GET	/test	undefined	::ffff:127.0.0.1
20260313	01:17:53	1039271f-6a56-4316-8185-82357444370e	GET	/test	undefined	::ffff:127.0.0.1
20260313	01:26:22	2585f7ad-ab8c-4221-86b0-416994e96488	GET	/test	undefined	::ffff:127.0.0.1
20260313	01:27:54	f823d3ab-e0af-40ab-95ec-e799639d5644	GET	/test	undefined	::ffff:127.0.0.1
20260317	07:23:53	c8b46b00-3153-41d0-b737-09ef81ac1efe	GET	/	undefined	::1
20260317	07:24:26	89945e91-598f-41f6-8003-ec426a26fd3d	POST	/auth	undefined	::1
20260317	07:24:36	cf4edcfd-a485-4f87-bd17-d3f77ba56f21	POST	/verify	undefined	::1
20260317	07:25:10	9977037d-f560-4ac8-b2a0-a23b515d4f1a	POST	/verify	undefined	::1
20260317	07:26:06	1724a2f8-094d-40b1-8178-4a7b9e82162a	POST	/auth/verify	undefined	::1
20260317	07:26:11	45ca44fe-a3a2-411e-ae49-a46a4a433ef7	POST	/auth/google	undefined	::1
20260317	07:27:34	87caba75-8a93-43b9-8b53-cd5adeeba7a3	GET	/application	undefined	::1
20260317	07:35:37	3000ac98-9e74-463e-bd24-077b1d2a638f	GET	/application	undefined	::1
20260317	07:35:53	dda6bce0-3b4f-42a9-af39-ae50c01b31db	POST	/application	undefined	::1
20260318	03:32:40	d4ddccd4-52a2-4efa-aaf6-68a60679c704	POST	/auth	undefined	::1
20260318	03:39:59	919b6020-1ceb-4fb8-841d-d330ceeb0899	POST	/auth/register	undefined	::1
20260318	03:41:13	c4d12c5f-5bfd-4f4a-b42e-06368dda8a8a	POST	/auth/register	undefined	::1
20260318	03:41:26	4a5f1c3f-0b33-491f-8da4-48322b1136a0	POST	/auth/register	undefined	::1
20260318	03:42:26	58503c97-9029-413f-9dc5-6663da50dae1	POST	/auth/register	undefined	::1
20260318	03:42:56	7c4c726b-5f6d-4934-a748-3604bcc71df7	POST	/auth/register	undefined	::1
20260318	03:50:54	ea94253d-b1eb-4cb9-8fd2-fc360ffd808e	POST	/auth/register	undefined	::1
20260318	03:54:51	ea0e8783-2c34-43d5-846e-e59495b8ee06	POST	/auth/register	undefined	::1
20260318	03:59:20	aa4f371e-0f30-40ac-b408-1051ca3c66bd	POST	/auth/register	undefined	::1
20260318	03:59:50	3fd465d7-3287-4d42-a0ec-f293035c25cb	POST	/auth/register	undefined	::1
20260318	04:06:36	3221e442-325f-4e5f-afa5-73c7b005b002	POST	/auth/register	undefined	::1
20260318	04:12:01	0a355208-7633-4f4b-b739-9ba795d5de6c	POST	/auth/register	undefined	::1
20260318	04:12:14	433df7d3-9222-4c23-8ce3-e720b538e74f	POST	/auth/	undefined	::1
20260318	04:13:10	ed533317-07c9-425f-86aa-98b33a563a01	POST	/auth/	undefined	::1
20260318	04:13:17	f07bf2af-5fec-4c59-9e96-8d30869fb16c	POST	/auth/register	undefined	::1
20260318	04:16:57	3391b4de-2b6e-41c4-9fe4-5af5710b48de	POST	/auth/register	undefined	::1
20260318	04:19:42	8e35ef3f-0c9c-4f4c-842c-f9f52fd56256	POST	/auth/register	undefined	::1
20260318	04:22:00	608449e2-c7c9-44d5-82e4-9b0e8d628885	POST	/auth/register	undefined	::1
20260318	04:23:34	3265ca43-fbaa-4707-894c-a4e165f32905	POST	/auth/	undefined	::1
20260318	04:26:34	d147c505-ad40-445f-be2c-24c482e058b4	POST	/auth/verify/69ba8ad8bdce60709e9eb2ca/f610fcab26e434b13dff4915ef1304b7d54fea8b78260d3d6b8bc3af67d58687	undefined	::1
20260318	04:27:54	c65ba5b9-7a54-487e-aa59-d8488d8fc4d2	POST	/auth/verify/69ba8ad8bdce60709e9eb2ca/f610fcab26e434b13dff4915ef1304b7d54fea8b78260d3d6b8bc3af67d58687	undefined	::1
20260318	04:28:09	05e34a3f-c491-42c1-811a-6a4eee9e5667	POST	/auth	undefined	::1
20260318	04:40:53	fd8fc680-ae09-40fc-a3f8-610c9dd91416	POST	/auth/logout	undefined	::1
20260318	04:41:07	03efbcbe-0b78-465f-9924-8d372e8911fe	POST	/auth	undefined	::1
20260318	04:43:18	1bcb9a95-7c0b-420e-932d-f24008e2161f	POST	/auth	undefined	::1
20260318	04:44:13	122a34ca-10e6-4910-9241-75958e17c628	POST	/auth/refresh	undefined	::1
20260318	04:45:28	b78614d9-3afe-40a0-9daa-1245deced43d	POST	/auth/	undefined	::1
20260318	04:45:57	abf17068-ff1e-4285-bd42-079e5851293a	POST	/auth/logout	undefined	::1
20260318	04:46:13	54623544-6605-4eee-aea8-f11096e83523	POST	/auth/refresh	undefined	::1
20260318	04:51:25	3b44d592-5096-42d8-8df9-d0cf12b4085c	POST	/auth	undefined	::1
20260318	04:51:41	bada2645-df70-4307-8bc6-87dd7e4732d3	POST	/auth/refresh	undefined	::1
20260318	04:53:34	98b3e490-74e5-42a9-9d16-72efe6e61523	POST	/auth/refresh	undefined	::1
20260318	04:54:38	2a831d31-dd28-48c5-a978-267c9c118f25	POST	/auth/refresh	undefined	::1
20260318	04:54:42	14e07397-fb06-40c3-9caf-f46748010daf	POST	/auth/refresh	undefined	::1
20260318	04:54:44	e4964040-ab82-49a3-9bc8-a07c6289ec54	POST	/auth/refresh	undefined	::1
20260318	04:54:54	ce4d64d2-902d-4b5b-ae19-00e27d474adb	POST	/auth/logout	undefined	::1
20260318	04:55:03	a19c36de-f6b6-4590-a160-2947697b8793	POST	/auth/logout	undefined	::1
20260318	04:55:33	3bfb5243-b57f-4642-be22-19a0babef5f1	POST	/auth/logout	undefined	::1
20260318	04:55:44	0425f00f-1e06-4ff4-9d01-42861d1e8b80	POST	/auth/refresh	undefined	::1
20260318	04:55:51	20e6cded-ca73-4160-b834-a9f718e6439f	POST	/auth/login	undefined	::1
20260318	04:55:56	8457ebfa-9502-47b4-abd5-9290aa175c36	POST	/auth	undefined	::1
20260318	04:56:07	ca3d534e-9322-42be-b1c1-f403b0353c18	POST	/auth/refresh	undefined	::1
20260318	04:57:50	9a2d442e-561a-40a6-b4e3-265d771b2fa4	GET	/application/courses	undefined	::1
20260318	04:58:32	b3020630-19b7-468c-9160-518e11e1711e	GET	/application/	undefined	::1
20260318	04:59:11	21d1c6c9-844f-4f3c-8d8f-128a6b330785	GET	/application/	undefined	::1
20260318	05:00:28	7ec59f69-147f-4570-9b44-884bfc3fbd0d	POST	/application/	undefined	::1
20260318	05:22:21	b86fce12-d6cb-42d7-a041-0fd66bccc357	POST	/application/	undefined	::1
20260318	05:23:20	cf6ff329-a91c-4b54-9348-a46e65c7b3fd	POST	/application/	undefined	::1
20260318	05:23:24	c8d14658-1059-4d89-a344-4b5b888b4fde	POST	/application/	undefined	::1
20260318	05:23:28	95c37e65-8697-4083-87cc-37618b24f38a	POST	/auth/	undefined	::1
20260318	05:25:52	97becb99-66f6-40cb-a9b9-01e2a8a6a63d	POST	/auth/	undefined	::1
20260318	05:31:18	a9e65b34-8e30-4007-baf8-dfb6fa71bf6b	POST	/application/	undefined	::1
20260318	05:35:03	87359b7c-abac-48a5-9c97-9310814c5cca	POST	/application/	undefined	::1
20260318	06:20:46	838cb97f-c9a0-4aa2-bdc9-b32df1f08786	POST	/application/	undefined	::1
20260318	06:25:02	1d3d6a6a-9d76-4d0c-a758-81228954b0e3	POST	/application/	undefined	::1
20260318	06:33:30	13a229d1-4f44-4f31-82cf-cfd6519b78e3	POST	/application/	undefined	::1
20260318	06:33:52	c8cd456b-3618-4635-98f0-05a074510b0a	POST	/auth/refresh	undefined	::1
20260318	06:33:58	8e15e27f-f2a3-46a4-95d6-bee5035abe81	POST	/auth/refresh	undefined	::1
20260318	06:34:18	958a9249-8745-4c34-a171-ee653820ee9a	POST	/application/	undefined	::1
20260318	06:35:45	41057ec6-1066-405f-9e89-2f3c201a954e	POST	/application/	undefined	::1
20260318	06:36:36	bc56e390-1a05-4e3a-8bd1-df417ad56912	POST	/application/	undefined	::1
20260318	06:36:55	ce83eb86-d47f-4908-958b-7e8c0a6614d9	POST	/application/	undefined	::1
20260318	06:41:18	eb8902bf-3786-46e2-9b18-168475861756	POST	/application/	undefined	::1
20260318	06:41:29	c995731a-534b-4826-a18d-9ac88ce2f6c7	POST	/application/	undefined	::1
20260318	06:43:18	c78d4933-b444-47dd-9850-55e7279d17f7	POST	/application/	undefined	::1
20260318	06:43:31	ec9c4c52-97bc-42d8-8765-cccd2f228114	POST	/application/	undefined	::1
20260318	06:45:04	2cec5bee-66b4-4838-a2e7-b37fd5209a62	POST	/application/	undefined	::1
20260318	06:46:35	a8d0209a-1bb6-4a9a-bc04-9fa9560947e3	POST	/application/	undefined	::1
20260318	06:46:45	17ef236f-e255-44e8-b6cf-3dcf9c1bfa5c	POST	/application/	undefined	::1
20260318	06:46:52	e9aa66e2-e15d-4aec-b3c6-45aea56e383a	POST	/application/	undefined	::1
20260318	06:48:40	1009db4e-13e6-486d-b6a7-973768789b9f	POST	/application/	undefined	::1
20260318	06:49:11	543aa8a1-f880-4b54-bf81-3019a2fc1f27	POST	/application/	undefined	::1
20260318	06:49:28	b6e1d9dd-ffde-42d2-be58-5382b377c3a0	POST	/application/	undefined	::1
20260318	06:50:35	688a7ab4-12da-4aa2-a44d-790e21494eec	POST	/application/	undefined	::1
20260318	06:54:55	72ed902a-1256-4833-bdef-b75113969225	POST	/application/	undefined	::1
20260318	06:55:47	a5b47adc-df38-4268-bf16-10191367dcf5	POST	/application/	undefined	::1
20260318	06:56:21	9ce73011-f398-41c3-980d-caedb64b5d44	POST	/application/	undefined	::1
20260318	06:56:27	373f0e48-28f1-464c-a3b3-cf7aded1b631	POST	/application/	undefined	::1
20260318	06:57:01	0b5de23c-3513-4ff3-b993-47a9228e1d4f	POST	/application/	undefined	::1
20260318	06:57:35	c1d238f8-79b1-4d4b-9be2-ecca388b2835	POST	/application/	undefined	::1
20260318	06:59:20	1a37ca50-9e87-4fa5-b93e-fbc115da4462	POST	/application/	undefined	::1
20260318	06:59:46	4de9a970-3bee-47e3-b3ee-e6d93f73ac22	POST	/application/	undefined	::1
20260318	07:05:06	2765c556-5a69-4673-a11b-74c3f66fa75e	POST	/application/	undefined	::1
20260318	07:05:40	453aeeca-70d4-4372-91db-8fa4e065b21f	POST	/application/	undefined	::1
20260318	07:06:18	299a7486-6568-47a2-8e31-5ddb1c6bced9	POST	/application/	undefined	::1
20260318	07:06:59	94cf9d17-25de-4268-81b1-0db5ccf99621	POST	/application/	undefined	::1
20260318	07:24:12	fc044fdd-c3f3-4afe-acfb-b4feda0a51f6	POST	/application/	undefined	::1
20260318	07:24:50	46684c44-7683-451f-a5db-84689e97ca43	POST	/application/	undefined	::1
20260318	07:25:25	fc88fdb0-0fb9-4c62-a04f-9824575ee258	POST	/application/	undefined	::1
20260318	07:28:16	8294ff46-7712-4ba8-8848-7e8bea6eabec	POST	/application/	undefined	::1
20260318	07:28:25	4fa46d6d-8885-4cdd-bda8-c7e2271cb63f	POST	/application/	undefined	::1
20260318	07:30:54	88996ab7-ee75-4362-9daf-7d2f4eb0ce57	POST	/application/	undefined	::1
20260318	07:32:42	a7029cbb-59d9-48ed-add3-27e67d1332bd	POST	/application/	undefined	::1
20260318	07:37:21	18ee7c50-387d-4275-bfa6-836aabb22b9d	POST	/application/	undefined	::1
20260318	07:37:32	5dfc64de-337b-4755-b0b2-7adff5a3a062	POST	/auth/refresh	undefined	::1
20260318	07:37:51	9cb06c37-6794-4bb2-b442-0573b57c02c8	POST	/application/	undefined	::1
20260318	07:42:11	996a8ec7-838f-4d62-b3eb-5ad4639eb728	POST	/application/	undefined	::1
20260318	07:47:11	34e1d9ce-f726-4539-be62-302d7954697d	POST	/application/	undefined	::1
20260318	07:48:08	7087d51c-4928-4620-8627-4a5425d85b97	POST	/application/	undefined	::1
20260318	07:48:58	fe1c7639-9872-40d1-b7dc-b440650f67ff	POST	/application/	undefined	::1
20260318	07:55:14	9185359a-26dd-4dca-8b48-e64d21749d13	POST	/application/	undefined	::1
20260318	07:57:22	55e3af4e-3a4c-4c42-849c-8cd9f32a9f32	POST	/application/	undefined	::1
20260318	07:58:13	8272d1a2-a1d7-4109-bdd4-24dbd3139f0e	POST	/application/	undefined	::1
20260318	07:58:25	771bad50-95aa-4b7d-a03a-d6d2bd129679	POST	/application/	undefined	::1
20260318	08:02:35	45159958-be3b-48a6-bf3a-f5ddd5aa7f9c	GET	/application/approve/jgjjggj	undefined	::1
20260318	08:04:04	aa84f75e-24d8-4ede-964c-58157dec2e2b	GET	/application/approve/jgjjggj	undefined	::1
20260318	08:05:39	9b1049bd-8981-4921-9f4f-141a3b9d6926	GET	/application/approve/jgjjggj	undefined	::1
20260318	08:08:49	48f0236f-d771-4514-9e56-094eaa846126	GET	/application/approve/jgjjggj	undefined	::1
20260318	08:12:12	3162cab4-3975-4f55-b973-ff92bae05a84	GET	/application/approve/69babd9524f84b1accb7d924	undefined	::1
20260318	08:18:36	d9786709-290a-4ece-a732-65a4e0018464	POST	/application/	undefined	::1
20260318	08:18:47	76ab92e8-cc9b-45d4-b8b8-82949fe76c47	POST	/auth/refresh	undefined	::1
20260318	08:18:58	3d318c0e-9897-49fd-8944-d38080e16262	POST	/auth/	undefined	::1
20260318	08:19:07	8942134a-27b0-4d12-8435-fe2554c0dcd4	POST	/auth/register	undefined	::1
20260318	08:21:57	74dda661-c447-4c18-a08b-38c6c0dce4de	POST	/auth/verify/69bac26ca352b2af75e93a7d/124c54b1ede3704c360b9ac953127d4830be16ebbfcf57915ce609df55ade906	undefined	::1
20260318	08:22:17	382b8152-fbda-4029-9bb9-c9f205f93f00	POST	/auth	undefined	::1
20260318	08:22:49	d84cb8fc-b0cf-4309-ad8c-52da9ad387cf	POST	/application/	undefined	::1
20260318	08:28:00	2dab2cfc-8853-452b-bb6c-bc75ab5846ec	POST	/application/	undefined	::1
20260318	08:29:04	31a37cc6-7987-40a2-9b7d-4eb7f4eaadfe	POST	/application/	undefined	::1
20260318	08:29:56	3f8d5003-23cf-4c28-87a4-52a385cdfe61	POST	/application/	undefined	::1
20260318	08:30:40	447ce9b6-c5f9-471d-adba-86983d0a3cba	POST	/application/	undefined	::1
20260318	08:33:12	a3651ead-f889-4ba1-81ae-a9e5bbaa0aff	POST	/application/approve/69babd9524f84b1accb7d924	undefined	::1
20260318	08:35:02	69021bc0-af0c-49b7-a643-fd0ae3adbbc3	POST	/application/approve/69babd9524f84b1accb7d924	undefined	::1
20260318	08:38:04	87edd9a6-b6c4-4382-b7d1-2b6d1ca11b08	POST	/application/approve/69babd9524f84b1accb7d924	undefined	::1
20260318	08:38:14	ac9caab8-3ef6-43fe-b48e-3f4fdd92b297	POST	/application/approve/69bac48acc766cca574c1125	undefined	::1
20260318	08:40:39	db2af45a-ea41-4641-a84c-7eda641db89c	POST	/application/approve/69bac48acc766cca574c1125	undefined	::1
20260318	08:41:53	ecc21b1c-797b-48d0-9694-5e3b924fc37c	POST	/application/approve/69bac525cc766cca574c112f	undefined	::1
20260318	08:49:49	b852473a-5ca7-4f05-bb23-8fa782a69f4a	POST	/application/approve/69bac525cc766cca574c112f	undefined	::1
20260318	08:52:19	a4241169-f953-4605-93a7-2536d5718a17	POST	/application/approve/69bac48acc766cca574c1125	undefined	::1
20260318	08:54:49	79c8bc03-15c7-4383-9869-8a5a7287c43a	POST	/application/approve/69bac48acc766cca574c1125	undefined	::1
20260318	08:56:55	61ca0dc9-f69c-4ab3-9b80-e685d52388d7	POST	/application/approve/69bac48acc766cca574c1125	undefined	::1
20260318	08:58:05	1db6034d-8642-4a09-986b-c4a6fb50031f	POST	/application/approve/69bac48acc766cca574c1125	undefined	::1
20260318	09:02:44	79f6ea13-3459-40b1-aa0a-bb27376d6e55	POST	/application/approve/69bac48acc766cca574c1125	undefined	::1
20260318	09:11:00	24f33661-7b3e-463e-a3bd-97e096319f67	POST	/test	undefined	::1
20260318	09:11:09	2bc1afb9-efd8-410f-8a59-ea5a0f4a56ab	GET	/test	undefined	::1
20260318	09:18:04	7db8fa95-5740-463a-9467-3a72f6970212	POST	/application/courses	undefined	::1
20260318	09:18:10	3ef6de89-33e4-4452-b17b-a9a672e67c83	GET	/application/courses	undefined	::1
20260318	09:18:28	30f7ad4b-1481-402b-9cf2-e0322df1d963	GET	/application/payments	undefined	::1
20260318	09:18:43	c3085dcc-3784-42bb-a832-9eaffe5c588f	GET	/application/payments	undefined	::1
20260318	09:21:03	8bc0aea8-83c9-4e68-b752-fb7450156d2f	GET	/application/payments	undefined	::1
20260318	09:21:41	ffe74d3e-e558-41b8-a761-5de2c9e130b3	GET	/application/payments	undefined	::1
20260319	16:58:38	60f92dfe-4ee4-4951-b4b1-241313604679	OPTIONS	/auth	http://localhost:3000	::1
20260319	16:58:46	defe4f5a-4008-4335-abfc-aca657d8c1f8	OPTIONS	/auth	http://localhost:3000	::1
20260319	17:08:35	22ba2517-74dc-4853-b36a-6976ff2d4c3e	OPTIONS	/auth	http://localhost:3000	::1
20260319	17:08:41	00cdb11a-9449-45ae-9b6d-d4deb08ae24d	OPTIONS	/auth	http://localhost:3000	::1
20260319	17:08:51	fe605ba9-3471-48a7-be6a-016f51ec8cff	OPTIONS	/auth	http://localhost:3000	::1
20260319	17:13:09	3e657e22-154a-4363-86bd-5b93c940c5d9	OPTIONS	/auth	http://localhost:3000	::1
20260319	17:16:46	8b6db61f-3925-497b-8b3e-92cf0a0e0d96	OPTIONS	/auth	http://localhost:3000	::1
20260319	17:16:46	24599e55-8dee-4925-8206-37b866744979	POST	/auth	http://localhost:3000	::1
20260319	17:19:03	2b81e68e-ec9b-4e1a-b6b8-1154991cec29	OPTIONS	/auth	http://localhost:3000	::1
20260319	17:19:03	6b91036f-106a-4d7a-9d30-f1ea67f55796	POST	/auth	http://localhost:3000	::1
20260319	17:19:09	0d8462a8-8344-429b-86bc-f27dbf91f5c1	OPTIONS	/auth	http://localhost:3000	::1
20260319	17:19:09	c8337a3f-9202-430e-a264-5142cf046f27	POST	/auth	http://localhost:3000	::1
20260319	17:20:17	ff20a60d-5bad-42d9-b0a8-d6ce25978692	OPTIONS	/auth	http://localhost:3000	::1
20260319	17:20:17	a95ca0a6-a38a-4d03-9f5e-2f985110c483	POST	/auth	http://localhost:3000	::1
20260319	17:22:31	37a6bc46-563f-4677-b2fd-8f83d2e38d0e	OPTIONS	/auth	http://localhost:3000	::1
20260319	17:22:31	fdaa502f-d0d7-41b3-8f68-10194470e967	POST	/auth	http://localhost:3000	::1
20260319	17:22:31	9c3c8e9a-5675-46a5-b042-dfda84bcf9ad	POST	/auth	http://localhost:3000	::1
20260319	17:22:58	9c047c55-d2c2-42ab-b30c-c3ca5bf6467d	OPTIONS	/auth	http://localhost:3000	::1
20260319	17:22:58	ab8b2e5a-7909-4035-8ab9-d15c2035d2a9	POST	/auth	http://localhost:3000	::1
20260319	17:23:02	298e2e9f-75a1-4f2e-a86f-76a16a71dc17	POST	/auth	http://localhost:3000	::1
20260319	17:28:23	2e9be828-37b1-4611-aea1-5e3710e0b4db	OPTIONS	/auth	http://localhost:3000	::1
20260319	17:28:23	a9b33234-ee0f-49d4-8b9e-f5ab2391dfca	POST	/auth	http://localhost:3000	::1
20260319	17:45:10	aeeeb916-3ff7-4b54-9b98-116f99b0359d	OPTIONS	/auth	http://localhost:3000	::1
20260319	17:45:10	718343b6-2fcd-4831-81fe-3e1561f0559b	POST	/auth	http://localhost:3000	::1
20260319	17:49:38	c3b23c9e-98d7-45eb-8d6b-a0ba16023914	OPTIONS	/auth	http://localhost:3000	::1
20260319	17:49:38	2284e17b-371a-45d1-8599-622b335179cf	POST	/auth	http://localhost:3000	::1
20260319	17:51:01	334eb18e-49e1-4229-86f7-70c4e0adade6	OPTIONS	/auth	http://localhost:3000	::1
20260319	17:51:01	32dcd225-37e5-4d83-9dc3-66f72414cee4	POST	/auth	http://localhost:3000	::1
20260319	17:51:03	4f0f38d5-094c-4972-aa95-a21b88b7554c	POST	/auth	http://localhost:3000	::1
20260319	17:52:41	1f2bc0e0-c745-4631-b3f5-eb81c23813e4	OPTIONS	/auth	http://localhost:3000	::1
20260319	17:52:41	d188bcdc-0a11-4b0c-8e64-47304347b07a	POST	/auth	http://localhost:3000	::1
20260319	17:53:50	d0314cb6-94e7-4bc2-b40c-c9967c37d580	OPTIONS	/auth	http://localhost:3000	::1
20260319	17:53:50	074b5e6f-9dc3-4052-af24-fed122390300	POST	/auth	http://localhost:3000	::1
20260319	18:16:00	a979965e-8700-4f22-b9e6-c4c8217ba1b3	OPTIONS	/auth/google	http://localhost:3000	::1
20260319	18:16:00	24fc1948-4526-42a3-ad29-174592bc7fa3	POST	/auth/google	http://localhost:3000	::1
20260319	18:18:14	c0828703-7159-4a0b-b18e-4761c4307180	OPTIONS	/auth/google	http://localhost:3000	::1
20260319	18:18:14	5d78d4fd-4ae5-40de-8762-b932549e3c07	POST	/auth/google	http://localhost:3000	::1
20260319	18:20:45	2244d956-2ae1-4bbc-8aa6-68f53056976c	OPTIONS	/auth/google	http://localhost:3000	::1
20260319	18:20:45	519c1daf-3de9-413f-82e8-8d6231d45d9c	POST	/auth/google	http://localhost:3000	::1
20260319	19:05:24	e77a6f30-eab0-445a-af5b-2fc014882ef9	OPTIONS	/auth/google	http://localhost:3000	::1
20260319	19:05:24	2987a164-f640-4d6f-a33a-fad2ed7e8024	POST	/auth/google	http://localhost:3000	::1
20260320	03:43:11	134329e3-a3f3-4e1a-9b3d-5ec02820d643	OPTIONS	/auth/google	http://localhost:3000	::1
20260320	03:43:11	a815aa5d-1cc9-4582-9976-56c2f895b958	POST	/auth/google	http://localhost:3000	::1
20260320	21:48:31	47919bb3-99bf-4d06-b9d8-accc65a513a3	OPTIONS	/auth	http://localhost:3000	::1
20260320	21:48:31	0f0ec73c-ece5-4223-bfe4-60d9e08f871c	POST	/auth	http://localhost:3000	::1
20260320	21:48:32	a19eda2a-78df-4954-98be-b1c539b64acf	POST	/auth/refresh	http://localhost:3000	::1
20260320	21:48:32	2b7924c4-41d0-4254-b702-7a8772edf53c	POST	/auth	http://localhost:3000	::1
20260320	21:48:34	38ef7951-22af-4c0e-bcaa-a442cbd58df5	POST	/auth	http://localhost:3000	::1
20260320	21:48:35	b6cf1142-f9a0-4e20-a79e-088e3f99aae0	OPTIONS	/auth/refresh	http://localhost:3000	::1
20260320	21:48:35	5b5a7ace-64eb-45d1-9526-22fa17c33f23	POST	/auth/refresh	http://localhost:3000	::1
20260320	21:48:35	5dab988c-5e4d-4936-bd1e-1c9e928daab9	POST	/auth	http://localhost:3000	::1
20260320	21:50:35	1b640914-f9f2-48cb-8a68-ce220d18f64f	OPTIONS	/auth	http://localhost:3000	::1
20260320	21:50:35	8211d696-daae-44eb-ac6e-52bffb714784	POST	/auth	http://localhost:3000	::1
20260320	21:50:37	a2e2cef3-ef9e-415f-bc84-2ddf1031a904	OPTIONS	/auth/refresh	http://localhost:3000	::1
20260320	21:50:37	ba38edd9-811f-4b70-90b5-507f85041fb3	POST	/auth/refresh	http://localhost:3000	::1
20260320	21:50:37	945bffae-1e84-419f-a323-61e5b0318364	POST	/auth	http://localhost:3000	::1
20260320	21:51:50	467044e8-c48c-4fe2-b56b-ac77f23ee613	OPTIONS	/auth	http://localhost:3000	::1
20260320	21:51:50	4681181a-9b42-48e9-9260-ca439f5b014a	POST	/auth	http://localhost:3000	::1
20260320	21:51:51	ab8c43de-c6f2-43b5-9dfb-e6bee251876a	OPTIONS	/auth/refresh	http://localhost:3000	::1
20260320	21:51:51	571f4468-55dc-4508-bfe9-f49e03f7a12b	POST	/auth/refresh	http://localhost:3000	::1
20260320	21:51:51	823b35f1-bfa9-4ef1-a010-8e9427539e60	POST	/auth	http://localhost:3000	::1
20260320	21:52:38	17d37acf-f829-405e-a54f-7a7050a650be	OPTIONS	/auth/google	http://localhost:3000	::1
20260320	21:52:38	349de5f0-6508-4a56-b972-8f953c116f93	POST	/auth/google	http://localhost:3000	::1
20260320	21:55:32	872c079f-42a4-4d5e-a20d-0e4f46fffb1b	OPTIONS	/auth/google	http://localhost:3000	::1
20260320	21:55:32	5903d078-8b22-4ead-ae68-cc4030dd099e	POST	/auth/google	http://localhost:3000	::1
20260320	23:14:08	65504b9a-f25e-4440-9263-b3f6e0de7f64	OPTIONS	/auth/google	http://localhost:3000	::1
20260320	23:14:09	1080f2ca-d21d-47d7-834f-3769f1e043ce	POST	/auth/google	http://localhost:3000	::1
20260320	23:19:02	07a495d7-11ba-4a08-bc3c-25fa4d405c3c	OPTIONS	/auth/google	http://localhost:3000	::1
20260320	23:19:02	43f4813a-ad14-4d53-bada-d13b13a216c5	POST	/auth/google	http://localhost:3000	::1
20260320	23:21:55	20624723-a7da-46a9-a998-d549208e6905	OPTIONS	/auth/google	http://localhost:3000	::1
20260320	23:21:55	8f798fbc-13f2-44cb-98fa-0dcb2d950e1a	POST	/auth/google	http://localhost:3000	::1
20260320	23:22:32	957d8723-4f04-46c2-97b8-a1172327c294	OPTIONS	/auth	http://localhost:3000	::1
20260320	23:22:32	0a2e8a33-440e-473f-8496-8139f37c759a	POST	/auth	http://localhost:3000	::1
20260320	23:25:39	e87b4959-5683-40d3-a288-08f6e9ad5398	OPTIONS	/auth/google	http://localhost:3000	::1
20260320	23:25:39	16784d2f-7250-4da1-9cc7-b8fd7864b392	POST	/auth/google	http://localhost:3000	::1
20260320	23:30:48	76be86bd-b659-47b2-abba-27451c2929a5	OPTIONS	/auth/google	http://localhost:3000	::1
20260320	23:30:49	321068a7-3bf6-4b88-b3aa-b13189955f28	POST	/auth/google	http://localhost:3000	::1
20260320	23:32:42	f2238988-ba8b-4f54-bcf7-f809d055d1c8	OPTIONS	/auth/google	http://localhost:3000	::1
20260320	23:32:42	551bf3e5-0de4-4403-add9-7ad4e2dd27f6	POST	/auth/google	http://localhost:3000	::1
20260320	23:34:33	5c5fd440-e631-4c74-bd62-100039a28ef5	OPTIONS	/auth/google	http://localhost:3000	::1
20260320	23:34:33	fc815525-d8a0-4aef-be86-78eb99856b29	POST	/auth/google	http://localhost:3000	::1
20260320	23:36:15	0dc93581-a60f-4868-a040-98072d4f073f	OPTIONS	/auth/google	http://localhost:3000	::1
20260320	23:36:15	99d232cd-e0fe-4c76-9426-856893eb1f78	POST	/auth/google	http://localhost:3000	::1
20260320	23:40:51	c34cfb48-370a-453c-a696-31b083fbf0f3	OPTIONS	/auth/google	http://localhost:3000	::1
20260320	23:40:51	c4efbac2-f398-46c5-ba3b-a04a2d506dff	POST	/auth/google	http://localhost:3000	::1
20260320	23:42:25	6763d605-d27d-46fa-8f5b-f5be20241dc5	OPTIONS	/auth/google	http://localhost:3000	::1
20260320	23:42:25	bc21eca8-9e95-44d3-8e00-e639dc52bd00	POST	/auth/google	http://localhost:3000	::1
20260320	23:47:37	ce52b0be-c280-43ef-a1cf-29c23c111efa	GET	/auth/refresh	http://localhost:3000	::1
20260320	23:50:09	63bda355-e0af-43d2-a1eb-96ab1f4d4513	GET	/auth/refresh	http://localhost:3000	::1
20260320	23:52:39	4177957f-b9c4-45c7-8252-5e6e67152fb1	GET	/auth/refresh	http://localhost:3000	::1
20260320	23:57:35	f61035a1-cf76-477a-ac1f-c9dfbef811aa	GET	/auth/refresh	http://localhost:3000	::1
20260321	00:04:27	46aa1edc-19e4-4457-b1ef-a849d2659612	GET	/auth/refresh	http://localhost:3000	::1
20260321	00:12:12	2dc5dc13-caee-437c-98bb-735a85db82f7	GET	/auth/refresh	http://localhost:3000	::1
20260321	00:15:05	35ec8e55-f88b-4741-9db2-c90b8960895f	GET	/auth/refresh	http://localhost:3000	::1
20260321	00:20:34	ced2ecf7-aec6-4f61-af8a-e68359a02991	GET	/auth/refresh	http://localhost:3000	::1
20260321	00:22:01	0ed04b7f-dc74-4b87-905b-828cb6b201ec	GET	/auth/refresh	http://localhost:3000	::1
20260321	00:22:32	58dd22b9-dde9-4239-adae-b55e8fbbed40	GET	/auth/refresh	http://localhost:3000	::1
20260321	00:23:05	b9004080-1119-4288-b629-0a609ac5df2a	GET	/auth/refresh	http://localhost:3000	::1
20260321	00:24:08	23d59619-829e-4228-b604-d64231d76831	GET	/auth/refresh	http://localhost:3000	::1
20260321	00:24:34	23c26629-ff71-4746-814f-ba120b31a1f8	GET	/auth/refresh	http://localhost:3000	::1
20260321	00:25:19	0968571c-ee8e-466b-bb0d-b926e5bc41f1	GET	/auth/refresh	http://localhost:3000	::1
20260321	00:26:38	e1dbfe5c-9fff-4bd7-ad68-4f0518696300	GET	/auth/refresh	http://localhost:3000	::1
20260321	00:26:56	78f3baeb-11d3-4be4-b750-3d2500d4278c	GET	/auth/refresh	http://localhost:3000	::1
20260321	00:27:30	6c23b24c-3e22-45a1-9d62-e6da07704d38	GET	/auth/refresh	http://localhost:3000	::1
20260321	00:28:25	e07422ea-777c-4892-9387-e72674001de6	GET	/auth/refresh	http://localhost:3000	::1
20260321	00:28:53	7a19ff77-1e9d-463f-95d8-6c8f8b886f7e	GET	/auth/refresh	http://localhost:3000	::1
20260321	00:29:45	0c77e0bd-f038-4362-9941-0ae92cd14d4b	GET	/auth/refresh	http://localhost:3000	::1
20260321	00:30:41	1760f44a-bf50-4c12-9568-eef6c51cdf1b	GET	/auth/refresh	http://localhost:3000	::1
20260321	00:42:10	91ee44df-1cab-4acc-ad95-777e3f2aa60e	GET	/auth/refresh	http://localhost:3000	::1
20260321	00:44:13	bee4c93a-9053-400a-a915-c4f21870d231	GET	/auth/refresh	http://localhost:3000	::1
20260321	00:44:34	fa362d30-cbd8-49b7-9856-c9703d787547	GET	/auth/refresh	http://localhost:3000	::1
20260321	00:45:29	335d8a0e-5136-484d-bd1b-b98994b62ee6	GET	/auth/refresh	http://localhost:3000	::1
20260321	00:45:46	352c9058-15f3-4305-a17d-a0c28225d8cd	GET	/auth/refresh	http://localhost:3000	::1
20260321	00:46:10	6eac8ddd-950c-4580-99d7-6726aa8c149b	GET	/auth/refresh	http://localhost:3000	::1
20260321	00:46:32	e51982b5-9c71-4cce-baf7-11e747f2a943	GET	/auth/refresh	http://localhost:3000	::1
20260321	00:47:06	521ba023-6e89-4395-abee-707c53f30405	GET	/auth/refresh	http://localhost:3000	::1
20260321	00:47:47	d8e8edd7-c2ac-431a-a727-89a513308537	GET	/auth/refresh	http://localhost:3000	::1
20260321	00:48:13	6b433f17-2841-4b12-9503-0477983f75f5	GET	/auth/refresh	http://localhost:3000	::1
20260321	00:48:56	b94be0c6-d91d-4690-9146-057f76be4326	GET	/auth/refresh	http://localhost:3000	::1
20260321	00:49:11	334bce54-21d9-4f51-80a4-d0a57952f46d	GET	/auth/refresh	http://localhost:3000	::1
20260321	00:49:43	970e91d1-8348-4470-bcab-314f8f82fcdd	GET	/auth/refresh	http://localhost:3000	::1
20260321	00:49:58	e0286923-5f4c-4c84-8122-8b9ec633ad4b	GET	/auth/refresh	http://localhost:3000	::1
20260321	00:50:40	04dafab5-fb65-46ed-9541-339b19714c73	GET	/auth/refresh	http://localhost:3000	::1
20260321	00:51:01	dba73deb-c8dc-4e0e-864c-882705e2675c	GET	/auth/refresh	http://localhost:3000	::1
20260321	00:51:25	9730e91f-e7f5-4183-a907-4e073ea59fe1	GET	/auth/refresh	http://localhost:3000	::1
20260321	00:51:58	ebb1e39e-85c5-4778-8940-d9fb277c1049	GET	/auth/refresh	http://localhost:3000	::1
20260321	00:53:12	a9b37896-f6fd-4661-94c4-cc867eb58274	GET	/auth/refresh	http://localhost:3000	::1
20260321	00:54:08	11aeadc6-83e7-48a4-b554-82637b61c021	GET	/auth/refresh	http://localhost:3000	::1
20260321	00:54:36	7b0d2e1c-ebca-45f7-9a79-eb41bab0f08a	GET	/auth/refresh	http://localhost:3000	::1
20260321	00:55:02	4bc14f81-9f43-4f67-9d17-ad8211045407	GET	/auth/refresh	http://localhost:3000	::1
20260321	00:56:13	5b0ebe94-2971-4c5b-b562-0b21716e9cc0	GET	/auth/refresh	http://localhost:3000	::1
20260321	00:56:45	2279713e-cd2f-4208-85f8-9714ca790e3c	GET	/auth/refresh	http://localhost:3000	::1
20260321	00:58:56	e1bcb208-e8ed-43f4-ada1-74a07069f9e2	GET	/auth/refresh	http://localhost:3000	::1
20260321	00:59:29	83f903b7-2e8e-415d-9130-b712f1d62c26	GET	/auth/refresh	http://localhost:3000	::1
20260321	01:00:11	702e563a-9d15-4cd1-9712-5c488d0f21ee	GET	/auth/refresh	http://localhost:3000	::1
20260321	01:01:09	dfbeb15d-d965-42e3-8445-3f14aa221706	GET	/auth/refresh	http://localhost:3000	::1
20260321	01:02:00	a484bf84-63e4-4918-bff9-66077d9f6e6f	GET	/auth/refresh	http://localhost:3000	::1
20260321	01:02:52	d3df1d83-ff64-4f12-a456-d1f02db1b92e	GET	/auth/refresh	http://localhost:3000	::1
20260321	01:03:05	5e7a95bd-6851-48d3-b1b2-1c73bc61a384	GET	/auth/refresh	http://localhost:3000	::1
20260321	01:03:27	8e5f3cd0-8c27-44ee-abbe-b582f2f0eef5	GET	/auth/refresh	http://localhost:3000	::1
20260321	01:03:46	30a1a51f-d24a-4af7-9693-320452b4335a	GET	/auth/refresh	http://localhost:3000	::1
20260321	01:04:19	cbbf162c-69f5-4a36-bd64-81c9618cb107	GET	/auth/refresh	http://localhost:3000	::1
20260321	01:05:35	aaac7d64-5c9a-4eb5-9c57-e3c007745d76	GET	/auth/refresh	http://localhost:3000	::1
20260321	01:05:49	5ab990c6-dc34-47b0-a86d-a3d8ed2798a9	GET	/auth/refresh	http://localhost:3000	::1
20260321	01:06:16	e5c0ae25-d0d5-4099-9ae0-c3e5bc1b807f	GET	/auth/refresh	http://localhost:3000	::1
20260321	01:07:28	44b6cc47-9a15-448a-b7dc-c6de43ae03b7	GET	/auth/refresh	http://localhost:3000	::1
20260321	01:07:57	5f314de6-daad-4551-9e92-324e5726d64d	GET	/auth/refresh	http://localhost:3000	::1
20260321	01:08:43	e564e10d-a71f-4f97-aa23-ef8e02a8be79	GET	/auth/refresh	http://localhost:3000	::1
20260321	01:09:12	4a265a82-108b-4f32-aa05-0dd82266f16e	GET	/auth/refresh	http://localhost:3000	::1
20260321	01:09:30	175a45ad-a112-4db6-a116-9f7220a35efa	GET	/auth/refresh	http://localhost:3000	::1
20260321	01:09:57	a12f70f1-45c1-4f86-9c71-007a01a3998f	GET	/auth/refresh	http://localhost:3000	::1
20260321	01:10:22	a241c0ac-62c8-457b-b5bd-ab63220d3790	GET	/auth/refresh	http://localhost:3000	::1
20260321	01:10:46	dac43230-1b51-46a7-8b2b-657423444ee0	GET	/auth/refresh	http://localhost:3000	::1
20260321	01:11:38	fc6460bc-0760-4bbc-8ca1-225bb6d839e9	GET	/auth/refresh	http://localhost:3000	::1
20260321	01:12:30	641d914b-4f08-4782-826e-942a5e9068b5	GET	/auth/refresh	http://localhost:3000	::1
20260321	01:18:15	993f5c5e-a90b-4b19-8c59-3ea5077dc98d	OPTIONS	/auth/google	http://localhost:3000	::1
20260321	01:18:16	8113d054-4827-4ec9-bd98-7706b8d854b3	POST	/auth/google	http://localhost:3000	::1
20260321	01:22:31	7b5677b4-ec3e-4fc0-8c52-b8188ea83518	OPTIONS	/auth	http://localhost:3000	::1
20260321	01:22:31	25f1d786-2bd2-4f9f-a5d6-801965841d4a	POST	/auth	http://localhost:3000	::1
20260321	01:22:32	c8c811a6-b1fa-4f3b-96b1-c62eed7c9ee1	GET	/auth/refresh	http://localhost:3000	::1
20260321	01:22:32	248ce9ae-9084-498f-bed0-cb290a322108	POST	/auth	http://localhost:3000	::1
20260321	01:25:08	572e51e8-629d-47d5-9522-65cba77a479a	OPTIONS	/auth	http://localhost:3000	::1
20260321	01:25:08	ab009177-fd34-4a17-b2bd-77e70fb2f68f	POST	/auth	http://localhost:3000	::1
20260321	01:25:09	117322af-07d3-47d2-8c44-b916da35db7c	OPTIONS	/auth/refresh	http://localhost:3000	::1
20260321	01:25:09	6224cc26-85e2-4f42-9b5e-aa4111e6b244	GET	/auth/refresh	http://localhost:3000	::1
20260321	01:25:09	1cef83d6-0242-44d4-9e8f-97292d41be5b	POST	/auth	http://localhost:3000	::1
20260321	01:32:59	39378473-bfeb-4b4b-89ff-e40066c2b6af	OPTIONS	/auth	http://localhost:3000	::1
20260321	01:32:59	ae875fc6-d223-4f9e-9280-a9dd535fafb8	POST	/auth	http://localhost:3000	::1
20260321	01:34:07	49eda223-7a43-49de-a262-56652412cac5	OPTIONS	/auth	http://localhost:3000	::1
20260321	01:34:07	5a1a8693-e4a7-4514-92f1-d1c308f06532	POST	/auth	http://localhost:3000	::1
20260321	01:34:09	1f7f8dce-f230-4d3a-ac5a-639b95e2ed10	OPTIONS	/auth/refresh	http://localhost:3000	::1
20260321	01:34:09	d8577e9b-f4b7-4c1d-b6cf-1b887dec80bf	GET	/auth/refresh	http://localhost:3000	::1
20260321	01:34:48	719e3df9-5d50-4ba3-bf1e-bd76279b294f	GET	/auth/refresh	http://localhost:3000	::1
20260321	01:35:54	6b0f75d1-f3d8-4738-90b1-c089af405ebd	GET	/auth/refresh	http://localhost:3000	::1
20260321	01:36:53	a9cdbb1c-8e53-4ab1-a7e0-8032e25f8ecc	GET	/auth/refresh	http://localhost:3000	::1
20260321	01:37:08	ac6be5d5-0531-48f7-a602-7dcbe345eee8	GET	/auth/refresh	http://localhost:3000	::1
20260321	01:38:40	8921bcf8-1af6-4a6d-85f2-567c89246d14	GET	/auth/refresh	http://localhost:3000	::1
20260321	01:40:15	a6992563-a460-48aa-b1e2-1e63a0c0eb9c	GET	/auth/refresh	http://localhost:3000	::1
20260321	01:41:56	9093abfa-be0a-469f-a569-00ca2c100790	GET	/auth/refresh	http://localhost:3000	::1
20260321	01:49:14	7bdd9d8b-90fb-4310-aab8-4be6a48edce8	OPTIONS	/auth/refresh	http://localhost:3000	::1
20260321	01:49:14	da359790-fca8-4412-b7ea-cbd1b1b5be33	GET	/auth/refresh	http://localhost:3000	::1
20260321	01:54:21	01958985-da08-4a12-8481-5d4e46a1919f	OPTIONS	/auth/refresh	http://localhost:3000	::1
20260321	01:54:21	f6795c29-f868-451d-a7d1-fb273fd5647f	GET	/auth/refresh	http://localhost:3000	::1
20260321	01:57:38	c1b01591-83f0-424c-8855-132f64f4f0d5	GET	/auth/refresh	http://localhost:3000	::1
20260321	01:58:55	f0dfa9c3-3835-4ccb-9756-fb727f280eec	OPTIONS	/auth/logout	http://localhost:3000	::1
20260321	01:58:55	f25d39b9-0995-46d6-90eb-122ba7c5f7a4	POST	/auth/logout	http://localhost:3000	::1
20260321	01:59:20	c065e7d3-b5e7-4fc5-b452-72be5d1e1333	GET	/auth/refresh	http://localhost:3000	::1
20260321	02:00:02	ec5f3aef-6a1b-4209-a333-e25f04ac3d5b	GET	/auth/refresh	http://localhost:3000	::1
20260321	02:00:28	6763a100-88e2-434f-af80-9a2070d2668d	GET	/auth/refresh	http://localhost:3000	::1
20260321	02:05:21	ed984083-7923-4da1-a147-c6c3cf78da15	GET	/auth/refresh	http://localhost:3000	::1
20260321	02:08:54	11fd839f-0ee8-40cc-a0c8-e10d324c3bf8	GET	/auth/refresh	http://localhost:3000	::1
20260321	02:09:54	a042b4a0-3a76-467e-aae9-32297614fbed	OPTIONS	/auth	http://localhost:3000	::1
20260321	02:09:54	668638c5-96f9-4aa4-8891-c0be918ca25a	POST	/auth	http://localhost:3000	::1
20260321	02:09:55	4fc5160f-def3-4d24-a2d5-eeda1521d78a	OPTIONS	/auth/refresh	http://localhost:3000	::1
20260321	02:09:55	82bbf405-0f44-4fd9-b9ba-0940af0b895d	GET	/auth/refresh	http://localhost:3000	::1
20260321	02:10:06	09424370-6e6c-4406-91ea-698c7a2933c7	GET	/auth/refresh	http://localhost:3000	::1
20260321	02:10:30	aa30ea56-a017-44bd-8dfc-3a99d28ce587	GET	/auth/refresh	http://localhost:3000	::1
20260321	02:10:30	d5a7ef24-aeba-4c13-8354-c3eed33c151e	OPTIONS	/auth/logout	http://localhost:3000	::1
20260321	02:10:30	4e27b1a7-37cb-4caf-9ef9-455bcb2c8511	POST	/auth/logout	http://localhost:3000	::1
20260321	02:27:46	ae0b5f72-906c-49da-8930-c52c1a754716	OPTIONS	/auth/register	http://localhost:3000	::1
20260321	02:27:46	40574fcc-df45-4051-9112-0ae9d0c66134	POST	/auth/register	http://localhost:3000	::1
20260321	02:28:30	cc80c139-42c6-49c3-8273-c9dfbcc0def7	OPTIONS	/auth/register	http://localhost:3000	::1
20260321	02:28:30	d7152ea5-48c0-47e2-b6c5-589662434fae	POST	/auth/register	http://localhost:3000	::1
20260321	02:28:32	c66d5913-1d1c-4275-b700-364ed7d85652	POST	/auth/register	http://localhost:3000	::1
20260321	02:28:49	5d6643e7-bfc1-48fe-8c36-0b1f89d91876	OPTIONS	/auth/register	http://localhost:3000	::1
20260321	02:28:49	ee5e8da1-a1eb-484f-8920-c079cee4814e	POST	/auth/register	http://localhost:3000	::1
20260321	02:29:01	27555fc8-ec3e-4835-a207-61a07438f331	OPTIONS	/auth/register	http://localhost:3000	::1
20260321	02:29:01	3341f52d-1d10-4d21-880d-9a0398c11830	POST	/auth/register	http://localhost:3000	::1
20260321	02:35:48	8b4e5b7b-8237-4021-aaf6-be5e53317fcb	OPTIONS	/auth/register	http://localhost:3000	::1
20260321	02:35:48	0853fa0c-c6c5-45a1-b4ba-09536aec2b61	POST	/auth/register	http://localhost:3000	::1
20260321	02:41:52	5e079cb8-43a9-429f-adb0-85a794419494	OPTIONS	/auth/register	http://localhost:3000	::1
20260321	02:41:52	cb6a4f92-90b8-4b12-b273-181d1c4e9047	POST	/auth/register	http://localhost:3000	::1
20260321	02:46:42	83ac6e13-e812-4d4c-a271-0c8ef7351515	OPTIONS	/auth/register	http://localhost:3000	::1
20260321	02:46:42	05ed9cc1-1fce-456f-937e-8c3dc66be654	POST	/auth/register	http://localhost:3000	::1
20260321	02:53:19	bf083bbb-a4b3-40f2-b07b-20ced4accb49	OPTIONS	/auth/google	http://localhost:3000	::1
20260321	02:53:19	5618497b-ab98-47d6-9820-44b2f18432ae	POST	/auth/google	http://localhost:3000	::1
20260321	02:56:02	0773d399-a7f9-4885-ba88-6c33c7f84c58	GET	/test	undefined	::ffff:127.0.0.1
20260321	03:08:22	57c02aff-90b3-406d-92a9-438b219358bc	OPTIONS	/auth	http://localhost:3000	::1
20260321	03:08:23	2f4e8e3d-b3f6-4dd5-94cc-854958e741d9	POST	/auth	http://localhost:3000	::1
20260321	03:08:24	45cc5d15-9f38-4c5f-a2c9-97ad9db3748a	OPTIONS	/auth/refresh	http://localhost:3000	::1
20260321	03:08:24	dba0db55-1538-4073-ae24-2c85c7c71bf9	GET	/auth/refresh	http://localhost:3000	::1
20260321	03:08:41	3935c244-0b7b-4eee-b8b5-6d955d72a2ed	GET	/auth/refresh	http://localhost:3000	::1
20260321	03:10:34	49a97093-b457-4ed4-bbec-bdc40f07f9ba	OPTIONS	/auth/logout	http://localhost:3000	::1
20260321	03:10:34	7ab6360c-0eb3-4bc1-83cf-548bebe86047	POST	/auth/logout	http://localhost:3000	::1
20260321	03:33:51	4442b34a-b46d-4c8c-b8ff-c137ee49ec76	OPTIONS	/auth/verify	http://localhost:3000	::1
20260321	03:33:51	c7fffa49-3e54-465d-a377-113006cbbf00	POST	/auth/verify	http://localhost:3000	::1
20260321	03:35:32	5d36cccd-5010-4a81-b752-f98013be9ae9	OPTIONS	/auth/verify	http://localhost:3000	::1
20260321	03:35:32	1191137a-3ea6-4033-9e65-a2fb8a7498ed	POST	/auth/verify	http://localhost:3000	::1
20260321	03:41:01	fde41a63-ee55-4da1-b39f-f8b23746ad7c	OPTIONS	/auth/verify	http://localhost:3000	::1
20260321	03:41:01	b1904fe6-88dd-43cd-9bb6-7e3c8fc9827c	POST	/auth/verify	http://localhost:3000	::1
20260321	03:50:23	d58d4d11-4eb8-4fec-b48a-4a91835adeba	OPTIONS	/auth/register	http://localhost:3000	::1
20260321	03:50:23	57e1c357-7748-4e2f-8e1c-93749e7f642d	POST	/auth/register	http://localhost:3000	::1
20260321	03:58:34	8239d89d-5745-47d0-a98a-2bad5e6195ec	OPTIONS	/auth/verify	http://localhost:3000	::1
20260321	03:58:34	b0d89a69-7e89-414d-8847-f2809957de86	POST	/auth/verify	http://localhost:3000	::1
20260321	04:00:49	527b1b60-999e-42a1-a422-27ab707c206b	OPTIONS	/auth/verify	http://localhost:3000	::1
20260321	04:00:49	ecd48d7a-93cd-4ced-8481-f7a067f1d69a	POST	/auth/verify	http://localhost:3000	::1
20260321	04:04:16	07bdf643-37d2-4d17-9bd8-0077154a3dd0	POST	/auth/verify/69be07701a858e1f238e7abf/9cc3de6e48ea0e86ebe6e0e9784418acee7f327b268b268a77515b34e04a6dda	http://localhost:3000	::1
20260321	04:05:32	86767533-6ef2-4fef-bb69-c290f6ec0b8a	POST	/auth/verify//	http://localhost:3000	::1
20260321	04:05:37	b92359a6-c68d-4d46-8b10-694e251b0d15	POST	/auth/verify/69be07701a858e1f238e7abf/9cc3de6e48ea0e86ebe6e0e9784418acee7f327b268b268a77515b34e04a6dda	http://localhost:3000	::1
20260321	04:34:42	b2c88835-948c-4a12-8b78-1853afcea3b4	OPTIONS	/auth/forgot	http://localhost:3000	::1
20260321	04:34:42	e2c9c667-0894-41f2-8080-83f1d8765fd7	POST	/auth/forgot	http://localhost:3000	::1
20260321	04:41:21	d5cebb3d-0487-46ca-8a5c-c80fca8945a5	OPTIONS	/auth/forgot	http://localhost:3000	::1
20260321	04:41:21	b24b6493-5504-4a1b-bfca-9c8c335e7989	POST	/auth/forgot	http://localhost:3000	::1
20260321	04:50:00	5d1515f3-ada3-496e-8eeb-496a13eaa8fe	OPTIONS	/auth/forgot	http://localhost:3000	::1
20260321	04:50:00	b82c2401-c5e5-44f1-996d-91ecd62e4a2b	POST	/auth/forgot	http://localhost:3000	::1
20260321	05:22:23	870b3005-31b4-4f8e-a55d-71b76a16da89	OPTIONS	/auth/reset/	http://localhost:3000	::1
20260321	05:22:23	1a30dfcb-d7c8-48f8-875f-1be444706faa	POST	/auth/reset/	http://localhost:3000	::1
20260321	05:29:56	98102fd5-e7e4-438a-820f-18f77c7d9ce8	OPTIONS	/auth/reset/	http://localhost:3000	::1
20260321	05:29:56	a5c874ac-336a-49c8-86eb-b8818cfc53fb	POST	/auth/reset/	http://localhost:3000	::1
20260321	05:33:20	c0710568-180d-458f-bc3c-a4d544d81952	OPTIONS	/auth/forgot	http://localhost:3000	::1
20260321	05:33:20	2aff5c97-4658-49e9-87c1-445f8815c70a	POST	/auth/forgot	http://localhost:3000	::1
20260321	05:33:35	3b1b7a15-8610-4d25-ba27-9ff36dfb92cf	OPTIONS	/auth/forgot	http://localhost:3000	::1
20260321	05:33:35	569370bc-d4ef-4252-b469-8aaed664b262	POST	/auth/forgot	http://localhost:3000	::1
20260321	05:36:58	347490f0-f832-4a95-ac9f-a4d8a944441c	OPTIONS	/auth/reset/e761d664946e961393cd3032e83a6d61808c36c7c1df7cea195e83be80419515	http://localhost:3000	::1
20260321	05:36:58	5dcf4f97-3a3f-489b-8058-a944f1238c72	POST	/auth/reset/e761d664946e961393cd3032e83a6d61808c36c7c1df7cea195e83be80419515	http://localhost:3000	::1
20260321	05:44:08	7322c08b-8fd8-47d6-a1c9-a090027cadd5	OPTIONS	/auth	http://localhost:3000	::1
20260321	05:44:08	69b27d32-f85d-4081-b8da-7c6f44ee68d8	POST	/auth	http://localhost:3000	::1
20260321	05:44:08	6dfceeed-7fc3-4434-ad97-b4d56df38565	GET	/auth/refresh	http://localhost:3000	::1
20260321	05:44:13	090cdbb2-4a8a-4387-b3da-0d83138c7bec	OPTIONS	/auth	http://localhost:3000	::1
20260321	05:44:13	e7fefe37-a968-4f10-a31c-8b53a70498ec	POST	/auth	http://localhost:3000	::1
20260321	05:44:15	0b91182f-2b05-42ff-b6fd-a63b2c896748	OPTIONS	/auth/refresh	http://localhost:3000	::1
20260321	05:44:15	873e77c9-5c67-43bc-8854-2d766c2913b6	GET	/auth/refresh	http://localhost:3000	::1
20260321	05:46:17	b6249047-92f4-4418-925d-dd9011620e22	OPTIONS	/auth/logout	http://localhost:3000	::1
20260321	05:46:17	40d9fcf2-9ceb-4176-84ff-c516059bc58a	POST	/auth/logout	http://localhost:3000	::1
20260321	05:46:26	fde9e975-3094-4468-8d98-ac4b31fbf4d0	OPTIONS	/auth	http://localhost:3000	::1
20260321	05:46:26	40f2ed18-3cce-4360-9e2f-b8d5435bc9e6	POST	/auth	http://localhost:3000	::1
20260321	05:46:27	947fdd42-b4df-488f-ad0e-798928890b02	OPTIONS	/auth/refresh	http://localhost:3000	::1
20260321	05:46:27	bca98148-6f14-4220-86d7-7c453e351715	GET	/auth/refresh	http://localhost:3000	::1
20260321	05:47:06	998a6fea-d176-4788-b339-c330d7a06877	OPTIONS	/auth	http://localhost:3000	::1
20260321	05:47:06	c4444c92-455a-45b6-bbb7-a690830f18a7	POST	/auth	http://localhost:3000	::1
20260321	05:47:07	a44ede60-6d6b-4ed4-8482-ff9674002c5e	OPTIONS	/auth/refresh	http://localhost:3000	::1
20260321	05:47:07	7650ee87-d80b-4745-bf69-49e2fc522abe	GET	/auth/refresh	http://localhost:3000	::1
20260321	05:48:15	67004020-cb9a-4eaa-8cb1-cc40253fb7c6	OPTIONS	/auth	http://localhost:3000	::1
20260321	05:48:15	fbdb36e7-e66a-4669-8a6a-804a05b9ca02	POST	/auth	http://localhost:3000	::1
20260321	05:48:15	8c38586b-c06e-4cd5-a744-224957be3a04	GET	/auth/refresh	http://localhost:3000	::1
20260321	05:50:23	82a17da3-703e-4839-98b2-7a720a188891	OPTIONS	/auth	http://localhost:3000	::1
20260321	05:50:23	94395301-78df-44f8-9219-1ca50af65f40	POST	/auth	http://localhost:3000	::1
20260321	05:51:50	3de15653-2cf7-4f97-b81b-764854eff144	OPTIONS	/auth	http://localhost:3000	::1
20260321	05:51:50	89845b5e-16c4-4781-ba9e-e55daa08152b	POST	/auth	http://localhost:3000	::1
20260321	05:52:56	dafe2609-26f3-4ebc-8fa8-ac797309823b	OPTIONS	/auth	http://localhost:3000	::1
20260321	05:52:56	9ce70fb3-1770-4807-8370-80cd86635b1b	POST	/auth	http://localhost:3000	::1
20260321	05:52:58	ae8a3bd8-fe0e-4dec-96a7-721b138598fe	OPTIONS	/auth/refresh	http://localhost:3000	::1
20260321	05:52:58	62604202-bb57-4679-9f9e-89df83c4a454	GET	/auth/refresh	http://localhost:3000	::1
20260321	11:46:45	d7887ad2-4497-4ce9-8dc9-c9b429f0a819	GET	/application/courses	http://localhost:3000	::1
20260321	11:57:20	7e0418db-af20-4a13-8c6e-17331e4c2f0f	GET	/test	undefined	::ffff:127.0.0.1
20260321	12:00:48	3e2017cd-3c5e-4154-a19a-5ffc4b07565d	GET	/application/courses	http://localhost:3000	::1
20260321	12:06:21	08c433e6-3b8a-4876-b0ef-ccd357561dab	GET	/application/courses	http://localhost:3000	::1
20260321	12:11:19	a11ddd11-2ef9-4dc7-9a57-90846a25c556	GET	/test	undefined	::ffff:127.0.0.1
20260321	12:54:36	0be765c7-7799-47fd-97cc-9b256ed99c55	GET	/test	undefined	::ffff:127.0.0.1
20260321	13:46:08	97c9e57a-42bb-4eef-96ff-431723b9ab25	GET	/test	undefined	::ffff:127.0.0.1
20260321	13:46:52	b56fce0f-bb12-4c88-a518-25f84d755e5c	GET	/test	undefined	::ffff:127.0.0.1
20260321	13:47:11	01e1fcef-b296-471f-b5aa-215a9e145e56	GET	/test	undefined	::ffff:127.0.0.1
20260321	14:16:51	fbcdb19c-8a41-4425-8920-d0f2ccd9c0c2	GET	/auth/refresh	http://localhost:3000	::1
20260321	14:16:51	dc30f9fd-acf3-4fac-a368-d5bdcb2b2ee7	GET	/application/courses	http://localhost:3000	::1
20260321	14:42:52	6acda189-1e06-42bf-9cf8-6c47dba5f464	GET	/test	undefined	::ffff:127.0.0.1
20260321	14:43:40	1be131a3-3125-4447-91e6-2e9b34c4be43	OPTIONS	/application/courses	http://localhost:3000	::1
20260321	14:43:40	e207ebcc-568f-45bf-a7ca-be313abc05ac	GET	/application/courses	http://localhost:3000	::1
20260321	14:43:51	1629d19d-d00e-4835-bd4d-ad291e7f2709	GET	/application/courses	http://localhost:3000	::1
20260321	14:43:51	d3161575-9f72-4d78-be74-7c4658d327f7	GET	/auth/refresh	http://localhost:3000	::1
20260321	14:44:03	ff3e04d5-5aa0-4cd3-8334-c5160f411f73	GET	/application/courses	http://localhost:3000	::1
20260321	14:44:03	5aa45f40-92e0-43b2-8d23-51dcb662b63f	GET	/auth/refresh	http://localhost:3000	::1
20260321	14:44:53	dfeb4e32-ae46-4c80-b90f-3fcd1164e1de	GET	/application/courses	http://localhost:3000	::1
20260321	14:44:53	64adf706-428e-4195-bbed-637733f6d356	GET	/auth/refresh	http://localhost:3000	::1
20260321	14:50:48	55ebe5e6-b2ca-4121-8f9e-706b4f3ed920	OPTIONS	/auth/refresh	http://localhost:3000	::1
20260321	14:50:48	c601134d-48d0-47a8-9bb1-a5147e51ab32	GET	/auth/refresh	http://localhost:3000	::1
20260321	14:52:33	ed58317e-f871-4bca-a0f6-4f414172007e	OPTIONS	/application/courses	http://localhost:3000	::1
20260321	14:52:33	f687009c-687e-4247-84c1-98ff6d54f9ff	GET	/application/courses	http://localhost:3000	::1
20260321	14:54:53	879ec719-3400-48b6-997c-316886eb2f6d	GET	/test	undefined	::ffff:127.0.0.1
20260321	14:58:12	f545aac0-226d-4868-8a61-7df550302940	GET	/test	undefined	::ffff:127.0.0.1
20260321	14:59:07	d02100f1-1520-4eef-bdb2-54b3efedafc4	GET	/test	undefined	::ffff:127.0.0.1
20260321	15:01:51	37860e52-7e02-4e8e-9aef-de5b9bb6dcd2	OPTIONS	/auth/refresh	http://localhost:3000	::1
20260321	15:01:51	d35b9f76-a3b7-4df5-972f-cb61eddcb0b4	GET	/auth/refresh	http://localhost:3000	::1
20260321	15:01:51	e6909603-7eed-4ad7-92e2-ef1e2d794568	OPTIONS	/application/courses	http://localhost:3000	::1
20260321	15:01:51	4fc49de8-cf37-49c6-8511-fafc11b0b744	GET	/application/courses	http://localhost:3000	::1
20260321	15:12:59	a16a78cd-21df-446a-80fa-837b360fbf44	GET	/test	undefined	::ffff:127.0.0.1
20260321	15:15:31	a9e87327-f93f-468b-a51f-baf193845195	GET	/test	undefined	::ffff:127.0.0.1
20260321	15:20:27	3fa07ae0-cc24-470f-b81a-dd2853a30617	GET	/application/courses	http://localhost:3000	::1
20260321	15:20:28	ff87b1e7-05c1-4b22-8e5e-6053958951ad	GET	/auth/refresh	http://localhost:3000	::1
20260321	15:21:07	7b0b6f45-dad6-4b9f-8432-aaffa40d5bde	GET	/application/courses	http://localhost:3000	::1
20260321	15:21:07	4ebc73ce-5087-4165-a7d0-9f0450d07146	GET	/auth/refresh	http://localhost:3000	::1
20260321	15:21:18	60282c4b-2da8-4e73-a630-daba5eead867	GET	/application/courses	http://localhost:3000	::1
20260321	15:21:18	924ef3d5-691b-4744-b343-51f3f3ebb0e5	GET	/auth/refresh	http://localhost:3000	::1
20260321	15:22:39	eae72120-59a4-4dcb-95a8-d667ca2a416a	GET	/test	undefined	::ffff:127.0.0.1
20260321	15:22:55	02b97a5c-8c8d-4819-81f2-28daddbf8c89	GET	/application/courses	http://localhost:3000	::1
20260321	15:22:55	4a08e94e-0b95-4459-954e-7cc7cc678f62	GET	/auth/refresh	http://localhost:3000	::1
20260321	15:25:20	dfb80d7c-e01a-4ec4-9a0f-500a563329c7	GET	/application/courses	http://localhost:3000	::1
20260321	15:25:21	db7f9b19-0a37-4a50-9749-aeb811f55bc6	GET	/auth/refresh	http://localhost:3000	::1
20260321	15:26:20	970989fd-020e-4026-9102-ffd608fd5c3e	GET	/application/courses	http://localhost:3000	::1
20260321	15:26:20	9f3a7888-66c3-4741-9b3a-0d5ebe5da3e4	GET	/auth/refresh	http://localhost:3000	::1
20260321	15:26:47	966b380c-7832-47fe-a881-2b430b088195	GET	/application/courses	http://localhost:3000	::1
20260321	15:26:47	71a02218-da19-405d-9b98-76e64e24c35b	GET	/auth/refresh	http://localhost:3000	::1
20260321	15:36:58	000cf4de-7aee-4ba5-af30-f12e02445d1a	GET	/application/courses	http://localhost:3000	::1
20260321	15:37:00	b816790f-dbe6-4644-b0fc-e752918eabe8	GET	/application/categories	http://localhost:3000	::1
20260321	15:37:00	055eb81f-394e-4d56-a167-5010f7c6c577	GET	/auth/refresh	http://localhost:3000	::1
20260321	15:38:41	cf39ff08-f4e6-4400-acd3-5a3be48c42f0	GET	/application/courses	http://localhost:3000	::1
20260321	15:38:41	22a1d9aa-402d-4800-b8d0-52d8f02d5e7c	GET	/application/categories	http://localhost:3000	::1
20260321	15:38:41	a9f81c7b-8e1f-4949-811d-e146ddcb97f6	GET	/auth/refresh	http://localhost:3000	::1
20260321	15:38:42	13636ea1-25e3-45a4-aa5a-823f5435dde9	OPTIONS	/application/categories	http://localhost:3000	::1
20260321	15:38:42	db6bcd5f-87ec-4d88-aa54-f70ce9bf2d0b	GET	/application/categories	http://localhost:3000	::1
20260321	15:43:37	af6f0992-c071-4215-abc8-a43b251f46d3	OPTIONS	/application/categories	http://localhost:3000	::1
20260321	15:43:38	aed14892-cdc8-4aaf-9e71-1436ba7c1095	GET	/application/categories	http://localhost:3000	::1
20260321	15:43:39	3ad27943-b572-4d26-9908-3d9da0966fd6	GET	/application/categories	http://localhost:3000	::1
20260321	15:43:51	693c9297-9bce-4392-8c2e-c5d8b00ffd17	GET	/application/courses	http://localhost:3000	::1
20260321	15:43:51	e424f2e0-91d9-4090-951b-3af6e72f2c67	GET	/application/categories	http://localhost:3000	::1
20260321	15:43:51	10c702f2-a9af-4ab1-b243-64cc409669ed	GET	/auth/refresh	http://localhost:3000	::1
20260321	15:43:52	6fa2f87a-c981-4918-a3f8-97b83ca6df6c	OPTIONS	/application/categories	http://localhost:3000	::1
20260321	15:43:52	adf23e16-64ac-412d-a578-1e33b46815a7	GET	/application/categories	http://localhost:3000	::1
20260321	15:45:11	ea4f2e91-6deb-4f62-bc7f-3d7c6b84760e	OPTIONS	/application/categories	http://localhost:3000	::1
20260321	15:45:11	cb7bacb5-4a1f-4d8d-85bb-51f73b0ab40f	GET	/application/categories	http://localhost:3000	::1
20260321	15:45:16	d6af79e5-0a71-4ce2-a571-74d62cd7c988	OPTIONS	/application/categories	http://localhost:3000	::1
20260321	15:45:16	a8f56a3b-97fb-425f-a136-dd91c47a2101	GET	/application/categories	http://localhost:3000	::1
20260321	15:45:24	b0ec84ce-8543-4fa5-a220-1c0934cc8677	GET	/application/courses	http://localhost:3000	::1
20260321	15:45:24	968c96cf-8595-4c86-bda1-849f830dc2ca	GET	/application/categories	http://localhost:3000	::1
20260321	15:45:24	c3a0ef56-6e2f-47b0-97cd-aea3f595e36b	GET	/auth/refresh	http://localhost:3000	::1
20260321	15:45:26	c7c36888-e63c-419d-96ca-9ead4840a638	OPTIONS	/application/categories	http://localhost:3000	::1
20260321	15:45:26	985e6a30-bbf2-406e-9788-e6dce716aa13	GET	/application/categories	http://localhost:3000	::1
20260321	15:46:12	b4d69165-29ad-4469-8724-66ef97e886c9	OPTIONS	/application/categories	http://localhost:3000	::1
20260321	15:46:12	2c7e0259-2d0a-4fff-b78e-6cfb63eed6a7	GET	/application/categories	http://localhost:3000	::1
20260321	15:46:19	0bc333f1-99e2-441a-b12b-dd68c17dd5e3	OPTIONS	/application/courses/categories	http://localhost:3000	::1
20260321	15:46:19	5ab2b07d-46e9-4d24-b087-314bbbfd1d7c	GET	/application/courses/categories	http://localhost:3000	::1
20260321	15:46:28	97ce32c5-ca33-4268-9dad-718bf70334e8	GET	/application/courses	http://localhost:3000	::1
20260321	15:46:28	ab1671a1-4296-4beb-b4c8-bee97dfb0e86	GET	/application/courses/categories	http://localhost:3000	::1
20260321	15:46:28	0fa9cd08-204f-4b00-9059-5388280968a3	GET	/auth/refresh	http://localhost:3000	::1
20260321	15:48:50	e8f448be-198c-4062-91a2-c0b9b8e50151	GET	/admission/courses/catgories	undefined	::ffff:127.0.0.1
20260321	15:48:59	461cfd3b-96b8-4bd9-aecf-b124b4b49656	GET	/application/courses/catgories	undefined	::ffff:127.0.0.1
20260321	15:49:25	843e51ac-7b0b-41ed-ab7b-5567651372fb	GET	/application/courses/categories	undefined	::ffff:127.0.0.1
20260321	15:50:32	a12734da-8850-4ebd-9f27-a83d082ccc2e	OPTIONS	/application/courses	http://localhost:3000	::1
20260321	15:50:32	5c123a25-6c5b-4e6c-84e2-5fbc3175af0f	OPTIONS	/application/courses/categories	http://localhost:3000	::1
20260321	15:50:32	5e772afc-efc8-4774-8ae3-8bfcc5029029	OPTIONS	/auth/refresh	http://localhost:3000	::1
20260321	15:50:32	ac50da84-fb18-4821-9238-a1eac307f7c8	GET	/application/courses	http://localhost:3000	::1
20260321	15:50:32	e9ec1849-e3ae-42a6-a46c-926bec05303b	GET	/application/courses/categories	http://localhost:3000	::1
20260321	15:50:32	162857af-6870-4bef-9075-c67c1339e2d4	GET	/auth/refresh	http://localhost:3000	::1
20260321	15:50:58	04d46535-05b5-499c-9f7c-c8a84c64fd17	GET	/application/courses	http://localhost:3000	::1
20260321	15:50:58	aa650529-2ba3-43c4-8e82-6d4dc1eaf2f4	GET	/application/courses/categories	http://localhost:3000	::1
20260321	15:50:58	add9d465-b508-4bb2-8ac6-1754c5bd972e	GET	/auth/refresh	http://localhost:3000	::1
20260321	15:51:38	fdbdb62c-4610-4c34-9e66-227c86d08ea7	GET	/application/courses	http://localhost:3000	::1
20260321	15:51:38	45db7538-751c-416a-98ca-dcf4a642faad	GET	/application/courses/categories	http://localhost:3000	::1
20260321	15:51:38	909e7d28-ba29-4315-8963-b4ba9faf17e7	GET	/auth/refresh	http://localhost:3000	::1
20260321	15:53:06	eff567a8-4671-4183-a483-c7b38c3cfd11	GET	/application/courses/	undefined	::ffff:127.0.0.1
20260321	15:53:30	211347f6-57e6-4e41-836b-cab7d38ffda6	GET	/application/courses/	undefined	::ffff:127.0.0.1
20260321	15:54:20	0ea78027-bd29-480c-ae6e-fe9d41faccca	GET	/application/courses	http://localhost:3000	::1
20260321	15:54:20	1e129e41-1ed7-4d80-88f6-ba8988a56bca	GET	/application/courses/categories	http://localhost:3000	::1
20260321	15:54:20	703397a0-4eae-4759-bbb4-a580a82780af	GET	/auth/refresh	http://localhost:3000	::1
20260321	16:09:58	82c561c8-3b02-4f49-86fd-221423de37d5	GET	/application/courses	http://localhost:3000	::1
20260321	16:09:58	af672232-9b31-4330-ab14-97328a857dc0	GET	/application/courses/categories	http://localhost:3000	::1
20260321	16:09:58	0342b76c-29b0-4813-b214-c42b919d4f0a	GET	/auth/refresh	http://localhost:3000	::1
20260321	17:09:23	2283adf5-4de6-4a89-9c94-5cd5af7e9998	GET	/application/courses	http://localhost:3000	::1
20260321	17:09:23	6f8b521d-e46a-4b6b-b239-a852fbd7a49e	GET	/application/courses/categories	http://localhost:3000	::1
20260321	17:09:23	da494961-ab86-4c26-b13d-13d1008c300c	GET	/auth/refresh	http://localhost:3000	::1
20260321	18:30:32	1b44fcbe-aa6f-4423-b97d-e2fe7f6ed3d6	GET	/application/courses	http://localhost:3000	::1
20260321	18:30:32	1338fd18-7c77-4c74-9ca3-4e27c9a262e9	GET	/application/courses/categories	http://localhost:3000	::1
20260321	18:30:32	26e8ca83-ddc7-4e7b-b5ce-216e56ba2e4f	GET	/auth/refresh	http://localhost:3000	::1
20260321	19:08:21	4ed8a513-fc3d-44c2-a5d6-44ca0bca0362	GET	/application/courses	http://localhost:3000	::1
20260321	19:08:21	5b198f80-7314-4598-8f11-fbdfa61e7e81	GET	/auth/refresh	http://localhost:3000	::1
20260321	19:08:21	fd3bb45a-6b23-4783-ab62-79524d558b7a	GET	/application/courses/categories	http://localhost:3000	::1
20260321	19:15:51	6bcc11fa-6268-4d53-9dd6-ef458c20fad1	OPTIONS	/auth/refresh	http://localhost:3000	::1
20260321	19:15:51	45bdb301-8f59-4f05-bd37-ea83db987761	GET	/auth/refresh	http://localhost:3000	::1
20260321	19:16:08	f316b291-2995-4c4c-a9f0-c4eefa79286d	GET	/application/courses	http://localhost:3000	::1
20260321	19:16:08	0bfb6063-aee4-439c-8788-69c8700dd591	GET	/application/courses/categories	http://localhost:3000	::1
20260321	19:16:08	34539758-f343-41e7-abc5-6eff6c7c89d7	GET	/auth/refresh	http://localhost:3000	::1
20260321	19:25:40	223578a6-469f-4939-8a2d-2c9bd8148ba0	OPTIONS	/application/courses	http://localhost:3000	::1
20260321	19:25:40	5b0eb6ac-e2b2-4490-9fc6-e15e9f951322	GET	/application/courses	http://localhost:3000	::1
20260321	19:25:53	4e416c4f-2227-4c89-910d-f20f995da282	GET	/application/courses	http://localhost:3000	::1
20260321	19:25:53	4411a70a-247d-4dd8-9ba8-a3d2d9859679	GET	/application/courses/categories	http://localhost:3000	::1
20260321	19:25:53	bf9d4b63-ab9b-4839-b54a-5797d9ec50bc	GET	/auth/refresh	http://localhost:3000	::1
20260321	19:27:06	52ec333b-4859-40a9-8120-ab69a894005d	GET	/application/courses	http://localhost:3000	::1
20260321	19:27:06	fad9aee9-d51e-4bea-b3c3-2a487f3594df	GET	/application/courses/categories	http://localhost:3000	::1
20260321	19:27:06	dc3349dc-b2c6-4fd6-b5d5-04bdfb81dbb9	GET	/auth/refresh	http://localhost:3000	::1
20260321	19:32:17	f88ffc66-6141-42e4-b66b-cbeebd49e23c	OPTIONS	/application/courses	http://localhost:3000	::1
20260321	19:32:17	e5ffc887-b617-4228-af02-49e3f19f8183	GET	/application/courses	http://localhost:3000	::1
20260321	19:38:08	c5727ea9-06d5-4001-9b92-ccb9106decbe	OPTIONS	/application/courses	http://localhost:3000	::1
20260321	19:38:08	3b94573b-edd6-4050-8b7a-86d16881b5ad	GET	/application/courses	http://localhost:3000	::1
20260321	19:49:16	73ea52ac-f66c-418f-8b87-208bde5b1843	GET	/application/courses	http://localhost:3000	::1
20260321	19:49:16	27ad4a6b-d89e-4c1c-9cdd-d7aa98fb8e1d	GET	/application/courses/categories	http://localhost:3000	::1
20260321	19:49:16	5cae4b85-ced7-45a5-89c3-893394a546c2	GET	/auth/refresh	http://localhost:3000	::1
20260321	20:36:50	bfe37e6d-1c06-4c0b-a1ad-311b18b77c33	OPTIONS	/auth	http://localhost:3000	::1
20260321	20:36:50	0054d656-6583-40e3-8ce5-5633cf7c917a	POST	/auth	http://localhost:3000	::1
20260321	20:37:00	c0c81251-335c-4e6c-a71c-5a24cc90d9ce	OPTIONS	/auth	http://localhost:3000	::1
20260321	20:37:00	3dfc8659-e0aa-4436-9c00-d027f3e06043	POST	/auth	http://localhost:3000	::1
20260321	20:37:02	8489994e-ab01-4768-be89-1e490acfaec4	OPTIONS	/application/courses	http://localhost:3000	::1
20260321	20:37:02	ca8045cf-39a4-42f6-a405-a82fc765203a	OPTIONS	/auth/refresh	http://localhost:3000	::1
20260321	20:37:02	68872e2f-29a1-42cc-b3a1-1be18776ab55	GET	/application/courses	http://localhost:3000	::1
20260321	20:37:02	bbff1475-8481-48ae-87f7-01e97375097f	GET	/auth/refresh	http://localhost:3000	::1
20260321	20:37:14	81d16edd-1931-47b2-91c7-6a4f11942f0e	OPTIONS	/application/courses/categories	http://localhost:3000	::1
20260321	20:37:14	f533abf9-248a-4b08-a1e7-00bc4e4a8b23	GET	/application/courses/categories	http://localhost:3000	::1
20260321	20:49:54	468aa1ca-2fcf-43d5-a1fa-7cda0fb0dda8	GET	/application/courses	http://localhost:3000	::1
20260321	20:49:54	64734dd5-8b4c-4d00-a0ae-94dcc29f21ae	GET	/auth/refresh	http://localhost:3000	::1
20260321	21:43:16	bd51e262-c5f3-4c98-8f52-3d1bbfc5b995	GET	/application/courses	http://localhost:3000	::1
20260321	21:43:16	ddf0ebcb-dfa0-4b0b-88c1-49a081e21252	GET	/auth/refresh	http://localhost:3000	::1
20260321	21:43:19	ea00a6db-df1a-4534-8ec4-721c050a7bc7	OPTIONS	/application/courses/categories	http://localhost:3000	::1
20260321	21:43:19	111d867c-ff0c-45d7-bac6-0d3edb6455e3	GET	/application/courses/categories	http://localhost:3000	::1
20260321	22:05:21	c280d948-2fdc-4f14-b85a-ed4bc1d60670	OPTIONS	/auth	http://localhost:3000	::1
20260321	22:05:21	53683b1b-5c12-491b-9f28-132b6696f4c9	POST	/auth	http://localhost:3000	::1
20260321	22:05:23	869bf93e-72ab-4d9e-aa26-6ef2762e9f75	OPTIONS	/application/courses	http://localhost:3000	::1
20260321	22:05:23	ff78333a-e4c7-4bda-a0f7-f592f7d6220a	OPTIONS	/auth/refresh	http://localhost:3000	::1
20260321	22:05:23	9b8a66b4-d026-4810-94e1-04dbaac676d8	GET	/application/courses	http://localhost:3000	::1
20260321	22:05:23	955e4268-806f-41e3-8f15-f2828b9a020a	GET	/auth/refresh	http://localhost:3000	::1
20260321	22:05:29	4ac4d041-c7e9-4f06-895c-cdd79d4bc9c2	OPTIONS	/application/courses/categories	http://localhost:3000	::1
20260321	22:05:29	a6a23648-c4fd-424d-9a16-c2898f42e260	GET	/application/courses/categories	http://localhost:3000	::1
20260321	22:27:39	7eaed922-de60-4fad-a8de-79c099aad330	GET	/application/courses	http://localhost:3000	::1
20260321	22:27:39	24d38cb9-b7f9-472d-b69f-a6fe0aed43f1	GET	/auth/refresh	http://localhost:3000	::1
20260321	22:32:24	12e4cc91-57fe-46db-8c53-318d3933d43b	OPTIONS	/application/courses/categories	http://localhost:3000	::1
20260321	22:32:24	fb3cfa2a-0045-400f-9a3f-4c36c718e42e	GET	/application/courses/categories	http://localhost:3000	::1
20260321	22:37:36	9e4cd59a-f371-4402-966a-f811e4596013	OPTIONS	/application/courses	http://localhost:3000	::1
20260321	22:37:36	cbc88d3a-7745-47b8-ba2d-eed9335a338e	OPTIONS	/auth/refresh	http://localhost:3000	::1
20260321	22:37:36	562c891f-59b0-4fb2-a032-cd86903b7639	GET	/application/courses	http://localhost:3000	::1
20260321	22:37:36	50f7be3e-c16a-44b9-8f3f-25e4de7c0c1e	GET	/auth/refresh	http://localhost:3000	::1
20260321	22:38:03	47d5bf16-52be-4c5c-997c-76bb5828e015	GET	/application/courses	http://localhost:3000	::1
20260321	22:38:03	0cf738d8-7572-48d3-866f-740c9ce6739a	GET	/auth/refresh	http://localhost:3000	::1
20260321	22:43:04	198c4779-3314-476e-8b18-afd4567f0a88	OPTIONS	/auth/refresh	http://localhost:3000	::1
20260321	22:43:04	add7b658-f034-4f7c-b50e-cf81785e2ce0	GET	/auth/refresh	http://localhost:3000	::1
20260321	22:45:09	72074f82-bdc6-4522-a810-6d48013790a3	OPTIONS	/application/courses	http://localhost:3000	::1
20260321	22:45:09	0788538b-419e-46b5-ab3d-b374144f474b	GET	/application/courses	http://localhost:3000	::1
20260322	09:10:35	d740e060-0500-46f4-aba9-9a2b191fba28	OPTIONS	/auth	http://localhost:3000	::1
20260322	09:10:35	fe9cb961-a1db-4be5-be50-37836e8c82d2	POST	/auth	http://localhost:3000	::1
20260322	09:10:43	9999fdf5-6ea9-4f0f-b47e-3f39be855073	OPTIONS	/auth	http://localhost:3000	::1
20260322	09:10:43	82bcbc0b-9848-44ab-9ee6-9a7351a3eb5a	POST	/auth	http://localhost:3000	::1
20260322	09:10:45	442ba5bb-2b37-46ad-86ec-6946822ee5f5	OPTIONS	/application/courses	http://localhost:3000	::1
20260322	09:10:45	07c0c85c-771f-424e-a79d-e4dc3144a9af	OPTIONS	/auth/refresh	http://localhost:3000	::1
20260322	09:10:45	b3cda844-77da-4c46-b7f3-417fa2fca169	GET	/application/courses	http://localhost:3000	::1
20260322	09:10:45	c25b5639-e457-49c5-b9a2-7de4628caaea	GET	/auth/refresh	http://localhost:3000	::1
20260322	09:11:46	3ec63c56-33bc-4f58-b0b2-08e90fc4e30d	OPTIONS	/application/courses/categories	http://localhost:3000	::1
20260322	09:11:46	714ef08c-618d-46f4-a773-b7920068a4b9	GET	/application/courses/categories	http://localhost:3000	::1
20260322	09:16:07	17c22d40-215e-4a05-a5c7-43eabab89154	OPTIONS	/application/courses	http://localhost:3000	::1
20260322	09:16:07	44805d85-5d40-4966-9019-8cc7f0402ead	GET	/application/courses	http://localhost:3000	::1
20260322	09:17:51	abb9a8de-f5ee-45f4-8e0d-6ed581200fd6	OPTIONS	/application/courses/categories	http://localhost:3000	::1
20260322	09:17:51	18bcf9db-c420-4dc3-b35a-eb9cb4e812da	GET	/application/courses/categories	http://localhost:3000	::1
20260322	09:21:53	7fff556f-8cee-4007-94a9-49a3358685aa	GET	/application/courses	http://localhost:3000	::1
20260322	09:21:53	f48d062b-e931-4cfe-b987-215808a9e905	GET	/application/courses/categories	http://localhost:3000	::1
20260322	09:21:53	9edf2408-ffd3-4f17-a241-0222a2a95d94	GET	/auth/refresh	http://localhost:3000	::1
20260322	09:23:38	b1e4e019-eca4-4f36-9bf2-7106e9777398	GET	/application/courses	http://localhost:3000	::1
20260322	09:23:38	0e415b4e-0cc8-4469-a210-0004c782cfea	GET	/auth/refresh	http://localhost:3000	::1
20260322	09:23:40	7a21a2a2-accc-4c75-aba7-a15b9c5cab6c	OPTIONS	/application/courses/categories	http://localhost:3000	::1
20260322	09:23:40	2b514426-66d7-4eaa-86d3-798879bbacb5	GET	/application/courses/categories	http://localhost:3000	::1
20260322	09:36:15	92f64bfb-5e7d-48cb-839f-734186c7406d	OPTIONS	/application/courses	http://localhost:3000	::1
20260322	09:36:15	69814304-3001-478e-8dd3-5743ae95a878	GET	/application/courses	http://localhost:3000	::1
20260322	09:50:55	ccf2600c-46ba-478d-acb5-981ebe32a69f	GET	/application/courses	http://localhost:3000	::1
20260322	09:50:55	63264dff-e0a8-4574-bcae-7250fb7584cc	GET	/auth/refresh	http://localhost:3000	::1
20260322	10:04:08	743aae82-a27a-4e3a-9df3-dc5ddf08279d	GET	/application/courses	http://localhost:3000	::1
20260322	10:04:08	86b3162a-939c-48b7-bf42-58f368d6983f	GET	/auth/refresh	http://localhost:3000	::1
20260322	10:51:07	7f26ff13-885d-45a7-a6a6-40981afd7ebe	OPTIONS	/application/courses	http://localhost:3000	::1
20260322	10:51:07	f597e9d6-72e4-4b3e-a45a-841a918cc1a3	OPTIONS	/application/courses/categories	http://localhost:3000	::1
20260322	10:51:07	213296b0-99d8-440c-9def-38d34e3f8474	GET	/application/courses	http://localhost:3000	::1
20260322	10:51:07	8066063e-f507-4bb2-a4a3-5e3ad905d3d0	GET	/application/courses/categories	http://localhost:3000	::1
20260322	10:54:42	a7e29e63-783f-44c2-9ae4-9287d6d4615d	GET	/auth/refresh	http://localhost:3000	::1
20260322	10:56:12	dfda11ff-2098-4217-8ebb-07e374826c45	GET	/auth/refresh	http://localhost:3000	::1
20260322	11:17:00	4630cb75-80b0-49e2-bc4c-45102bffbbb2	GET	/auth/refresh	http://localhost:3000	::1
20260322	11:17:45	ebdad55b-7b2f-4bbf-8792-336348261b8d	GET	/auth/refresh	http://localhost:3000	::1
20260322	11:26:32	1c4fa904-b5b9-4a7b-bed1-0afb27e784a1	GET	/auth/refresh	http://localhost:3000	::1
20260322	11:35:01	eaef5de1-bc90-4b80-ab5f-5ed89e3a11fb	GET	/auth/refresh	http://localhost:3000	::1
20260322	11:37:43	3c29729d-539a-4263-a04d-94fb47bd6226	GET	/auth/refresh	http://localhost:3000	::1
20260322	11:39:10	d4332a50-eacd-4174-8fc7-ce9496ccdd30	GET	/auth/refresh	http://localhost:3000	::1
20260322	12:06:20	c18c5bfa-66f8-49c0-9b44-23af74553ab0	GET	/auth/refresh	http://localhost:3000	::1
20260322	12:11:38	2d06d590-d3b6-4d2b-bdc9-509724347b78	GET	/auth/refresh	http://localhost:3000	::1
20260322	12:13:57	dcc555c1-e5b6-4c46-8336-417a730a8b51	OPTIONS	/application/courses	http://localhost:3000	::1
20260322	12:13:57	fec62ebf-f712-4b17-8073-417843c39289	GET	/application/courses	http://localhost:3000	::1
20260322	12:19:32	90998267-6bd1-4708-997b-6a514bbafb31	GET	/auth/refresh	http://localhost:3000	::1
20260322	12:21:05	079d6088-a895-4bdd-97f8-3b9dcfc34972	GET	/auth/refresh	http://localhost:3000	::1
20260322	12:21:15	48f90e2e-8809-4cbe-bdeb-a722e3a2c2f2	OPTIONS	/application/courses	http://localhost:3000	::1
20260322	12:21:15	7deda33b-ff9d-41fa-84d1-16a9fb17e3e2	GET	/application/courses	http://localhost:3000	::1
20260322	12:23:36	209c518f-83d3-4a61-8a77-1946c1ec784e	GET	/auth/refresh	http://localhost:3000	::1
20260322	12:23:41	c3a60d6d-25c5-4c5d-a2d2-52eef1a70164	OPTIONS	/application/courses	http://localhost:3000	::1
20260322	12:23:41	d7e8fa44-3751-429e-9b35-13d092aff1ea	GET	/application/courses	http://localhost:3000	::1
20260322	12:31:02	2d65c041-bb82-407d-ac8f-6c2078016303	OPTIONS	/application/courses	http://localhost:3000	::1
20260322	12:31:02	f1887186-e872-4412-b7d6-b3b9e4008d1c	GET	/application/courses	http://localhost:3000	::1
20260322	12:45:20	42ae6123-16e7-4f8f-bdc2-315708b52106	OPTIONS	/application/courses	http://localhost:3000	::1
20260322	12:45:20	b7004fa1-cc8d-4715-8540-c78e1099641a	GET	/application/courses	http://localhost:3000	::1
20260322	12:55:07	f9cfa7d3-df7d-4f9d-b3a3-9f910e07fe14	OPTIONS	/application/courses	http://localhost:3000	::1
20260322	12:55:07	c7f72486-4ca4-4a05-8bf1-4f19f2067203	GET	/application/courses	http://localhost:3000	::1
20260322	12:56:32	6f3ae044-72bf-4696-819c-5032b617be82	GET	/auth/refresh	http://localhost:3000	::1
20260322	12:57:05	e7d71cfc-6008-4b75-93b5-9bc0564b5ea6	OPTIONS	/application/courses	http://localhost:3000	::1
20260322	12:57:05	bccc10b6-1c93-4256-9301-4f61e5f938c7	GET	/application/courses	http://localhost:3000	::1
20260322	12:57:55	da90aaff-fe4c-4923-860c-2d685574b875	OPTIONS	/application/courses/categories	http://localhost:3000	::1
20260322	12:57:55	dbbda103-b7e1-48a1-8a9f-c599b4730427	GET	/application/courses/categories	http://localhost:3000	::1
20260322	13:09:18	bb12e3c0-cbd1-48fb-8b12-ad26539649ee	OPTIONS	/application/courses	http://localhost:3000	::1
20260322	13:09:18	ec6e0421-79b0-48d2-8f1e-9bed25c020d0	GET	/application/courses	http://localhost:3000	::1
20260322	13:28:29	ee4597f0-cc8f-4c4e-9203-570bbd02dfff	OPTIONS	/application/courses	http://localhost:3000	::1
20260322	13:28:29	e3781c27-df32-4236-99c5-9ec28e3e01b5	GET	/application/courses	http://localhost:3000	::1
20260322	13:36:01	13dcabac-d04b-4ad1-b1e9-48bff16e992e	OPTIONS	/application/courses	http://localhost:3000	::1
20260322	13:36:01	b785183c-eff5-442b-be34-aef4a1b4a0be	GET	/application/courses	http://localhost:3000	::1
20260322	14:22:10	db6eca95-bcb6-4f3b-9397-60923d37e6ab	OPTIONS	/application/courses	http://localhost:3000	::1
20260322	14:22:10	cddb8a90-46c1-4af2-a187-2ef5bc6cc244	GET	/application/courses	http://localhost:3000	::1
20260322	14:29:36	8847d7df-28cc-4e56-8c78-b5e3d2d328ae	GET	/auth/refresh	http://localhost:3000	::1
20260322	14:36:19	d44cff96-7184-400f-addd-e84e97253993	GET	/auth/refresh	http://localhost:3000	::1
20260322	14:45:17	d00b5d37-23de-4488-9002-f27079d91722	GET	/auth/refresh	http://localhost:3000	::1
20260322	14:52:42	689ab1ff-a855-4835-b48d-178218349885	OPTIONS	/application/courses	http://localhost:3000	::1
20260322	14:52:42	99d5c00e-a6c3-4b1a-8962-1627c384395f	GET	/application/courses	http://localhost:3000	::1
20260322	14:53:21	2b4cfa95-e8de-42cd-adfe-8641d98c9d06	GET	/auth/refresh	http://localhost:3000	::1
20260322	14:55:08	3a12abc5-d8fb-4739-ae4d-d628076bd095	OPTIONS	/application/courses	http://localhost:3000	::1
20260322	14:55:08	d610cfb8-966d-473d-8821-248e29051f67	GET	/application/courses	http://localhost:3000	::1
20260322	15:01:56	9dcf1545-3794-411a-a449-50f5f7fcde19	OPTIONS	/application/courses	http://localhost:3000	::1
20260322	15:01:56	0044695f-7c40-43bf-b315-9a2e07fdcc2e	GET	/application/courses	http://localhost:3000	::1
20260322	15:07:32	613e2bf3-7a77-49be-af80-d9d8ffb1d08b	OPTIONS	/application	http://localhost:3000	::1
20260322	15:07:32	229bb11b-a932-4353-91de-aa3ac9726619	POST	/application	http://localhost:3000	::1
20260322	15:11:49	23a283da-27ab-4a08-9871-9cc72fc93b4c	GET	/auth/refresh	http://localhost:3000	::1
20260322	15:14:34	c5fefc93-5ba5-4b02-ad6f-771cc6093085	OPTIONS	/application/courses	http://localhost:3000	::1
20260322	15:14:34	1bae9a4b-8bb9-4c40-a776-5846d39a62c3	GET	/application/courses	http://localhost:3000	::1
20260322	15:14:51	9d305e50-c456-46a9-adab-9eba35804f47	OPTIONS	/application	http://localhost:3000	::1
20260322	15:14:51	ea240409-4e9e-4976-bf5e-c54790e453ff	POST	/application	http://localhost:3000	::1
20260322	15:17:06	ef887c2b-a7b6-4c99-825a-6488c4465ecf	POST	/application/	undefined	::1
20260322	15:17:24	9e362a42-987b-4b39-af5d-60a338ec205c	POST	/auth	undefined	::1
20260322	15:57:13	c566c9c0-f4e7-42ec-bc4d-6b7af92d8457	OPTIONS	/application	http://localhost:3000	::1
20260322	15:57:13	16d54532-5926-4188-9dbd-4348d8d167a9	POST	/application	http://localhost:3000	::1
20260322	16:06:02	e42a15f1-5b5d-4ca2-9b88-84b53fd1e3aa	OPTIONS	/application	http://localhost:3000	::1
20260322	16:06:02	10b98cbb-5092-4d3b-9d38-608dcd1a6672	POST	/application	http://localhost:3000	::1
20260322	16:06:10	81fd951b-9c80-46d8-b422-6b4c355be83a	GET	/auth	undefined	::1
20260322	16:06:16	c20ba9cf-8842-4ba8-97e8-607ea51fe0a6	POST	/auth	undefined	::1
20260322	16:06:34	0ac02e16-39b9-4d50-ba65-f383fde0ced3	POST	/application/	undefined	::1
20260322	16:08:02	504cc966-e74c-4806-b3a9-c4d1fe9c5e0f	GET	/auth/refresh	http://localhost:3000	::1
20260322	16:23:12	52ef081b-f1f0-4987-a131-b0e9a272bcd7	OPTIONS	/application/courses	http://localhost:3000	::1
20260322	16:23:12	a41164ab-4d09-4d36-8dd8-0899299b8843	GET	/application/courses	http://localhost:3000	::1
20260322	16:23:30	245a6fd7-5936-4b90-8b05-2562e19cf686	OPTIONS	/application	http://localhost:3000	::1
20260322	16:23:30	dad32cf8-11b3-434c-be1d-f0cb8dc66964	POST	/application	http://localhost:3000	::1
20260322	16:28:36	506ef6a1-5c88-4135-92de-3c4d743e0f5c	GET	/auth/refresh	http://localhost:3000	::1
20260322	16:31:25	bb8bf542-f708-4cd3-8b59-3cfde77cce5b	OPTIONS	/application/courses	http://localhost:3000	::1
20260322	16:31:25	28b3d383-42b1-496d-b90e-fd040fa5b80b	GET	/application/courses	http://localhost:3000	::1
20260322	16:31:53	8e8aa67d-6af2-4078-85e7-a5263c1e6d26	OPTIONS	/application	http://localhost:3000	::1
20260322	16:31:53	6a29fa2b-6770-486f-b29c-01b1e99d6ff0	POST	/application	http://localhost:3000	::1
20260322	16:37:14	3109ee19-c639-4be9-a0b0-df97f728ba1e	OPTIONS	/application	http://localhost:3000	::1
20260322	16:37:14	b8e7e77d-bda9-4c9d-bfd2-eb0a24fd9356	POST	/application	http://localhost:3000	::1
20260322	16:43:26	42210e4f-847b-4168-9ac8-59c2618e0794	OPTIONS	/application	http://localhost:3000	::1
20260322	16:43:26	100c834e-5571-449e-95ca-8c7e10016d6d	POST	/application	http://localhost:3000	::1
20260322	16:44:05	4854bed9-4b60-4fdf-ac98-3243806314b3	OPTIONS	/application	http://localhost:3000	::1
20260322	16:44:05	fdee8f5e-f880-44f8-ab8e-b545fb2aeb37	POST	/application	http://localhost:3000	::1
20260322	16:45:06	b5940a3b-1517-4dbb-983a-f65432ed0f0b	OPTIONS	/application	http://localhost:3000	::1
20260322	16:45:06	fee2f109-c8cd-40e1-a126-1de79308fdbb	POST	/application	http://localhost:3000	::1
20260322	16:59:11	4f2ca382-d403-401f-aebd-6d1c83f55103	OPTIONS	/application	http://localhost:3000	::1
20260322	16:59:11	f5a0e8ad-e759-45e5-b80a-52f90ee5a41e	POST	/application	http://localhost:3000	::1
20260322	17:02:46	9ceb8717-834d-4301-b87c-93faf5207171	OPTIONS	/application	http://localhost:3000	::1
20260322	17:02:46	de13f33b-6356-4eab-bc06-8bb19090ea5b	POST	/application	http://localhost:3000	::1
20260322	17:03:03	042239fc-6f38-4dde-ad44-776ac21b6f96	OPTIONS	/application	http://localhost:3000	::1
20260322	17:03:03	35ca0ee1-3660-4322-875c-4f6c7156c706	POST	/application	http://localhost:3000	::1
20260322	17:15:15	3f14762a-d6d8-4c28-b6f3-85b58ed00904	OPTIONS	/application	http://localhost:3000	::1
20260322	17:15:15	d530c350-96db-4e30-b5f9-a780ab28619b	POST	/application	http://localhost:3000	::1
20260322	17:16:06	725f2668-4a2e-4da9-b726-f681d695cf28	OPTIONS	/application/courses	http://localhost:3000	::1
20260322	17:16:06	012e9158-b985-4f5d-a859-c85ab1aceeaa	GET	/application/courses	http://localhost:3000	::1
20260322	17:16:29	246e290e-7bd1-4245-bdbd-2939886b09e1	OPTIONS	/application	http://localhost:3000	::1
20260322	17:16:29	893a297d-9da8-4a5d-a53e-ec8d0e6d070c	POST	/application	http://localhost:3000	::1
20260322	17:17:54	bcbb76cf-8c7e-45de-90bf-57ae0b3e2aef	GET	/auth/refresh	http://localhost:3000	::1
20260322	17:21:45	2839fa7e-93d4-4ab6-bdc3-b5664c553e82	OPTIONS	/application/courses	http://localhost:3000	::1
20260322	17:21:45	edc28c51-f776-453b-a18e-b7539cd17b43	GET	/application/courses	http://localhost:3000	::1
20260322	17:28:03	dfeeb9e6-b52b-4e7f-b042-c169502b8cf9	OPTIONS	/application	http://localhost:3000	::1
20260322	17:28:03	5360198e-55c4-48b7-8940-f5a48e88068b	POST	/application	http://localhost:3000	::1
20260322	17:28:46	8ae80282-7682-4d4c-879a-c5ccffd41fca	OPTIONS	/application	http://localhost:3000	::1
20260322	17:28:46	026e837f-362b-408b-8b61-8772c99f05ce	POST	/application	http://localhost:3000	::1
20260322	17:31:48	b28b91db-dc33-4675-bf97-a782c677eee2	OPTIONS	/application	http://localhost:3000	::1
20260322	17:31:48	0ece75f5-0c41-416f-a055-6abe6b5732f4	POST	/application	http://localhost:3000	::1
20260322	17:45:37	11d7c686-d426-4641-8138-dd14633986d5	OPTIONS	/application/courses	http://localhost:3000	::1
20260322	17:45:37	220c0f17-9514-4867-84ca-b0f9053d8698	GET	/application/courses	http://localhost:3000	::1
20260322	17:47:56	e4470ed4-0aa6-4a4f-b6fd-fcf69438dbd1	OPTIONS	/application	http://localhost:3000	::1
20260322	17:47:56	060aafba-83c4-406a-b600-0ec861b56ebb	POST	/application	http://localhost:3000	::1
20260322	17:48:40	b49ee6ed-5d72-47fc-9e68-022d680c677e	OPTIONS	/auth/refresh	http://localhost:3000	::1
20260322	17:48:40	f1cecafb-e211-402f-93a0-bce8bf3b8825	GET	/auth/refresh	http://localhost:3000	::1
20260322	17:49:12	43441721-5876-4864-9d2f-8e86b076c36f	GET	/auth/refresh	http://localhost:3000	::1
20260322	17:55:08	d8d225ec-adde-4167-a93f-f47f0942cb53	OPTIONS	/application/courses	http://localhost:3000	::1
20260322	17:55:08	f623edc1-f9d1-4bd6-af69-b52e9d72ab87	GET	/application/courses	http://localhost:3000	::1
20260322	17:55:47	df4a0b7d-386a-4861-b55d-4269e38975bb	OPTIONS	/application	http://localhost:3000	::1
20260322	17:55:47	be4ca4d9-1701-4162-acc4-11a355813311	POST	/application	http://localhost:3000	::1
20260322	17:59:05	18158f34-15d0-4436-94fc-66cbd5e8698b	OPTIONS	/application	http://localhost:3000	::1
20260322	17:59:05	4b4228fa-5d33-427a-969e-53524c685440	POST	/application	http://localhost:3000	::1
20260322	18:07:17	6f97405b-0bd1-491b-8787-977d34ce7d7e	OPTIONS	/application	http://localhost:3000	::1
20260322	18:07:17	744c9daa-1769-4b2b-ad19-61a568cf0e5b	POST	/application	http://localhost:3000	::1
20260322	18:13:02	90df5c88-a32b-43e4-b65c-b6dc5ccfc545	GET	/auth/refresh	http://localhost:3000	::1
20260322	18:19:16	19474738-bf21-49b4-87d6-030d1cbf6541	OPTIONS	/application/courses	http://localhost:3000	::1
20260322	18:19:16	3794b575-460b-4f08-8a88-6f40a3479adf	GET	/application/courses	http://localhost:3000	::1
20260322	18:19:51	ef86dd50-c3d8-4847-af56-339fa9b8f898	OPTIONS	/application	http://localhost:3000	::1
20260322	18:19:51	47ac1dd5-8404-434b-8c1d-0bd4191a8731	POST	/application	http://localhost:3000	::1
20260322	18:23:59	37af2189-4d39-4e5a-8c0c-571c5547f56b	GET	/auth/refresh	http://localhost:3000	::1
20260322	18:25:53	0c81e0bb-21a2-481e-85be-8d231c7e8584	OPTIONS	/application/courses	http://localhost:3000	::1
20260322	18:25:53	64f460de-2b05-4feb-9927-71d91f45d0de	GET	/application/courses	http://localhost:3000	::1
20260322	18:26:15	3b888cb1-5a26-46f2-afa7-102752c02c7e	OPTIONS	/application	http://localhost:3000	::1
20260322	18:26:15	0cf1cb49-b41f-488f-8b13-0b48eb9803e7	POST	/application	http://localhost:3000	::1
20260322	18:31:03	799562a4-49de-44e4-8e92-e9ff2a44f5f9	POST	/application/	undefined	::1
20260322	18:31:14	90e933aa-aca5-4eb9-9e3d-e4b85f1e2b29	POST	/auth	undefined	::1
20260322	18:31:29	7d09ccf7-2631-4693-a945-133900080fb8	POST	/application/	undefined	::1
20260322	18:32:57	78913455-87bd-44eb-8ec2-186e96d088b4	OPTIONS	/application	http://localhost:3000	::1
20260322	18:32:57	2e6434ea-fc88-4ed0-8318-c35c69a7c7cd	POST	/application	http://localhost:3000	::1
20260322	18:34:25	6cb1d9a6-7be7-4ed2-afd6-cfcebb1abea5	POST	/application/	undefined	::1
20260322	18:35:32	2039618f-76a3-4074-a56c-801457a83803	POST	/application/	undefined	::1
20260322	18:36:24	0929ba3e-e81b-46d3-bac2-fb8efe6d7a4a	POST	/application/	undefined	::1
20260322	18:36:43	32f90adf-ee48-43b6-af6a-150a236695a2	POST	/application/	undefined	::1
20260322	18:37:43	7d11aebb-34b8-4eb4-bf9a-ff2621aa79e6	POST	/application/	undefined	::1
20260322	18:41:36	130e0614-68ff-439f-8ec5-8e44de936192	POST	/application/	undefined	::1
20260322	18:42:45	ff03226f-7880-493d-a98c-af9e1af7897a	POST	/application/	undefined	::1
20260322	18:45:29	4a30af1c-1b93-41e0-bf75-e42cc3de98b7	OPTIONS	/application	http://localhost:3000	::1
20260322	18:45:29	51147b06-b82e-48eb-99d9-7cfc4eb0597a	POST	/application	http://localhost:3000	::1
20260322	18:45:37	c0d40a32-adc9-4c30-b9b0-55319cfb162b	OPTIONS	/application/courses	http://localhost:3000	::1
20260322	18:45:37	ced0fb49-9b0f-429f-a292-c82ce2e5f94c	GET	/application/courses	http://localhost:3000	::1
20260322	18:46:04	5d9e3af3-288a-4c2d-b1d4-0c4212d144ca	OPTIONS	/application	http://localhost:3000	::1
20260322	18:46:04	8b00b0b7-34d0-4d66-9813-125e72c64751	POST	/application	http://localhost:3000	::1
20260322	19:11:26	b2897e95-e473-4b1a-88eb-e1275a258e5a	GET	/test	undefined	::ffff:127.0.0.1
20260322	19:11:33	fefde8b8-b915-4fdf-b4e9-728046ff3abe	GET	/test	undefined	::ffff:127.0.0.1
20260322	19:11:35	9ef28dba-99fa-4ece-a2c6-cff41ed3b7b4	GET	/test	undefined	::ffff:127.0.0.1
20260322	19:11:37	fba77af3-93ee-4f2f-913c-4c4356306fa0	GET	/test	undefined	::ffff:127.0.0.1
20260322	20:46:29	d127a1da-7c86-4764-8ba6-5bbefb05cc2d	POST	/application/	undefined	::1
20260322	20:46:35	d3a57e2b-6099-4b29-be8c-670f5d607f99	POST	/auth	undefined	::1
20260322	20:46:52	0ede141b-c07e-4df1-9bc9-6f2ca6e56fe4	POST	/application/	undefined	::1
20260322	21:07:39	37b59c2e-d5c2-4221-bec5-129af1df6310	POST	/application/	undefined	::1
20260322	21:08:05	4a3b4cea-b879-4a29-8e43-889c5ba2bd82	POST	/auth/register	undefined	::1
20260322	21:08:26	65c26e72-6758-44ae-9693-981bd06b695d	POST	/auth/register	undefined	::1
20260322	21:11:45	be4936d2-2906-40ed-a55a-405b2bd056bd	OPTIONS	/auth/refresh	http://localhost:3000	::1
20260322	21:11:45	88b757db-b551-46f2-b8f3-5e01ac5549b8	GET	/auth/refresh	http://localhost:3000	::1
20260322	21:16:27	f835d5b8-b30e-4ded-ad70-44f444d51219	POST	/auth	undefined	::1
20260322	21:16:53	8ab2e4fd-b004-474d-9f90-e552484b7ad7	POST	/application/	undefined	::1
20260323	00:41:17	d103a13d-2625-4267-9a82-e2b6f5158a2e	POST	/application/	undefined	::1
20260323	00:41:24	1dd8b2b0-4b64-4be7-bf64-c97b0ac726b4	POST	/auth	undefined	::1
20260323	00:41:43	181e6393-92c5-400f-b294-545ff1fd9173	POST	/application/	undefined	::1
20260323	00:45:36	fd2fd4c9-e6db-4a52-97de-d34a99cd7a5d	OPTIONS	/auth	http://localhost:3000	::1
20260323	00:45:36	80d645a9-01af-45b4-8613-c8572571aaf0	POST	/auth	http://localhost:3000	::1
20260323	00:53:07	85fc4cfd-bb5f-438e-b9cf-165decfc0d0d	OPTIONS	/auth	http://localhost:3000	::1
20260323	00:53:07	ed05d3d2-8ef6-4d8c-8ff1-f24850d11e4b	POST	/auth	http://localhost:3000	::1
20260323	00:53:13	e9aa8a90-538d-4b5d-9b4b-44a20731f473	OPTIONS	/auth/refresh	http://localhost:3000	::1
20260323	00:53:13	fa82cb94-c835-4a37-969d-6a9565d61af6	GET	/auth/refresh	http://localhost:3000	::1
20260323	00:53:21	ef822146-9db8-435f-bc56-8e8322cbc270	OPTIONS	/application/courses	http://localhost:3000	::1
20260323	00:53:21	22aff910-f894-4935-b592-b383dc8936a6	GET	/application/courses	http://localhost:3000	::1
20260323	00:53:23	bb70076e-6f8d-47b6-beaf-498786675e52	GET	/application/courses	http://localhost:3000	::1
20260323	00:53:34	151bbec1-c381-4d05-9d09-ba44cc0e8bd7	OPTIONS	/application/courses	http://localhost:3000	::1
20260323	00:53:34	fe9a26c9-dc48-40ec-86b9-d96ada3daf4e	OPTIONS	/application/courses/categories	http://localhost:3000	::1
20260323	00:53:34	2d827a2d-6e42-4f51-aa45-5b9ecdfc83d3	GET	/application/courses	http://localhost:3000	::1
20260323	00:53:34	69f000d3-a745-41ad-bf19-829c60c7fa48	GET	/application/courses/categories	http://localhost:3000	::1
20260323	00:53:36	ec91c049-17aa-4a0e-b6f3-989488d3ae7a	GET	/application/courses	http://localhost:3000	::1
20260323	00:55:21	547ebca3-cf3a-4ed6-b15f-87deb25a2524	GET	/application/courses	http://localhost:3000	::1
20260323	00:55:21	6680e27e-0292-4b90-8fc6-bfe1f8edc3e2	GET	/application/courses/categories	http://localhost:3000	::1
20260323	00:55:22	0f067291-aef4-4281-ba26-23b9a246827a	GET	/auth/refresh	http://localhost:3000	::1
20260323	00:55:24	f84028c8-980a-4795-9d33-488a73fb1f1e	OPTIONS	/application/courses	http://localhost:3000	::1
20260323	00:55:24	62b35903-887c-492b-9ef9-4d5c3c818d60	GET	/application/courses	http://localhost:3000	::1
20260323	00:56:20	4378e512-85f3-45d2-b348-0173aead2ef3	GET	/application/courses	http://localhost:3000	::1
20260323	00:56:21	2ab412b5-715c-43ea-885b-8569fb3cdd7f	GET	/application/courses/categories	http://localhost:3000	::1
20260323	00:56:21	7b5f2829-3031-4a87-b15d-5110db5a8710	GET	/auth/refresh	http://localhost:3000	::1
20260323	00:57:26	b23e55f2-74eb-4d69-8041-8d89f1e0f443	GET	/auth/refresh	http://localhost:3000	::1
20260323	00:59:44	a353d6bb-257e-4b52-af1e-ed0e65dd0023	OPTIONS	/application/courses	http://localhost:3000	::1
20260323	00:59:44	288861da-c9bb-42a3-9311-174b81e81f82	OPTIONS	/application/courses/categories	http://localhost:3000	::1
20260323	00:59:44	009eba16-6643-4546-b0e3-23640038b82e	GET	/application/courses	http://localhost:3000	::1
20260323	00:59:44	84673a65-3b0c-4547-8b5e-282e838c5921	GET	/application/courses/categories	http://localhost:3000	::1
20260323	01:00:37	b33308bf-f566-4fa4-8de5-5b4a2ab75cf3	GET	/auth/refresh	http://localhost:3000	::1
20260323	01:02:36	65ffbe31-8edb-499d-8be8-ba69d455d64e	OPTIONS	/application/courses	http://localhost:3000	::1
20260323	01:02:36	12640638-7f72-4190-aad1-d3ec21d99a18	GET	/application/courses	http://localhost:3000	::1
20260323	01:03:13	e23acf4e-bd4a-439d-a6d3-65b13fda8720	OPTIONS	/application	http://localhost:3000	::1
20260323	01:03:13	92e0a3cb-84f3-4c3e-96f3-c5a35730fca1	POST	/application	http://localhost:3000	::1
20260323	01:05:30	bd63e18c-6048-47c5-bf75-109834c23784	GET	/auth/refresh	http://localhost:3000	::1
20260323	09:31:24	a70b0eff-5011-4e63-8b00-c265d8a24281	GET	/test	undefined	::ffff:172.18.0.1
20260323	09:33:12	6789e90f-fa86-4bc6-8f2b-3ab898c58e1e	GET	/test	undefined	::ffff:172.18.0.1
20260323	09:37:56	1f478d7d-f2b6-437b-9721-14b0e2066a6e	GET	/test	undefined	::ffff:172.18.0.1
20260323	09:47:23	90e0f896-7416-4678-981a-170c60597971	POST	/application/	undefined	::ffff:172.18.0.1
20260323	09:47:45	c840d75c-7fdf-4efc-8ba3-2a437c4f00ec	POST	/auth	undefined	::ffff:172.18.0.1
20260323	09:48:11	eb77e76b-c0e2-4b5e-8385-2f9367ca6978	POST	/application/	undefined	::ffff:172.18.0.1
20260323	09:53:13	7de19270-b134-4e2f-b721-6ce4e2d47208	POST	/application/	undefined	::ffff:172.18.0.1
20260323	11:34:13	db643a26-6d4a-4143-93d2-e453182f115d	POST	/application/	undefined	::ffff:172.18.0.1
20260323	11:34:20	868594b9-d8c8-4b30-891b-e0178bacbcc2	POST	/auth	undefined	::ffff:172.18.0.1
20260323	11:34:40	532c3cb5-9dce-4d55-9cba-6dc760754afe	POST	/application/	undefined	::ffff:172.18.0.1
20260323	11:38:12	2ff6f67f-5d39-4891-823e-9f84c4aaf7da	POST	/application/	undefined	::ffff:172.18.0.1
20260323	11:40:14	1585022d-768e-4a79-bf4f-1fc710978628	POST	/application/	undefined	::ffff:172.18.0.1
20260323	13:05:55	93d6f2f8-d540-404b-aca4-a5499ae0877b	POST	/application/	undefined	::ffff:172.18.0.1
20260323	13:06:17	76e36adc-dcf1-4c8f-b25d-fd426d1c460b	POST	/auth	undefined	::ffff:172.18.0.1
20260323	13:07:29	16a41e7c-fe0d-4c41-a4a1-6bd7efe41148	POST	/application/	undefined	::ffff:172.18.0.1
20260323	13:07:36	071ac213-0ae7-4175-ad5e-997df9f8a7f1	POST	/application/	undefined	::ffff:172.18.0.1
20260323	13:11:23	e647d5b2-bbef-4172-93ca-e85507041746	POST	/application/	undefined	::ffff:172.18.0.1
20260323	13:14:10	ae1a26ef-d5d8-4cfd-9009-3b07735c4117	POST	/application/	undefined	::ffff:172.18.0.1
20260323	13:16:01	325f545b-9222-42de-bf6c-69225bf8a32f	POST	/application/	undefined	::ffff:172.18.0.1
20260323	13:25:07	d1ee44be-a98a-4bfb-9425-2f7bd47a7d33	POST	/application/	undefined	::ffff:172.18.0.1
20260323	13:46:44	5d976705-ec17-4c13-8130-45d3ccad3877	POST	/application/	undefined	::ffff:172.18.0.1
20260323	13:50:21	a68ca255-8f90-489e-a660-9d9384a074ea	POST	/application/	undefined	::ffff:172.18.0.1
20260323	14:04:16	f1aa1747-5d02-4c75-8fd7-8ef58a857e65	POST	/application/	undefined	::ffff:172.18.0.1
20260323	14:17:23	2aaee890-0d4e-4cd3-85db-e29a93d78023	POST	/application/	undefined	::ffff:172.18.0.1
20260323	14:17:32	23d75205-9b97-4646-9f98-b190bf03c548	POST	/auth	undefined	::ffff:172.18.0.1
20260323	14:18:19	cedb7882-9d26-40e9-b7cb-73443d1ca955	POST	/application/	undefined	::ffff:172.18.0.1
20260323	14:18:55	4cd646b1-d67b-498b-a52d-35107919a44a	POST	/application/	undefined	::ffff:172.18.0.1
20260323	14:36:54	2fb26ceb-ee31-4b98-8c47-11160169482c	OPTIONS	/auth/google	http://localhost:3000	::ffff:172.18.0.1
20260323	14:36:54	558e704c-5d2d-48d5-9db5-d304315bdd5d	POST	/auth/google	http://localhost:3000	::ffff:172.18.0.1
20260323	14:40:56	419fdf9b-5ce1-467a-919d-2f7326a49130	OPTIONS	/auth/google	http://localhost:3000	::ffff:172.18.0.1
20260323	14:40:56	717fd556-65a6-4d32-b683-4a00fc189bd3	POST	/auth/google	http://localhost:3000	::ffff:172.18.0.1
20260323	14:45:21	49ce8bc5-e9c8-4fdc-8244-da7171517f52	OPTIONS	/auth/google	http://localhost:3000	::ffff:172.18.0.1
20260323	14:45:21	f472a5b7-5c02-4b57-8fb3-159ae09444a6	POST	/auth/google	http://localhost:3000	::ffff:172.18.0.1
20260323	14:45:24	a3bf22ed-f09b-4cdb-9d9e-a51554deaa5b	OPTIONS	/auth/refresh	http://localhost:3000	::ffff:172.18.0.1
20260323	14:45:24	8b7e29e1-11f9-4dfd-9e00-746e0c904b21	GET	/auth/refresh	http://localhost:3000	::ffff:172.18.0.1
20260323	14:45:40	d6717604-9fb5-4673-ac1d-1ef8e84f5887	OPTIONS	/application/courses	http://localhost:3000	::ffff:172.18.0.1
20260323	14:45:40	afb40e58-c5a1-49f7-a51c-20283e3e9068	GET	/application/courses	http://localhost:3000	::ffff:172.18.0.1
20260323	14:45:44	f655083d-d559-40d2-b6e3-78703142cda2	GET	/application/courses	http://localhost:3000	::ffff:172.18.0.1
20260323	14:48:22	c209030a-f673-4ed7-9737-696b1a2324e4	OPTIONS	/application/courses	http://localhost:3000	::ffff:172.18.0.1
20260323	14:48:22	50349a33-5258-4f14-8472-6897b1f177a3	OPTIONS	/application/courses/categories	http://localhost:3000	::ffff:172.18.0.1
20260323	14:48:22	d33f5e5a-a85c-4f03-b22b-d327b0212065	GET	/application/courses	http://localhost:3000	::ffff:172.18.0.1
20260323	14:48:22	a294d706-0bbb-49cf-9430-59bca569c0d1	GET	/application/courses/categories	http://localhost:3000	::ffff:172.18.0.1
20260323	14:50:57	52131af2-cd2e-4e4c-8f8c-77b40aeb2f0c	GET	/application/courses	http://localhost:3000	::ffff:172.18.0.1
20260323	14:50:57	a6e14672-94ec-4193-9982-12620f1e3080	GET	/auth/refresh	http://localhost:3000	::ffff:172.18.0.1
20260323	14:50:58	982d2eff-8941-45e4-bedc-634215ea3028	GET	/application/courses/categories	http://localhost:3000	::ffff:172.18.0.1
20260323	14:51:01	181067d2-7fea-4dca-a16d-ef1bb17067b0	OPTIONS	/application/courses	http://localhost:3000	::ffff:172.18.0.1
20260323	14:51:01	a834ba79-22d6-4c38-a262-06ec209a9322	GET	/application/courses	http://localhost:3000	::ffff:172.18.0.1
20260323	14:52:27	054a7478-2cb4-462e-92cc-9dc5230a31bf	GET	/application/courses	http://localhost:3000	::ffff:172.18.0.1
20260323	14:52:28	2fa9f831-a307-4190-bd07-dd542b158bf3	GET	/application/courses/categories	http://localhost:3000	::ffff:172.18.0.1
20260323	14:52:28	1b4e6540-b976-4466-a81f-109bbbbcc996	GET	/auth/refresh	http://localhost:3000	::ffff:172.18.0.1
20260323	15:17:38	c1e2ffd7-95a8-410d-8249-851037141606	OPTIONS	/application	http://localhost:3000	::ffff:172.18.0.1
20260323	15:17:38	1d3cd7ae-d057-45e0-8fa0-26acd9dfad01	POST	/application	http://localhost:3000	::ffff:172.18.0.1
20260323	15:20:03	2c5e5e91-5c83-4e4c-a8d2-9d3fb42a96a2	OPTIONS	/application	http://localhost:3000	::ffff:172.18.0.1
20260323	15:20:03	c1925b7a-3892-4836-81ad-3a1dad299667	POST	/application	http://localhost:3000	::ffff:172.18.0.1
20260323	15:26:32	bc22bb4b-d9c2-477d-9478-e7b5c10c9129	OPTIONS	/application	http://localhost:3000	::ffff:172.18.0.1
20260323	15:26:32	4930bf4e-854d-4252-84ba-745518ff8672	POST	/application	http://localhost:3000	::ffff:172.18.0.1
20260323	15:29:44	717b0646-f3c9-4cc1-bd0b-750d1dd85336	OPTIONS	/application	http://localhost:3000	::ffff:172.18.0.1
20260323	15:29:44	12fc8431-7067-4289-8c07-4eef16ff77f6	POST	/application	http://localhost:3000	::ffff:172.18.0.1
20260323	15:30:06	06c17db3-9db8-4f7a-a15a-957c141d2bd0	GET	/auth/refresh	http://localhost:3000	::ffff:172.18.0.1
20260323	15:33:00	2ca73bf0-0b2d-4131-bda5-92ae91235828	OPTIONS	/application	http://localhost:3000	::ffff:172.18.0.1
20260323	15:33:00	103b228d-43d6-4cc2-bbb5-7ba5946dca81	POST	/application	http://localhost:3000	::ffff:172.18.0.1
20260323	15:33:47	3f4fc185-393d-47f0-b3f3-46fc98b847ca	OPTIONS	/auth/logout	http://localhost:3000	::ffff:172.18.0.1
20260323	15:33:47	8877255b-d0dc-4a0a-8bfa-8ee83fbf3372	POST	/auth/logout	http://localhost:3000	::ffff:172.18.0.1
20260323	15:34:21	04f0db2c-a9cd-46e2-957a-593a5c59e008	OPTIONS	/auth/google	http://localhost:3000	::ffff:172.18.0.1
20260323	15:34:21	97c50539-bced-4b93-8f62-309c99b0b5a3	POST	/auth/google	http://localhost:3000	::ffff:172.18.0.1
20260323	15:34:54	506f88b2-5812-4472-b37f-d41fe9455ae0	GET	/application/courses	http://localhost:3000	::ffff:172.18.0.1
20260323	15:34:54	844931b8-0289-4399-bb6f-a234e5e3366b	OPTIONS	/application/courses	http://localhost:3000	::ffff:172.18.0.1
20260323	15:37:03	29ffc1cd-f9ac-4817-860d-509733660fec	OPTIONS	/application	http://localhost:3000	::ffff:172.18.0.1
20260323	15:37:03	aff0623f-0a2b-4d56-9d29-80cdbd1cc6f1	POST	/application	http://localhost:3000	::ffff:172.18.0.1
20260323	15:41:26	7feb0c96-ec05-41bf-8eb8-6af88bf939d5	OPTIONS	/auth/logout	http://localhost:3000	::ffff:172.18.0.1
20260323	15:41:26	29467eea-8cd3-4540-ac24-59bea9d7d08a	POST	/auth/logout	http://localhost:3000	::ffff:172.18.0.1
20260323	15:41:37	a3c3fd17-023b-4a83-b24d-d58d698e8c03	OPTIONS	/auth	http://localhost:3000	::ffff:172.18.0.1
20260323	15:41:37	bbecc180-31fc-4f98-b02c-8283f3839808	POST	/auth	http://localhost:3000	::ffff:172.18.0.1
20260323	15:41:40	c0b71f42-d207-4af5-bf05-8c055b1eaf5d	OPTIONS	/auth/refresh	http://localhost:3000	::ffff:172.18.0.1
20260323	15:41:40	07f14905-75c9-420a-bf73-0492160c9a6f	GET	/auth/refresh	http://localhost:3000	::ffff:172.18.0.1
20260323	15:44:05	79a8b361-2a85-48e3-9853-d67562cf2f46	OPTIONS	/application	http://localhost:3000	::ffff:172.18.0.1
20260323	15:44:05	f75d7e22-442a-48e9-a029-cf05e5367745	POST	/application	http://localhost:3000	::ffff:172.18.0.1
20260323	15:54:56	ab720772-c691-40d7-9922-b1e5f87b4815	OPTIONS	/auth/logout	http://localhost:3000	::ffff:172.18.0.1
20260323	15:54:56	4b535388-7456-47c4-89bf-2c2169cab8e5	POST	/auth/logout	http://localhost:3000	::ffff:172.18.0.1
20260323	15:55:21	26310300-a894-45b3-9273-dd54e929d166	OPTIONS	/auth/google	http://localhost:3000	::ffff:172.18.0.1
20260323	15:55:22	d1f1da41-85de-4108-840a-96c651359c35	POST	/auth/google	http://localhost:3000	::ffff:172.18.0.1
20260323	15:55:28	f6daf65a-4f03-4460-82d5-661514fe54d6	GET	/auth/refresh	http://localhost:3000	::ffff:172.18.0.1
20260323	15:55:28	3353374d-da3c-4f88-904c-42d725ab86f4	OPTIONS	/auth/refresh	http://localhost:3000	::ffff:172.18.0.1
20260323	15:57:45	aedce747-b914-446b-aece-518171144821	GET	/auth/refresh	http://localhost:3000	::ffff:172.18.0.1
20260323	15:59:47	a251ded5-d313-47d2-8fd4-39b5f51224a6	OPTIONS	/application/courses	http://localhost:3000	::ffff:172.18.0.1
20260323	15:59:47	e01864fe-76bb-4bda-ac22-7d2d01652571	OPTIONS	/application/courses/categories	http://localhost:3000	::ffff:172.18.0.1
20260323	15:59:47	f7fbf45f-60f1-4bc7-a518-41d045ccb109	GET	/application/courses	http://localhost:3000	::ffff:172.18.0.1
20260323	15:59:47	758ac9d8-4cab-49d5-b099-77371fe02006	GET	/application/courses/categories	http://localhost:3000	::ffff:172.18.0.1
20260323	16:02:51	e10b4d49-71c8-4b4e-87a9-91cb24f767cf	POST	/application	http://localhost:3000	::ffff:172.18.0.1
20260323	16:02:50	37eca0ee-9469-48c1-8e3d-cd75e2a1fd3c	OPTIONS	/application	http://localhost:3000	::ffff:172.18.0.1
20260323	21:55:41	01ed7a27-cfd4-438c-9ad4-09938893f865	OPTIONS	/auth/google	http://localhost:3000	::ffff:172.18.0.1
20260323	21:55:41	018e2ded-6432-4e76-b403-269c58faa42e	POST	/auth/google	http://localhost:3000	::ffff:172.18.0.1
20260323	21:56:04	b432c7b2-2b21-4a0f-afb7-3e3540c683d6	GET	/auth/refresh	http://localhost:3000	::ffff:172.18.0.1
20260323	21:56:04	8149caff-a47d-4831-afc5-73f64dec1fd6	OPTIONS	/auth/refresh	http://localhost:3000	::ffff:172.18.0.1
20260323	22:01:05	17b51e20-1212-4409-930e-24cb1103ae78	OPTIONS	/application	http://localhost:3000	::ffff:172.18.0.1
20260323	22:01:05	b4ee578d-8f78-4851-b75d-9f29a80cb9fc	POST	/application	http://localhost:3000	::ffff:172.18.0.1
20260323	22:03:05	88d6ef54-7360-4661-8bd7-d8a159becfa0	GET	/application/courses	http://localhost:3000	::ffff:172.18.0.1
20260323	22:03:05	20220469-1b95-47ad-a000-5e6e2fb64c13	OPTIONS	/application/courses	http://localhost:3000	::ffff:172.18.0.1
20260323	22:25:41	59d2564f-9eda-4a2c-bbec-41e178d27d0c	OPTIONS	/application	http://localhost:3000	::ffff:172.18.0.1
20260323	22:25:41	05380a29-c5a1-47ab-91a9-73f6ab775880	GET	/application	http://localhost:3000	::ffff:172.18.0.1
20260323	22:26:59	73622d47-1fae-4d0f-89a6-dfebd48f18f8	GET	/application	http://localhost:3000	::ffff:172.18.0.1
20260323	22:26:59	c06039e9-3251-42e0-a8f1-199d91f7fc1c	GET	/auth/refresh	http://localhost:3000	::ffff:172.18.0.1
20260323	22:26:59	c21fc1e8-d28b-4a76-9965-bdce94464484	GET	/auth/refresh	http://localhost:3000	::ffff:172.18.0.1
20260323	22:26:59	ad043715-c445-4fdf-a785-dbc2808f1f53	OPTIONS	/application	http://localhost:3000	::ffff:172.18.0.1
20260323	22:26:59	a08abd3b-c3f2-4366-b25a-a0dc09e3d1bc	GET	/application	http://localhost:3000	::ffff:172.18.0.1
20260323	22:30:35	94649597-ed28-4b03-8a48-97a84d496080	OPTIONS	/application/courses	http://localhost:3000	::ffff:172.18.0.1
20260323	22:30:35	ac6a7ebe-de39-40bc-bfaf-7eba8d7b311d	OPTIONS	/application/courses/categories	http://localhost:3000	::ffff:172.18.0.1
20260323	22:30:35	0b8fba8b-b846-412a-8af7-bc4b070b017a	GET	/application/courses	http://localhost:3000	::ffff:172.18.0.1
20260323	22:30:36	21bcc0ea-3e97-43b1-a3c4-00b26054dd92	GET	/application/courses/categories	http://localhost:3000	::ffff:172.18.0.1
20260323	22:40:43	aa868ca7-4e0d-4bbe-99ba-68c77a6b0426	OPTIONS	/application	http://localhost:3000	::ffff:172.18.0.1
20260323	22:40:44	fc0880b8-59ff-4cea-864f-eb26471ad410	GET	/application	http://localhost:3000	::ffff:172.18.0.1
20260324	11:14:43	8a8d55ce-d498-431d-884c-c0890f79abbd	GET	/test	undefined	::ffff:172.18.0.1
20260324	11:16:15	a990f3ab-ee06-41cb-8af7-24ee17c5b9ad	GET	/test	undefined	::ffff:172.18.0.1
20260324	11:25:10	a7289aba-df97-4b2b-a3f5-cb3170f97486	POST	/application/	undefined	::ffff:172.18.0.1
20260324	11:25:27	8a811043-5914-4116-a1d8-87e0b8c620a3	POST	/auth	undefined	::ffff:172.18.0.1
20260324	11:25:46	7142b1a0-97ee-410a-a12f-d6ede0d17cf9	POST	/application/	undefined	::ffff:172.18.0.1
20260324	11:35:13	36d2b0fd-b2f9-44ed-b8d0-03bc9c475e0d	OPTIONS	/auth/google	http://localhost:3000	::ffff:172.18.0.1
20260324	11:35:14	bc9e3bea-ac83-49de-bd1b-e1b56e1c5b9b	POST	/auth/google	http://localhost:3000	::ffff:172.18.0.1
20260324	11:36:00	2047b4ce-a296-4296-a324-ce5f494127cc	OPTIONS	/application	http://localhost:3000	::ffff:172.18.0.1
20260324	11:36:00	c6a70a73-b511-4289-afd3-b222b344d474	OPTIONS	/auth/refresh	http://localhost:3000	::ffff:172.18.0.1
20260324	11:36:01	e147d5a8-0b22-47b7-b5cb-6d0eebde111b	GET	/application	http://localhost:3000	::ffff:172.18.0.1
20260324	11:36:01	5140f2a1-9847-4c7d-a31d-f35f0385cf0b	GET	/auth/refresh	http://localhost:3000	::ffff:172.18.0.1
20260324	12:10:26	056e71f7-0bc0-4ec8-8da1-9bd2861881a5	GET	/auth/refresh	http://localhost:3000	::ffff:172.18.0.1
20260324	12:10:26	cf6cddf6-0490-4ac0-aed2-eda170fb5dcf	GET	/application	http://localhost:3000	::ffff:172.18.0.1
20260324	12:10:26	be6bc183-6812-4eac-8e4d-f864e9e5a47c	GET	/auth/refresh	http://localhost:3000	::ffff:172.18.0.1
20260324	12:10:26	1363da86-966f-4f5d-b9d2-a458a558d780	OPTIONS	/application	http://localhost:3000	::ffff:172.18.0.1
20260324	12:10:26	d2490ac2-c557-4e1c-81e0-4ed7be5a9dcd	GET	/application	http://localhost:3000	::ffff:172.18.0.1
20260324	12:19:25	c3b0335b-c3b7-4d48-82a1-3f934bed4b8c	OPTIONS	/application	http://localhost:3000	::ffff:172.18.0.1
20260324	12:19:26	9568fa79-4dbf-49dc-a49c-5fbecec7c2f2	GET	/application	http://localhost:3000	::ffff:172.18.0.1
20260324	12:25:11	02a3eb06-ed4e-46df-91ff-6a8d65bed54e	OPTIONS	/auth/refresh	http://localhost:3000	::ffff:172.18.0.1
20260324	12:25:11	c45a0ce4-1728-4b54-bc2e-6372610c6f91	GET	/auth/refresh	http://localhost:3000	::ffff:172.18.0.1
20260324	12:28:25	24144616-cc05-4596-be11-caabdb23f299	OPTIONS	/application	http://localhost:3000	::ffff:172.18.0.1
20260324	12:28:26	f9cea4ab-3046-44f3-beb6-e88d8a573ad6	GET	/application	http://localhost:3000	::ffff:172.18.0.1
20260324	12:33:52	2bd5bfd8-a7c2-4db1-8359-ec7e657f0216	OPTIONS	/application	http://localhost:3000	::ffff:172.18.0.1
20260324	12:33:52	3edbe87d-33dc-4259-92f4-3df540946a35	GET	/application	http://localhost:3000	::ffff:172.18.0.1
20260324	12:39:03	6d1961df-9843-4785-ba65-77eae54ec442	OPTIONS	/application	http://localhost:3000	::ffff:172.18.0.1
20260324	12:39:03	14df294b-6362-4559-8e97-7f390868d80b	GET	/application	http://localhost:3000	::ffff:172.18.0.1
20260324	12:44:17	b7da0167-1345-4b50-91d0-d1ffc9c630ef	OPTIONS	/application	http://localhost:3000	::ffff:172.18.0.1
20260324	12:44:18	10217d4b-aed3-470a-bdb1-f4e3935b4723	GET	/application	http://localhost:3000	::ffff:172.18.0.1
20260324	12:49:42	de165aa3-9310-4b85-9164-b1bb8c993bf7	OPTIONS	/application	http://localhost:3000	::ffff:172.18.0.1
20260324	12:49:42	1651b14d-31d6-4456-921f-74bd6a16e515	GET	/application	http://localhost:3000	::ffff:172.18.0.1
20260324	12:54:46	498f3cae-67fc-40de-aa6f-54c04cb45d94	OPTIONS	/application	http://localhost:3000	::ffff:172.18.0.1
20260324	12:54:46	1e94c281-f767-4ba9-8add-3de4eb15a5a1	GET	/application	http://localhost:3000	::ffff:172.18.0.1
20260324	13:13:24	ed8203bd-6ce7-4845-8d36-d9d3f5135d93	OPTIONS	/application	http://localhost:3000	::ffff:172.18.0.1
20260324	13:13:24	136b20c5-aab8-42a7-931a-16180345fc87	GET	/application	http://localhost:3000	::ffff:172.18.0.1
20260324	13:28:05	7b0af0c1-fc40-4723-b403-ea4969a19beb	POST	/application/	undefined	::ffff:172.18.0.1
20260324	13:28:17	237ae8f0-2623-4430-a96a-3eebadd087e9	POST	/auth	undefined	::ffff:172.18.0.1
20260324	13:28:43	ad7940a5-b930-45ba-b5b7-0dfc26c1940c	POST	/application/	undefined	::ffff:172.18.0.1
20260324	13:32:15	00edc9e3-9649-4c99-bc95-58e7ad1295cf	POST	/application/	undefined	::ffff:172.18.0.1
20260324	13:41:11	d03ead26-b935-44da-88be-cb6e42b6a845	POST	/application/	undefined	::ffff:172.18.0.1
20260324	13:46:37	7eb6de76-54a2-4158-a486-e808195d8b32	GET	/application	http://localhost:3000	::ffff:172.18.0.1
20260324	13:46:37	d102cca8-375f-4cef-b3e0-88a6344adf51	GET	/auth/refresh	http://localhost:3000	::ffff:172.18.0.1
20260324	13:46:38	2768d9d9-8410-40de-a026-5ca31206283d	GET	/auth/refresh	http://localhost:3000	::ffff:172.18.0.1
20260324	13:46:38	295df5aa-424f-412a-bb31-d1661b7b87ae	OPTIONS	/application	http://localhost:3000	::ffff:172.18.0.1
20260324	13:46:38	77163bf7-9db9-4597-a7f2-bdf5c5aef088	GET	/application	http://localhost:3000	::ffff:172.18.0.1
20260324	14:25:44	c79dd983-7af4-4974-9784-f2c62549a48f	POST	/auth/google/register	http://localhost:3000	::ffff:172.18.0.1
20260324	14:25:44	1a62ddee-f067-4f6e-acfe-6a8f77f12b55	OPTIONS	/auth/google/register	http://localhost:3000	::ffff:172.18.0.1
20260324	14:27:03	c053c9be-b812-4950-814f-e4bf70e555f6	OPTIONS	/auth/register	http://localhost:3000	::ffff:172.18.0.1
20260324	14:27:03	9a19937d-44e5-456d-93df-a27103a87d28	POST	/auth/register	http://localhost:3000	::ffff:172.18.0.1
20260324	14:38:19	b7660340-4522-4b6c-a57a-29f5d7db44e7	OPTIONS	/auth/google	http://localhost:3000	::ffff:172.18.0.1
20260324	14:38:20	ed01ea47-4026-4a70-9b11-05a90b896207	POST	/auth/google	http://localhost:3000	::ffff:172.18.0.1
20260324	14:38:29	d53bc0a1-d209-44dc-a793-c30beb210b00	OPTIONS	/auth/refresh	http://localhost:3000	::ffff:172.18.0.1
20260324	14:38:30	e00c1ce9-25d5-4ed2-8f03-d75825fe5de5	OPTIONS	/application	http://localhost:3000	::ffff:172.18.0.1
20260324	14:38:30	2ffe6278-33fb-4a7d-a0ba-ec48a4e78b03	GET	/auth/refresh	http://localhost:3000	::ffff:172.18.0.1
20260324	14:38:30	9e94f6ab-6ded-4a62-bd7f-ac0b0768c520	GET	/application	http://localhost:3000	::ffff:172.18.0.1
20260324	14:46:17	fabdef60-31cc-4863-bb7e-dfdd32528836	OPTIONS	/application	http://localhost:3000	::ffff:172.18.0.1
20260324	14:46:17	c740d3ca-a5d5-4c02-8c67-d90040feebc0	POST	/application	http://localhost:3000	::ffff:172.18.0.1
20260324	14:46:21	ae3f9658-31c9-43c2-96ac-637310168cd5	OPTIONS	/application	http://localhost:3000	::ffff:172.18.0.1
20260324	14:46:21	a14e66bc-786b-4696-88d1-9a290deb77e1	GET	/application	http://localhost:3000	::ffff:172.18.0.1
20260324	14:48:01	9e82f25b-4643-46f2-90ec-e417862c770a	OPTIONS	/application	http://localhost:3000	::ffff:172.18.0.1
20260324	14:48:01	104a8a48-dcef-4006-8cb8-b457e0db3618	OPTIONS	/auth/refresh	http://localhost:3000	::ffff:172.18.0.1
20260324	14:48:02	f1a91efb-d897-4257-b3de-846a7935afab	GET	/auth/refresh	http://localhost:3000	::ffff:172.18.0.1
20260324	14:48:02	4ee74d90-2274-4930-8c22-38582049ce3c	GET	/application	http://localhost:3000	::ffff:172.18.0.1
20260324	14:48:39	11042a1c-6898-44ce-b0d5-3cb35b694d54	GET	/application	http://localhost:3000	::ffff:172.18.0.1
20260324	14:48:39	609860ad-81db-451a-b3c0-cbf28bbacd8d	GET	/auth/refresh	http://localhost:3000	::ffff:172.18.0.1
20260324	14:48:39	35b0974c-e228-4e90-88c2-5a218e8f4bd8	GET	/auth/refresh	http://localhost:3000	::ffff:172.18.0.1
20260324	14:48:39	39641312-4a22-4910-9015-cb4c946e0567	OPTIONS	/application	http://localhost:3000	::ffff:172.18.0.1
20260324	14:48:39	5f6e63c9-5277-4997-a8aa-f0c07b561eab	GET	/application	http://localhost:3000	::ffff:172.18.0.1
20260324	14:49:17	d599b611-f0c7-40a3-82d9-387216129234	GET	/auth/refresh	http://localhost:3000	::ffff:172.18.0.1
20260324	14:49:17	315797dd-63b9-45c4-931b-6a2b7211d068	GET	/application	http://localhost:3000	::ffff:172.18.0.1
20260324	14:49:17	10b63587-e1e1-4d94-8614-7dac59a4e069	GET	/auth/refresh	http://localhost:3000	::ffff:172.18.0.1
20260324	14:49:17	667aaf04-f70b-4c52-9fa7-c35cf32f7b00	OPTIONS	/application	http://localhost:3000	::ffff:172.18.0.1
20260324	14:49:17	381c95fb-b87c-4778-9d05-76f8b2a3812b	GET	/application	http://localhost:3000	::ffff:172.18.0.1
20260324	14:50:30	78fafd91-cdfb-43c8-829d-e9c887fd8211	GET	/auth/refresh	http://localhost:3000	::ffff:172.18.0.1
20260324	14:50:29	3d6b4c57-3436-4bac-86ad-36df52d01fe0	GET	/application	http://localhost:3000	::ffff:172.18.0.1
20260324	14:50:30	1b29d359-4ef5-48ea-9428-82d891ba0109	GET	/auth/refresh	http://localhost:3000	::ffff:172.18.0.1
20260324	14:50:30	d0a33109-acbb-48c6-8695-38cf94299208	OPTIONS	/application	http://localhost:3000	::ffff:172.18.0.1
20260324	14:50:30	04d424d8-a8e5-442e-ba84-c46c3be743e3	GET	/application	http://localhost:3000	::ffff:172.18.0.1
20260324	14:51:47	9b5855b2-cf0a-4969-811c-1067dbe12c6e	GET	/auth/refresh	http://localhost:3000	::ffff:172.18.0.1
20260324	14:51:47	90448e97-9878-4a57-8c6d-3cc2effd1fc1	GET	/application	http://localhost:3000	::ffff:172.18.0.1
20260324	14:51:47	7c0b18fc-dfde-4f41-b880-70c61db2ca0e	GET	/auth/refresh	http://localhost:3000	::ffff:172.18.0.1
20260324	14:51:47	b3a9471f-723d-417b-a156-57e3c9d64f69	OPTIONS	/application	http://localhost:3000	::ffff:172.18.0.1
20260324	14:51:47	4341bdff-77a3-4a9a-9523-b3fc3de7e5fb	GET	/application	http://localhost:3000	::ffff:172.18.0.1
20260324	14:54:20	597d9ecb-bd80-41ce-9e95-6eb526a3d919	GET	/auth/refresh	http://localhost:3000	::ffff:172.18.0.1
20260324	14:54:20	b158190a-6ec2-4690-95b6-a3d415b4dc1d	GET	/application	http://localhost:3000	::ffff:172.18.0.1
20260324	14:54:20	8b79f0c1-b23a-4ad9-81c8-6afa8c6a4684	GET	/auth/refresh	http://localhost:3000	::ffff:172.18.0.1
20260324	14:54:20	39f381aa-dbdb-46fe-9abd-33de14bd29b8	OPTIONS	/application	http://localhost:3000	::ffff:172.18.0.1
20260324	14:54:20	0e2f7fa9-090e-400e-98c9-cf8e65d98e2f	GET	/application	http://localhost:3000	::ffff:172.18.0.1
20260324	15:00:51	70ad78a9-daa9-4b8e-91f2-b68074c70edb	OPTIONS	/auth	http://localhost:3000	::ffff:172.18.0.1
20260324	15:00:51	74c95675-a5d3-4237-bea3-d9fbf538aff3	POST	/auth	http://localhost:3000	::ffff:172.18.0.1
20260324	15:00:53	37c371f5-b962-42c5-912b-c019b24e4ced	GET	/application	http://localhost:3000	::ffff:172.18.0.1
20260324	15:00:53	ea90107e-c1b6-487c-a555-c4501eb7bab5	OPTIONS	/auth/refresh	http://localhost:3000	::ffff:172.18.0.1
20260324	15:00:53	1f4dc21f-2424-4ae7-92a8-60b9370826e3	OPTIONS	/application	http://localhost:3000	::ffff:172.18.0.1
20260324	15:00:53	f250def6-36df-46c3-afb8-a820324790d1	GET	/auth/refresh	http://localhost:3000	::ffff:172.18.0.1
20260324	15:04:30	78266d7e-db0c-4ecc-90a1-d8279a4d4e6d	GET	/application	http://localhost:3000	::ffff:172.18.0.1
20260324	15:04:30	a947d973-1e0f-48af-8cb5-a6875ac430eb	GET	/auth/refresh	http://localhost:3000	::ffff:172.18.0.1
20260324	15:04:30	f3f5a12b-25e0-4cf6-a5e2-c1f2d2278080	GET	/auth/refresh	http://localhost:3000	::ffff:172.18.0.1
20260324	15:04:31	0c086473-742f-475f-b40a-6eb8f7d97058	OPTIONS	/application	http://localhost:3000	::ffff:172.18.0.1
20260324	15:04:31	5e133a9e-ed90-43d0-b5aa-fe44f5a7a86e	GET	/application	http://localhost:3000	::ffff:172.18.0.1
20260324	15:48:25	1c67b661-b459-466e-bdd0-25bcb161b2b6	GET	/auth/refresh	http://localhost:3000	::ffff:172.18.0.1
20260324	15:48:25	ff531ea4-1087-4b77-bc4c-b4db67da85ed	GET	/application	http://localhost:3000	::ffff:172.18.0.1
20260324	15:48:25	ffcdfb5e-00f1-4f0d-ab7b-75760ccba3be	OPTIONS	/auth/refresh	http://localhost:3000	::ffff:172.18.0.1
20260324	15:48:25	32e741ce-e05a-47ee-9040-37ac6daad00c	GET	/auth/refresh	http://localhost:3000	::ffff:172.18.0.1
20260324	15:48:25	42f3c295-4ad5-4df7-85d6-fb3be6768dec	OPTIONS	/application	http://localhost:3000	::ffff:172.18.0.1
20260324	15:48:25	68100259-6d1d-4cf0-8a3c-c51acbdb7952	GET	/application	http://localhost:3000	::ffff:172.18.0.1
20260324	15:54:33	cc223f06-781c-494c-bb96-a9616acf6523	OPTIONS	/application	http://localhost:3000	::ffff:172.18.0.1
20260324	15:54:33	0705aba6-1bdb-4278-908a-be1cd3a9a68b	GET	/application	http://localhost:3000	::ffff:172.18.0.1
20260324	15:55:37	c65242bd-df6a-41dc-bf3f-7c72fbd7daae	OPTIONS	/application	http://localhost:3000	::ffff:172.18.0.1
20260324	15:55:38	251eab5a-be38-48c4-9a27-820cb94e67f9	GET	/auth/refresh	http://localhost:3000	::ffff:172.18.0.1
20260324	15:55:37	a101000b-e8b4-4048-90cf-9aa73c1b33fb	OPTIONS	/auth/refresh	http://localhost:3000	::ffff:172.18.0.1
20260324	15:55:38	96e37d43-5793-486a-ab96-f339f04452e4	GET	/application	http://localhost:3000	::ffff:172.18.0.1
20260324	15:55:56	3109090b-7b58-41a5-bf4b-3921cff82e93	GET	/application	http://localhost:3000	::ffff:172.18.0.1
20260324	15:55:56	80422cf4-4130-4763-96cc-c3ef54b84fa9	GET	/auth/refresh	http://localhost:3000	::ffff:172.18.0.1
20260324	15:55:56	3d3e13fb-790b-4e56-bfde-02213b3bda80	GET	/auth/refresh	http://localhost:3000	::ffff:172.18.0.1
20260324	15:55:56	9e06ce42-e814-4630-b08a-6c06c0ab2676	OPTIONS	/application	http://localhost:3000	::ffff:172.18.0.1
20260324	15:55:56	18384dd8-eabf-47cd-8316-26c41f45beb0	GET	/application	http://localhost:3000	::ffff:172.18.0.1
20260324	16:06:20	388390b3-fae8-4a67-b6aa-0b492f111d51	OPTIONS	/auth/refresh	http://localhost:3000	::ffff:172.18.0.1
20260324	16:06:20	fa83a4a3-53d5-46b0-a1c2-fbef54d062e2	GET	/auth/refresh	http://localhost:3000	::ffff:172.18.0.1
20260324	16:21:35	b274cc2a-62ed-43aa-9b31-44b10aa127d7	GET	/application	http://localhost:3000	::ffff:172.18.0.1
20260324	16:21:35	32ea2c10-a5cc-4ad5-bcec-f2ee148f5dbe	GET	/auth/refresh	http://localhost:3000	::ffff:172.18.0.1
20260324	16:21:36	9d6797b7-b99a-4a23-bd3d-2a216021c2c7	GET	/auth/refresh	http://localhost:3000	::ffff:172.18.0.1
20260324	16:21:36	109e4cef-62e4-42ab-9110-faa3c2d7d94f	OPTIONS	/application	http://localhost:3000	::ffff:172.18.0.1
20260324	16:21:36	f0488061-6983-4f92-ba7b-a69a0f88a19a	GET	/application	http://localhost:3000	::ffff:172.18.0.1
20260324	16:33:24	039a8fa5-4442-4a90-950f-93cbdb850719	OPTIONS	/application/courses	http://localhost:3000	::ffff:172.18.0.1
20260324	16:33:24	c3f74d87-33f9-48a6-80d3-7cd1c27cb410	GET	/application/courses	http://localhost:3000	::ffff:172.18.0.1
20260324	16:33:37	66189c86-a7ec-4753-9bc4-3896cd594925	OPTIONS	/application/courses/categories	http://localhost:3000	::ffff:172.18.0.1
20260324	16:33:37	1ab26e3e-2e89-4431-9464-8d882ebbd116	GET	/application/courses/categories	http://localhost:3000	::ffff:172.18.0.1
20260324	16:34:44	d79ba096-c2ab-4f4f-a297-33822f98174d	GET	/auth/refresh	http://localhost:3000	::ffff:172.18.0.1
20260324	16:36:24	7efbd8ca-9dac-4552-80b3-c81f1446e8e0	OPTIONS	/application/courses	http://localhost:3000	::ffff:172.18.0.1
20260324	16:36:24	53ad4ef0-dfd3-464a-8ba7-230b16bad0c2	GET	/application/courses	http://localhost:3000	::ffff:172.18.0.1
20260324	16:36:41	bc40e18a-98ba-4099-9925-22ee31fe1867	OPTIONS	/application	http://localhost:3000	::ffff:172.18.0.1
20260324	16:36:41	dd49c33b-2117-4485-badf-e61a72ebd5cd	POST	/application	http://localhost:3000	::ffff:172.18.0.1
20260324	16:36:50	65ddf24b-0f2f-4a1e-a6a0-3840fc7007ea	OPTIONS	/application	http://localhost:3000	::ffff:172.18.0.1
20260324	16:36:51	257a1ef5-db49-4b9f-a521-e330186cb0d7	GET	/application	http://localhost:3000	::ffff:172.18.0.1
20260324	16:38:16	41f15c43-4fa9-4c9c-b7ae-1ba7c30a6a3b	GET	/application	http://localhost:3000	::ffff:172.18.0.1
20260324	16:38:16	06966b18-8cd8-4c08-a5d6-b1aa06aa6c7d	GET	/auth/refresh	http://localhost:3000	::ffff:172.18.0.1
20260324	16:38:16	887b2809-f901-4bed-a5fb-862b8af30909	GET	/auth/refresh	http://localhost:3000	::ffff:172.18.0.1
20260324	16:38:17	fe53cf21-b2f7-4c26-81ba-917f34a0a303	OPTIONS	/application	http://localhost:3000	::ffff:172.18.0.1
20260324	16:38:17	292aa212-f65c-4c87-9da6-68c9bea0d4be	GET	/application	http://localhost:3000	::ffff:172.18.0.1
20260324	19:40:36	f17d3ff2-9cd2-4786-8f9b-45758882c30b	GET	/auth/refresh	http://localhost:3000	::ffff:172.18.0.1
20260324	19:40:36	97cd0f95-12ca-4c13-801c-e0a6797ff658	GET	/application	http://localhost:3000	::ffff:172.18.0.1
20260324	19:40:36	1ca6b37f-b6a9-4a3d-85ff-77a8ef76d59e	GET	/auth/refresh	http://localhost:3000	::ffff:172.18.0.1
20260324	19:40:36	849161bb-e224-476f-a4d1-75820fee1497	OPTIONS	/application	http://localhost:3000	::ffff:172.18.0.1
20260324	19:40:37	0a87bfb6-792d-4073-a2ab-18f2cd613b8e	GET	/application	http://localhost:3000	::ffff:172.18.0.1
20260324	21:29:10	aa012963-55c6-4fa1-89df-56c7fea1650c	GET	/auth/refresh	http://localhost:3000	::ffff:172.18.0.1
20260324	21:29:11	330edff9-6060-4579-818b-d85bcc2f9cc8	GET	/application	http://localhost:3000	::ffff:172.18.0.1
20260324	21:29:11	aef4b7ab-f3d8-48c2-8f9b-5a14c4d35728	OPTIONS	/auth/refresh	http://localhost:3000	::ffff:172.18.0.1
20260324	21:29:11	e2386ca4-b226-474b-8633-bfd5501040f5	GET	/auth/refresh	http://localhost:3000	::ffff:172.18.0.1
20260324	21:29:11	428f0e04-0bfa-4194-be20-7346d0409517	OPTIONS	/application	http://localhost:3000	::ffff:172.18.0.1
20260324	21:29:11	f23216bf-8113-420c-bcd4-a3adaa9ced03	GET	/application	http://localhost:3000	::ffff:172.18.0.1
20260324	21:29:39	0930b0f0-150b-4f1a-a8d3-984bde7fcabf	OPTIONS	/application/69c2a3bbb6e9161547017089	http://localhost:3000	::ffff:172.18.0.1
20260324	21:29:39	91f2d217-13ec-4e80-b207-3b4372af94d9	GET	/application/69c2a3bbb6e9161547017089	http://localhost:3000	::ffff:172.18.0.1
20260324	21:30:11	3514dfd1-6dc9-4f58-8557-ae0870fd5199	OPTIONS	/application/69c2bd9a2400c35a2dcf1a2b	http://localhost:3000	::ffff:172.18.0.1
20260324	21:30:11	a0f3a656-888e-462c-8697-b3532b34c3f0	GET	/application/69c2bd9a2400c35a2dcf1a2b	http://localhost:3000	::ffff:172.18.0.1
20260324	22:16:31	11b47d2c-0f80-4c32-8835-6f20d1d64374	GET	/auth/refresh	http://localhost:3000	::ffff:172.18.0.1
20260324	22:38:31	21b4b30d-9a64-4014-8fc4-708203c7b337	GET	/auth/refresh	http://localhost:3000	::ffff:172.18.0.1
20260324	22:38:31	44021878-609d-4beb-b2a1-13231617dd55	GET	/application	http://localhost:3000	::ffff:172.18.0.1
20260324	22:38:31	43ac71cc-434a-4e37-a4b1-6dc2603905bf	GET	/auth/refresh	http://localhost:3000	::ffff:172.18.0.1
20260324	22:38:32	0602cbe7-d392-472c-ab07-e3b3f6d3e336	OPTIONS	/application	http://localhost:3000	::ffff:172.18.0.1
20260324	22:38:32	9e6fa319-f3ab-484c-9a5c-220fd967302c	GET	/application	http://localhost:3000	::ffff:172.18.0.1
20260324	22:38:58	49f0dcbd-da59-45ff-bbda-6f9dfa076168	OPTIONS	/application/69c2a3bbb6e9161547017089	http://localhost:3000	::ffff:172.18.0.1
20260324	22:38:58	c6926b3f-bbaa-4931-bb2e-f49f591e78fb	GET	/application/69c2a3bbb6e9161547017089	http://localhost:3000	::ffff:172.18.0.1
20260324	22:41:34	b74e2c1b-b491-4bcd-8dae-ecf13903ce0f	OPTIONS	/auth/refresh	http://localhost:3000	::ffff:172.18.0.1
20260324	22:41:34	16b773c3-630f-4805-9b0c-b8afc7862a7c	OPTIONS	/application/69c2a3bbb6e9161547017089	http://localhost:3000	::ffff:172.18.0.1
20260324	22:41:34	1f23a3ca-cf5a-4fa0-bf5a-357b0d289d3b	GET	/auth/refresh	http://localhost:3000	::ffff:172.18.0.1
20260324	22:41:34	ffac7f3a-69bf-4db9-9e42-d4faa4146a56	GET	/application/69c2a3bbb6e9161547017089	http://localhost:3000	::ffff:172.18.0.1
20260324	22:41:55	1f0542a7-0828-41fd-9428-e25ce13495f4	GET	/application/69c2a3bbb6e9161547017089	http://localhost:3000	::ffff:172.18.0.1
20260324	22:41:55	cfcf44ff-9862-4478-9497-da7b53af9025	GET	/auth/refresh	http://localhost:3000	::ffff:172.18.0.1
20260324	22:41:55	4839279b-69fa-42f2-b823-3745f6b36b24	GET	/auth/refresh	http://localhost:3000	::ffff:172.18.0.1
20260324	22:41:55	37e29f89-f5f8-4a4b-8e5d-00658952d3eb	OPTIONS	/application/69c2a3bbb6e9161547017089	http://localhost:3000	::ffff:172.18.0.1
20260324	22:41:56	33a0095d-4523-439e-9cb2-878b5a4aca1c	GET	/application/69c2a3bbb6e9161547017089	http://localhost:3000	::ffff:172.18.0.1
20260324	22:43:11	4d91c570-d2f7-49d9-9461-dd0f263a5a65	GET	/application/69c2a3bbb6e9161547017089	http://localhost:3000	::ffff:172.18.0.1
20260324	22:43:11	e61bfe50-dc5e-4619-8388-84e69cad33c8	GET	/auth/refresh	http://localhost:3000	::ffff:172.18.0.1
20260324	22:43:11	81e046dd-848a-4c6e-a508-1be01bd614b7	GET	/auth/refresh	http://localhost:3000	::ffff:172.18.0.1
20260324	22:43:12	d53bf66a-4ecb-4fa3-afbc-e0668813d362	OPTIONS	/application/69c2a3bbb6e9161547017089	http://localhost:3000	::ffff:172.18.0.1
20260324	22:43:12	9920bb44-07fa-44ca-95c8-bcb68f9ce8e4	GET	/application/69c2a3bbb6e9161547017089	http://localhost:3000	::ffff:172.18.0.1
20260324	22:44:29	734916f9-0c0d-40b3-90fb-7c6785156832	GET	/auth/refresh	http://localhost:3000	::ffff:172.18.0.1
20260324	22:44:29	6abe9a4f-9964-4232-8b54-2334ebd44b24	GET	/application/69c2a3bbb6e9161547017089	http://localhost:3000	::ffff:172.18.0.1
20260324	22:44:29	69e97b94-9290-45d5-9fbb-b64d5e33ca05	GET	/auth/refresh	http://localhost:3000	::ffff:172.18.0.1
20260324	22:44:29	bb166a40-9bca-4699-b243-9464b67c4661	OPTIONS	/application/69c2a3bbb6e9161547017089	http://localhost:3000	::ffff:172.18.0.1
20260324	22:44:29	4a9a5208-b82e-4243-b2e4-5483129a0ccf	GET	/application/69c2a3bbb6e9161547017089	http://localhost:3000	::ffff:172.18.0.1
20260324	22:46:54	340ad8a5-2807-4fcc-8f2e-630761a56b50	GET	/application/69c2a3bbb6e9161547017089	http://localhost:3000	::ffff:172.18.0.1
20260324	22:46:54	a00246d9-9a0f-478e-8bdd-426777391002	GET	/auth/refresh	http://localhost:3000	::ffff:172.18.0.1
20260324	22:46:54	ef8ef789-8c80-43c0-adb3-81dee38d5556	GET	/auth/refresh	http://localhost:3000	::ffff:172.18.0.1
20260324	22:46:54	a6e89e70-c52f-4cfb-9f24-3828f5d4c4bb	GET	/application/69c2a3bbb6e9161547017089	http://localhost:3000	::ffff:172.18.0.1
20260324	22:46:54	0c5efbf7-e14a-42ef-8301-06087f2dbad9	OPTIONS	/application/69c2a3bbb6e9161547017089	http://localhost:3000	::ffff:172.18.0.1
20260324	23:06:02	a6f69726-a9e1-4e0e-bb33-cae428dc3af8	GET	/application/69c2a3bbb6e9161547017089	http://localhost:3000	::ffff:172.18.0.1
20260324	23:06:02	eb840f47-5f25-43e7-b363-36faa703ace1	GET	/auth/refresh	http://localhost:3000	::ffff:172.18.0.1
20260324	23:06:03	ecdb10f8-7243-407c-be26-f9193a838efe	GET	/auth/refresh	http://localhost:3000	::ffff:172.18.0.1
20260324	23:06:03	0cd4a9d9-5374-481f-a560-402301b4d71b	OPTIONS	/application/69c2a3bbb6e9161547017089	http://localhost:3000	::ffff:172.18.0.1
20260324	23:06:03	fc7975ca-724c-4c0d-b7ae-016d19aaff86	GET	/application/69c2a3bbb6e9161547017089	http://localhost:3000	::ffff:172.18.0.1
20260324	23:27:40	80bd4a56-f519-4a04-8bfe-f6541a1eb577	GET	/auth/refresh	http://localhost:3000	::ffff:172.18.0.1
20260324	23:27:40	59ecc0ce-4cd9-40c5-baf0-227addd7bebd	GET	/application/69c2a3bbb6e9161547017089	http://localhost:3000	::ffff:172.18.0.1
20260324	23:27:40	3fa1b340-bcaf-408f-8350-2749b416ec17	GET	/auth/refresh	http://localhost:3000	::ffff:172.18.0.1
20260324	23:27:41	c4b1826c-4c5a-40c0-8b17-cc716eeb10cc	OPTIONS	/application/69c2a3bbb6e9161547017089	http://localhost:3000	::ffff:172.18.0.1
20260324	23:27:41	d3d847f5-4d02-4238-abd1-5f12bdedd6d6	GET	/application/69c2a3bbb6e9161547017089	http://localhost:3000	::ffff:172.18.0.1
20260324	23:30:00	fed907b9-6ab4-427a-9042-55a80f2c81bd	GET	/application/69c2a3bbb6e9161547017089	http://localhost:3000	::ffff:172.18.0.1
20260324	23:30:00	6fdc3794-d595-4bb9-aa44-c678cecaf798	GET	/auth/refresh	http://localhost:3000	::ffff:172.18.0.1
20260324	23:29:59	7fb79267-2b31-4c9e-894f-d65f577b5d37	GET	/auth/refresh	http://localhost:3000	::ffff:172.18.0.1
20260324	23:29:59	ffc6d9af-8660-4e24-9b7b-b54a6cd6a379	OPTIONS	/application/69c2a3bbb6e9161547017089	http://localhost:3000	::ffff:172.18.0.1
20260324	23:29:59	e7e324ba-f225-45f1-b76c-586646c3eddd	GET	/application/69c2a3bbb6e9161547017089	http://localhost:3000	::ffff:172.18.0.1
20260324	23:33:52	0d690c55-a62d-4c3c-8c2b-65cf6d5ac330	GET	/auth/refresh	http://localhost:3000	::ffff:172.18.0.1
20260324	23:33:51	3545823d-aceb-4149-8d50-30f8af47454c	OPTIONS	/auth/refresh	http://localhost:3000	::ffff:172.18.0.1
20260324	23:33:52	4c29f34e-a158-458d-bfc4-eb0289f4b589	OPTIONS	/application/69c2a3bbb6e9161547017089	http://localhost:3000	::ffff:172.18.0.1
20260324	23:33:52	64d0db14-2104-453b-8361-6bbfcaeb96c2	GET	/application/69c2a3bbb6e9161547017089	http://localhost:3000	::ffff:172.18.0.1
20260324	23:34:36	cc10ad18-6a51-45ac-8911-ab1d0a21c067	GET	/application/69c2a3bbb6e9161547017089	http://localhost:3000	::ffff:172.18.0.1
20260324	23:34:36	56c1254b-de0a-4304-8319-c9871daf1889	GET	/auth/refresh	http://localhost:3000	::ffff:172.18.0.1
20260324	23:34:36	4d616487-eaca-4454-9ce0-b20a9ba9dc4c	GET	/auth/refresh	http://localhost:3000	::ffff:172.18.0.1
20260324	23:34:36	0854b07a-cd8d-4455-a839-34b2ce5ea7d7	OPTIONS	/application/69c2a3bbb6e9161547017089	http://localhost:3000	::ffff:172.18.0.1
20260324	23:34:36	eba9c1b7-257c-4786-87a8-106190119eb7	GET	/application/69c2a3bbb6e9161547017089	http://localhost:3000	::ffff:172.18.0.1
20260325	00:02:05	b3d2a7c8-e8b1-4a20-85c9-c25059d2531a	GET	/application/69c2a3bbb6e9161547017089	http://localhost:3000	::ffff:172.18.0.1
20260325	00:02:05	49312a13-f1b2-4292-abb9-a5336a5b8578	GET	/auth/refresh	http://localhost:3000	::ffff:172.18.0.1
20260325	00:02:05	9f808d62-45ef-45fc-a68a-3308e268ca10	GET	/auth/refresh	http://localhost:3000	::ffff:172.18.0.1
20260325	00:02:06	60d6079e-008e-404c-acb9-8c8d6df0320a	OPTIONS	/application/69c2a3bbb6e9161547017089	http://localhost:3000	::ffff:172.18.0.1
20260325	00:02:06	e0445900-c324-4d14-8b71-a92d557c9937	GET	/application/69c2a3bbb6e9161547017089	http://localhost:3000	::ffff:172.18.0.1
20260325	00:08:33	40b3ce8f-bcd5-4004-b18d-a20f5b6dd3ca	GET	/auth/refresh	http://localhost:3000	::ffff:172.18.0.1
20260325	00:08:33	231074e6-b9f4-4773-a202-43dfac818910	GET	/application/69c2a3bbb6e9161547017089	http://localhost:3000	::ffff:172.18.0.1
20260325	00:08:34	6493d73d-76ff-4d45-b6d1-4a272a7b8485	GET	/auth/refresh	http://localhost:3000	::ffff:172.18.0.1
20260325	00:08:34	547ff88a-4e44-4778-a3de-2d16832b3402	OPTIONS	/auth/refresh	http://localhost:3000	::ffff:172.18.0.1
20260325	00:08:34	7777fe71-2813-47df-9223-714b2f153ef2	OPTIONS	/application/69c2a3bbb6e9161547017089	http://localhost:3000	::ffff:172.18.0.1
20260325	00:08:34	c15fe40e-4743-4e37-b227-8edf0f6f0c0b	GET	/application/69c2a3bbb6e9161547017089	http://localhost:3000	::ffff:172.18.0.1
20260325	00:31:32	f8610f6c-950b-47a6-afca-adbfa2aaf6c8	GET	/application	http://localhost:3000	::ffff:172.18.0.1
20260325	00:31:32	5ff7cbdc-e7b1-4a69-9084-473cb753468b	GET	/auth/refresh	http://localhost:3000	::ffff:172.18.0.1
20260325	00:31:32	577c2a44-662c-4a7e-a945-ef0952b0418b	GET	/auth/refresh	http://localhost:3000	::ffff:172.18.0.1
20260325	00:31:32	a23ac37b-5275-400b-a60e-61c1f8a8c447	OPTIONS	/application	http://localhost:3000	::ffff:172.18.0.1
20260325	00:31:32	ae728c0b-db76-4204-b429-235664e38aeb	GET	/application	http://localhost:3000	::ffff:172.18.0.1
20260325	00:31:42	e06341ab-8daf-4b81-8d4a-58c57f729933	GET	/application/69c2a3bbb6e9161547017089	http://localhost:3000	::ffff:172.18.0.1
20260325	00:31:41	6b9a28a2-42cc-4d3e-8147-3c7d53c374ec	OPTIONS	/application/69c2a3bbb6e9161547017089	http://localhost:3000	::ffff:172.18.0.1
20260325	02:03:06	08a00c2f-2d0a-46ef-84b6-ee0cecf5af20	GET	/application	http://localhost:3000	::ffff:172.18.0.1
20260325	02:03:06	f41f6331-2e34-4305-84d7-24c2a7a18e81	GET	/auth/refresh	http://localhost:3000	::ffff:172.18.0.1
20260325	02:03:06	cc1de7da-76ca-4791-ac49-ea6df7b765a2	GET	/auth/refresh	http://localhost:3000	::ffff:172.18.0.1
20260325	02:03:07	b5474f72-946f-43a6-a4f8-59aed44a9715	OPTIONS	/application	http://localhost:3000	::ffff:172.18.0.1
20260325	02:03:07	56f09c94-4c21-4d81-b2c5-b2cbc23870f2	GET	/application	http://localhost:3000	::ffff:172.18.0.1
20260325	02:03:24	29c44d80-a502-4ee8-9068-4ed40bb90272	GET	/application/69c2bd9a2400c35a2dcf1a2b	http://localhost:3000	::ffff:172.18.0.1
20260325	02:03:24	9197a239-09da-47dd-a20a-4ea2d8ffd938	OPTIONS	/application/69c2bd9a2400c35a2dcf1a2b	http://localhost:3000	::ffff:172.18.0.1
20260325	02:03:26	61b58a54-6967-44cd-bd58-b839a44a1075	OPTIONS	/application/courses	http://localhost:3000	::ffff:172.18.0.1
20260325	02:03:26	48e11661-dc10-49a0-9ee3-39d5b4c0897f	GET	/application/courses	http://localhost:3000	::ffff:172.18.0.1
20260325	02:03:28	6245ad16-aba0-4f7b-bff3-b53539a6ecc8	GET	/application/courses	http://localhost:3000	::ffff:172.18.0.1
20260325	02:03:40	0f110686-3800-4ea1-a473-4f8f640e4772	OPTIONS	/application/69c2a3bbb6e9161547017089	http://localhost:3000	::ffff:172.18.0.1
20260325	02:03:41	079b9d48-9c84-4db9-b48a-9d1300697392	GET	/application/69c2a3bbb6e9161547017089	http://localhost:3000	::ffff:172.18.0.1
20260325	02:28:35	c481b20c-8320-4949-a170-b3a2ff13fae7	GET	/application/69c2a3bbb6e9161547017089	http://localhost:3000	::ffff:172.18.0.1
20260325	02:28:35	e57fe436-7dee-4745-b2a3-2768459d6510	GET	/auth/refresh	http://localhost:3000	::ffff:172.18.0.1
20260325	02:28:35	7b187869-a834-4e46-9fb5-156d36f0332d	GET	/auth/refresh	http://localhost:3000	::ffff:172.18.0.1
20260325	02:28:35	968ad704-2038-4667-83b8-b1bef75cc21e	OPTIONS	/application/69c2a3bbb6e9161547017089	http://localhost:3000	::ffff:172.18.0.1
20260325	02:28:35	e75d99d5-6828-40dc-96e4-539eb08a9182	GET	/application/69c2a3bbb6e9161547017089	http://localhost:3000	::ffff:172.18.0.1
20260325	02:34:40	4d9cf7e1-5360-474d-9431-8f6d4dcf2fca	OPTIONS	/application	http://localhost:3000	::ffff:172.18.0.1
20260325	02:34:41	4e47ee90-41b9-4b88-8a0b-e091d62d761d	GET	/application	http://localhost:3000	::ffff:172.18.0.1
20260325	02:34:52	ccf13198-0348-4e19-a590-c4b600369984	OPTIONS	/application/69c2bd9a2400c35a2dcf1a2b	http://localhost:3000	::ffff:172.18.0.1
20260325	02:34:52	0df2c1d8-eb31-4b6d-90bb-4b0ee43d55bc	GET	/application/69c2bd9a2400c35a2dcf1a2b	http://localhost:3000	::ffff:172.18.0.1
20260325	02:34:54	f38f67da-4580-4cca-8df2-e8f61711e36f	OPTIONS	/application/courses	http://localhost:3000	::ffff:172.18.0.1
20260325	02:34:54	7e05cd0a-acec-4de4-baa7-d36979c4129d	GET	/application/courses	http://localhost:3000	::ffff:172.18.0.1
20260325	02:34:55	8229c6e0-4586-4d3c-8471-872070d3b8f4	GET	/application/courses	http://localhost:3000	::ffff:172.18.0.1
20260325	09:45:47	36f10639-8c7f-4018-9fee-c2402f131e3b	GET	/application/69c2bd9a2400c35a2dcf1a2b	http://localhost:3000	::ffff:172.18.0.1
20260325	09:45:47	e97f27f2-ac6d-4333-bd89-67ce0dae0047	GET	/auth/refresh	http://localhost:3000	::ffff:172.18.0.1
20260325	09:45:47	a8ac0e48-a43c-42e4-9e94-acb7f2c293a3	GET	/auth/refresh	http://localhost:3000	::ffff:172.18.0.1
20260325	09:45:47	8f15bf76-9aa2-4236-88d3-0ff2fc6bbacc	OPTIONS	/application/69c2bd9a2400c35a2dcf1a2b	http://localhost:3000	::ffff:172.18.0.1
20260325	09:45:47	d909f511-667a-4191-8676-713e5b153902	GET	/application/69c2bd9a2400c35a2dcf1a2b	http://localhost:3000	::ffff:172.18.0.1
20260325	09:45:49	39924f02-3578-4bcd-82e9-4cf3db24aaa5	OPTIONS	/application/courses	http://localhost:3000	::ffff:172.18.0.1
20260325	09:45:49	4a6b20a8-1510-4d60-a93f-700dfa3ea4a5	GET	/application/courses	http://localhost:3000	::ffff:172.18.0.1
20260325	09:45:51	9681d710-3b7e-4148-adcf-bfaaafb8e7da	GET	/application/courses	http://localhost:3000	::ffff:172.18.0.1
20260325	09:48:22	5abc0746-e67b-447a-a91d-4280733c9295	GET	/test	undefined	::ffff:172.18.0.1
20260325	09:50:03	20e75660-7591-4ece-a5e7-60a62f99fadb	OPTIONS	/application/courses/categories	http://localhost:3000	::ffff:172.18.0.1
20260325	09:50:03	9455847c-562d-4223-abb7-4e68d1b7a12a	OPTIONS	/application/courses	http://localhost:3000	::ffff:172.18.0.1
20260325	09:50:03	fa19657a-6923-4d8d-8195-646baf9b14ce	GET	/application/courses	http://localhost:3000	::ffff:172.18.0.1
20260325	09:50:04	439ed312-50c1-4a32-8be9-ee8a79d84d37	GET	/application/courses/categories	http://localhost:3000	::ffff:172.18.0.1
20260325	09:50:05	594f2eb2-64df-4a39-bed6-ccf3b17d5382	GET	/application/courses	http://localhost:3000	::ffff:172.18.0.1
20260325	09:54:08	88e587bc-f1af-49f8-969a-9019e89288d0	GET	/application/apply/courses	http://localhost:3000	::ffff:172.18.0.1
20260325	09:54:08	5d91a4ce-b993-4efd-95fb-c91c209cb4ca	GET	/application/courses/categories	http://localhost:3000	::ffff:172.18.0.1
20260325	09:54:08	36d8e2c0-6ce5-4798-b0bc-991361cfcd94	GET	/auth/refresh	http://localhost:3000	::ffff:172.18.0.1
20260325	09:55:34	4ebe716e-8182-4c58-b08d-0715fb0436cb	GET	/application/apply/courses	http://localhost:3000	::ffff:172.18.0.1
20260325	09:55:34	d6cf38e6-0023-49d9-b527-43c2b13ff6d6	GET	/application/courses/categories	http://localhost:3000	::ffff:172.18.0.1
20260325	09:55:34	721e6788-9126-446c-b016-6ceabf7bfb5b	GET	/auth/refresh	http://localhost:3000	::ffff:172.18.0.1
20260325	09:55:35	290c1bcb-6838-407b-8f0f-b03f3cf9e821	GET	/auth/refresh	http://localhost:3000	::ffff:172.18.0.1
20260325	09:55:35	8f84aac3-7844-4184-a5b2-eb6ab3717dc9	OPTIONS	/application/apply/courses	http://localhost:3000	::ffff:172.18.0.1
20260325	09:55:35	3b92b98f-02ee-4622-b153-8374fefb18fd	GET	/application/apply/courses	http://localhost:3000	::ffff:172.18.0.1
20260325	09:56:29	8926a7a8-9a0f-4cab-b68e-50c76cc99dfd	OPTIONS	/application	http://localhost:3000	::ffff:172.18.0.1
20260325	09:56:29	818c3bf6-b7e6-40df-80b9-191ee999c145	GET	/application	http://localhost:3000	::ffff:172.18.0.1
20260325	09:56:41	fb093292-4e23-4750-b6dc-7f836b0dd8ae	OPTIONS	/application/69c2bd9a2400c35a2dcf1a2b	http://localhost:3000	::ffff:172.18.0.1
20260325	09:56:41	cd15e438-d9f3-4ab9-b392-6c17e1313d36	GET	/application/69c2bd9a2400c35a2dcf1a2b	http://localhost:3000	::ffff:172.18.0.1
20260325	10:04:07	31f681f7-8c48-4971-aef7-aad3513f7542	GET	/application/69c2bd9a2400c35a2dcf1a2b	http://localhost:3000	::ffff:172.18.0.1
20260325	10:04:08	1d0ed73a-e81c-4ee9-b6b4-0f64ce5124ec	GET	/auth/refresh	http://localhost:3000	::ffff:172.18.0.1
20260325	10:04:08	0a023173-2308-423d-9122-5b5e8ed48ed2	GET	/auth/refresh	http://localhost:3000	::ffff:172.18.0.1
20260325	10:04:08	d18d4cf6-bb11-48e4-b0f4-5c44cfef4eb1	OPTIONS	/application/69c2bd9a2400c35a2dcf1a2b	http://localhost:3000	::ffff:172.18.0.1
20260325	10:04:08	6ae78957-2233-49b5-8829-72f3a584fd08	GET	/application/69c2bd9a2400c35a2dcf1a2b	http://localhost:3000	::ffff:172.18.0.1
20260325	10:32:51	1d4cc5c3-45c2-47f2-b699-3859f235a370	GET	/application	http://localhost:3000	::ffff:172.18.0.1
20260325	10:32:51	8973847a-32b0-413b-b6a8-d7cb79744d96	GET	/auth/refresh	http://localhost:3000	::ffff:172.18.0.1
20260325	10:32:51	0da46d4a-3f4f-4efb-9d9c-c62feba4e301	GET	/auth/refresh	http://localhost:3000	::ffff:172.18.0.1
20260325	10:32:52	b187afef-b9d4-4fb8-b0fe-dd7bd3b9fd31	OPTIONS	/application	http://localhost:3000	::ffff:172.18.0.1
20260325	10:32:52	45ca54ef-74d7-4f5e-950f-12690390730a	GET	/application	http://localhost:3000	::ffff:172.18.0.1
20260325	10:33:48	9d5f2bc0-5565-4edc-b893-fa896b5ef8c9	OPTIONS	/application/69c2a3bbb6e9161547017089	http://localhost:3000	::ffff:172.18.0.1
20260325	10:33:48	58ff4de7-6810-465a-9e4f-e3f2bc200070	GET	/application/69c2a3bbb6e9161547017089	http://localhost:3000	::ffff:172.18.0.1
20260325	10:51:34	4070e215-9d2f-46f4-8564-967bd144421d	GET	/application	http://localhost:3000	::ffff:172.18.0.1
20260325	10:51:34	06121c7a-3094-44ad-8ce9-57ccf45baaeb	GET	/auth/refresh	http://localhost:3000	::ffff:172.18.0.1
20260325	10:51:34	c9abd926-1187-4fb0-a3bb-6d6057407be9	GET	/auth/refresh	http://localhost:3000	::ffff:172.18.0.1
20260325	10:51:34	23959ac5-0721-41b0-b71c-80e3a006cc58	GET	/application	http://localhost:3000	::ffff:172.18.0.1
20260325	10:51:34	dcb1ddb4-914e-4644-9810-279753480483	OPTIONS	/application	http://localhost:3000	::ffff:172.18.0.1
20260325	10:51:43	fce46d4b-1174-4869-82b9-68f35afc772a	OPTIONS	/application/69c2bd9a2400c35a2dcf1a2b	http://localhost:3000	::ffff:172.18.0.1
20260325	10:51:43	77f90a6e-58b5-4be5-8432-1b42eeafbb20	GET	/application/69c2bd9a2400c35a2dcf1a2b	http://localhost:3000	::ffff:172.18.0.1
20260325	10:51:45	5abd6156-aa74-4f85-ba9b-e78175c6c93c	OPTIONS	/application/apply/courses	http://localhost:3000	::ffff:172.18.0.1
20260325	10:51:45	9eb50149-cc35-4b87-9dfb-41be3f4701af	GET	/application/apply/courses	http://localhost:3000	::ffff:172.18.0.1
20260325	10:52:04	6986742a-da14-4854-a1b6-113a1a487bfd	OPTIONS	/application/69c2a3bbb6e9161547017089	http://localhost:3000	::ffff:172.18.0.1
20260325	10:52:04	0cdeb0a4-b374-4291-9250-b0062d7e60bc	GET	/application/69c2a3bbb6e9161547017089	http://localhost:3000	::ffff:172.18.0.1
20260325	10:53:45	b69f764f-3233-4ebc-9ac6-00a086b4661f	GET	/application/69c2a3bbb6e9161547017089	http://localhost:3000	::ffff:172.18.0.1
20260325	10:53:45	0af31ca7-c808-4249-b228-f5b917eba924	GET	/auth/refresh	http://localhost:3000	::ffff:172.18.0.1
20260325	10:53:45	b76eb427-b8dc-4225-b871-928a5a1b151c	OPTIONS	/auth/refresh	http://localhost:3000	::ffff:172.18.0.1
20260325	10:53:45	8b29209f-cb7b-42da-9b13-71c07c21534d	GET	/auth/refresh	http://localhost:3000	::ffff:172.18.0.1
20260325	10:53:46	0c7a7163-57ad-4d7d-a091-5ce46fdda070	OPTIONS	/application/69c2a3bbb6e9161547017089	http://localhost:3000	::ffff:172.18.0.1
20260325	10:53:46	c70f5299-3d56-452d-8904-973c9499aac6	GET	/application/69c2a3bbb6e9161547017089	http://localhost:3000	::ffff:172.18.0.1
20260325	11:00:50	3d6e96ec-05bf-43bd-93f9-4efd42c683e1	OPTIONS	/application/69c2a3bbb6e9161547017089	http://localhost:3000	::ffff:172.18.0.1
20260325	11:00:50	0caab026-8f6a-439a-a80d-093916e94938	PATCH	/application/69c2a3bbb6e9161547017089	http://localhost:3000	::ffff:172.18.0.1
20260325	11:05:39	63b88d0e-165e-4839-83a5-1c6bf71a5d5e	GET	/auth/refresh	http://localhost:3000	::ffff:172.18.0.1
20260325	11:05:39	2ee1d6ac-5e7b-4bbf-b0ff-3301124e49c4	GET	/application/69c2a3bbb6e9161547017089	http://localhost:3000	::ffff:172.18.0.1
20260325	11:05:39	db46f066-0b9e-4152-a7ed-01a9749537ab	OPTIONS	/auth/refresh	http://localhost:3000	::ffff:172.18.0.1
20260325	11:05:39	c34cbe9f-88d1-4b1f-a242-136d73f4b6b1	GET	/auth/refresh	http://localhost:3000	::ffff:172.18.0.1
20260325	11:05:39	4ea69f81-8ee5-4f58-b4f8-a88ac49a119c	OPTIONS	/application/69c2a3bbb6e9161547017089	http://localhost:3000	::ffff:172.18.0.1
20260325	11:05:39	1a9c04eb-3ab1-456b-a330-79d9610be9a9	GET	/application/69c2a3bbb6e9161547017089	http://localhost:3000	::ffff:172.18.0.1
20260325	11:06:33	ebaa701e-fa75-4c12-8089-5ef6baa5a14a	OPTIONS	/application/69c2a3bbb6e9161547017089	http://localhost:3000	::ffff:172.18.0.1
20260325	11:06:33	008d3baf-1cc1-4f01-9f94-03191cdf1891	PATCH	/application/69c2a3bbb6e9161547017089	http://localhost:3000	::ffff:172.18.0.1
20260325	11:06:36	b6dee317-d8cf-4066-b5e4-f1e535315f96	GET	/application/69c2a3bbb6e9161547017089	http://localhost:3000	::ffff:172.18.0.1
20260325	11:06:44	70a01041-fa3d-4852-9658-51c50a1f1eaf	OPTIONS	/application	http://localhost:3000	::ffff:172.18.0.1
20260325	11:06:44	8544e61a-4577-4deb-b283-947a71ab96ef	GET	/application	http://localhost:3000	::ffff:172.18.0.1
20260325	11:08:02	6b37d857-b821-4026-ac74-ec62104076ff	GET	/application/69c2a3bbb6e9161547017089	http://localhost:3000	::ffff:172.18.0.1
20260325	11:08:02	7886abc0-39a2-4d1b-bc53-f511f661c6f5	GET	/auth/refresh	http://localhost:3000	::ffff:172.18.0.1
20260325	11:08:02	e6d54808-7130-4496-be6e-2661fda57fb4	GET	/auth/refresh	http://localhost:3000	::ffff:172.18.0.1
20260325	11:08:02	79be96e3-22b9-422c-af0e-14e73ced98ee	OPTIONS	/application/69c2a3bbb6e9161547017089	http://localhost:3000	::ffff:172.18.0.1
20260325	11:08:02	c0158c92-7254-4eea-ae0b-879ff4d3d297	GET	/application/69c2a3bbb6e9161547017089	http://localhost:3000	::ffff:172.18.0.1
20260325	11:16:30	7ff6328a-63ef-4040-ac2a-463419e20d75	GET	/auth/refresh	http://localhost:3000	::ffff:172.18.0.1
20260325	11:16:30	1d7b66ec-c521-41c7-a8c0-038576cb61dc	GET	/application	http://localhost:3000	::ffff:172.18.0.1
20260325	11:16:30	5ca0d960-dfa6-41fb-b705-c7b2f6317455	GET	/auth/refresh	http://localhost:3000	::ffff:172.18.0.1
20260325	11:16:30	f4b2b387-b78e-44fd-bb4b-c19a592573b9	OPTIONS	/application	http://localhost:3000	::ffff:172.18.0.1
20260325	11:16:30	57dadedd-cc3d-4e95-9464-ae2ae081adcd	GET	/application	http://localhost:3000	::ffff:172.18.0.1
20260325	11:16:44	f29534d7-f698-4892-8803-7af65f1a4e7a	GET	/application/69c2a3bbb6e9161547017089	http://localhost:3000	::ffff:172.18.0.1
20260325	11:16:44	0caba9a1-c444-4226-a2ee-3b0c18d9302b	OPTIONS	/application/69c2a3bbb6e9161547017089	http://localhost:3000	::ffff:172.18.0.1
20260325	11:19:48	a714f21e-08e0-4c59-a901-73a0682c4908	GET	/auth/refresh	http://localhost:3000	::ffff:172.18.0.1
20260325	11:19:48	11458097-1793-4a87-b3bb-0ba9262655ed	GET	/application/69c2a3bbb6e9161547017089	http://localhost:3000	::ffff:172.18.0.1
20260325	11:19:49	1305e8b5-e9d2-449a-9fe0-aa37a4eaec5d	GET	/auth/refresh	http://localhost:3000	::ffff:172.18.0.1
20260325	11:19:49	f19f6e65-7f30-41ab-9f58-47962339e6a9	OPTIONS	/auth/refresh	http://localhost:3000	::ffff:172.18.0.1
20260325	11:19:49	68e0580b-2372-4d7a-8fe1-15dec0ba8c39	OPTIONS	/application/69c2a3bbb6e9161547017089	http://localhost:3000	::ffff:172.18.0.1
20260325	11:19:49	53e0a697-81c3-4852-9717-3b5d4cf29c15	GET	/application/69c2a3bbb6e9161547017089	http://localhost:3000	::ffff:172.18.0.1
20260325	11:27:19	b0e717a0-8f0b-4a67-9322-cc8cec36af9d	GET	/application/69c2a3bbb6e9161547017089	http://localhost:3000	::ffff:172.18.0.1
20260325	11:27:19	635ab7a6-62cf-47ed-9ae3-48cab1a211c5	GET	/auth/refresh	http://localhost:3000	::ffff:172.18.0.1
20260325	11:27:19	ba9edf68-3226-47a8-8162-462f927fe3a6	GET	/auth/refresh	http://localhost:3000	::ffff:172.18.0.1
20260325	11:27:19	cd536735-e218-4e80-bab4-068715946162	OPTIONS	/application/69c2a3bbb6e9161547017089	http://localhost:3000	::ffff:172.18.0.1
20260325	11:27:19	f89a196d-b63f-4b45-98ed-e27b04f267a7	GET	/application/69c2a3bbb6e9161547017089	http://localhost:3000	::ffff:172.18.0.1
20260325	11:29:34	1d1bd375-204b-403c-aa0a-be37cca74911	GET	/application/69c2a3bbb6e9161547017089	http://localhost:3000	::ffff:172.18.0.1
20260325	11:29:34	439f6a1e-bbe8-4537-88a7-802e7c71ac57	GET	/auth/refresh	http://localhost:3000	::ffff:172.18.0.1
20260325	11:29:35	c7aee75f-2106-4a80-a25c-f9295b50c1ac	GET	/auth/refresh	http://localhost:3000	::ffff:172.18.0.1
20260325	11:29:35	c8f1bdf5-4ac8-42d6-ae87-4496c594ccdf	OPTIONS	/application/69c2a3bbb6e9161547017089	http://localhost:3000	::ffff:172.18.0.1
20260325	11:29:35	91df9445-a98c-4e18-9f2d-591aa4e2fc4f	GET	/application/69c2a3bbb6e9161547017089	http://localhost:3000	::ffff:172.18.0.1
20260325	11:33:57	f0fbf3b7-df94-4394-8b80-eea5f1107f03	OPTIONS	/application/69c2a3bbb6e9161547017089	http://localhost:3000	::ffff:172.18.0.1
20260325	11:33:57	da056bfb-575c-4f50-8d43-e43eeaebb0ee	PATCH	/application/69c2a3bbb6e9161547017089	http://localhost:3000	::ffff:172.18.0.1
20260325	11:34:04	eca1a057-7439-44f4-9cc3-f524b4e77901	GET	/application/69c2a3bbb6e9161547017089	http://localhost:3000	::ffff:172.18.0.1
20260325	11:34:04	93e0885b-250e-43ed-9dcb-8837f2b5a5b5	OPTIONS	/application/69c2a3bbb6e9161547017089	http://localhost:3000	::ffff:172.18.0.1
20260325	11:35:35	246acd0c-bac5-4013-ae85-a0462914e313	OPTIONS	/application	http://localhost:3000	::ffff:172.18.0.1
20260325	11:35:36	42666b19-744c-4cba-82e1-f005cb7e97e0	GET	/application	http://localhost:3000	::ffff:172.18.0.1
20260325	11:40:15	1df2c5a5-d85e-4235-96aa-5607889533ce	GET	/application/69c2a3bbb6e9161547017089	http://localhost:3000	::ffff:172.18.0.1
20260325	11:40:15	c9f37afe-820c-4c3c-b7d0-306210957302	GET	/auth/refresh	http://localhost:3000	::ffff:172.18.0.1
20260325	11:40:17	8def98ec-1f19-4e33-9951-9e3bfee391b9	GET	/auth/refresh	http://localhost:3000	::ffff:172.18.0.1
20260325	11:40:18	b194ee9a-0108-4439-a9a3-e67ffadb48f5	OPTIONS	/application/69c2a3bbb6e9161547017089	http://localhost:3000	::ffff:172.18.0.1
20260325	11:40:18	43645a01-c9a4-4ea9-850c-01325961ca1d	GET	/application/69c2a3bbb6e9161547017089	http://localhost:3000	::ffff:172.18.0.1
20260325	11:53:30	74d69cfa-17e9-4d7c-a63b-580afdbb4075	GET	/auth/refresh	http://localhost:3000	::ffff:172.18.0.1
20260325	11:53:30	639741a5-83ba-45af-b995-3aace985bede	GET	/application/69c2bd9a2400c35a2dcf1a2b	http://localhost:3000	::ffff:172.18.0.1
20260325	11:53:30	e96a9e2b-0727-47a0-bb06-36dd107f39db	OPTIONS	/auth/refresh	http://localhost:3000	::ffff:172.18.0.1
20260325	11:53:30	f7e06c1e-4b19-4064-a152-f096be27c7a8	GET	/auth/refresh	http://localhost:3000	::ffff:172.18.0.1
20260325	11:53:30	0e13d75c-dbf6-46ca-b9d9-89daacae176a	GET	/application/69c2bd9a2400c35a2dcf1a2b	http://localhost:3000	::ffff:172.18.0.1
20260325	11:53:30	c32ab733-9e68-45e5-9061-4c16190fe8f1	OPTIONS	/application/69c2bd9a2400c35a2dcf1a2b	http://localhost:3000	::ffff:172.18.0.1
20260325	11:53:33	ac646ae9-742b-46b5-ac40-99b8e8cce758	OPTIONS	/application/apply/courses	http://localhost:3000	::ffff:172.18.0.1
20260325	11:53:33	f7ff55b6-394b-4b39-a037-a8d0192f19c2	GET	/application/apply/courses	http://localhost:3000	::ffff:172.18.0.1
20260325	11:56:00	14f26a76-2f49-41e5-bd53-5e08f7dd00ba	OPTIONS	/application/69c2bd9a2400c35a2dcf1a2b	http://localhost:3000	::ffff:172.18.0.1
20260325	11:56:00	68aa4d83-4e27-41c7-bbd1-8dfb0212aae8	PATCH	/application/69c2bd9a2400c35a2dcf1a2b	http://localhost:3000	::ffff:172.18.0.1
20260325	11:56:21	8dcb9c2e-fe6e-44d7-be9f-d338118439b0	OPTIONS	/application/69c2bd9a2400c35a2dcf1a2b	http://localhost:3000	::ffff:172.18.0.1
20260325	11:56:21	66412e2f-20c3-4ada-a4bf-afd0bc0cf01d	PATCH	/application/69c2bd9a2400c35a2dcf1a2b	http://localhost:3000	::ffff:172.18.0.1
20260325	11:57:05	872160f6-1007-4729-80f4-76cc37fefd63	GET	/application	http://localhost:3000	::ffff:172.18.0.1
20260325	11:57:05	22e8326e-795f-4851-a12a-0ddee101daa2	GET	/auth/refresh	http://localhost:3000	::ffff:172.18.0.1
20260325	11:57:05	43da1007-735a-4b47-a6a8-fe9ac2cbd07a	GET	/auth/refresh	http://localhost:3000	::ffff:172.18.0.1
20260325	11:57:05	6816ce14-0d3b-498b-a580-3823a87f5001	GET	/application	http://localhost:3000	::ffff:172.18.0.1
20260325	11:57:05	366fc28b-8296-43b0-8449-6daf917b74e4	OPTIONS	/application	http://localhost:3000	::ffff:172.18.0.1
20260325	11:57:26	91d3c4a2-0694-4728-9130-42a34f15de4a	OPTIONS	/application/69c2a3bbb6e9161547017089	http://localhost:3000	::ffff:172.18.0.1
20260325	11:57:26	bab01c12-119f-47e7-ba24-3b17c186f4c0	GET	/application/69c2a3bbb6e9161547017089	http://localhost:3000	::ffff:172.18.0.1
20260325	12:00:29	e1b03569-cd01-4706-9b4c-0cfaadae01e4	GET	/application/69c2a3bbb6e9161547017089	http://localhost:3000	::ffff:172.18.0.1
20260325	12:00:29	6b6870fe-fd6d-485b-8033-b9f7ede03897	GET	/auth/refresh	http://localhost:3000	::ffff:172.18.0.1
20260325	12:00:30	b829a3c1-8d07-4002-aebf-5ae5696b27d3	GET	/auth/refresh	http://localhost:3000	::ffff:172.18.0.1
20260325	12:00:30	5a4f71dd-b616-412a-9eee-2b970a3550f5	GET	/application/69c2a3bbb6e9161547017089	http://localhost:3000	::ffff:172.18.0.1
20260325	12:00:30	82423891-6781-47df-9b2a-9763a265b229	OPTIONS	/application/69c2a3bbb6e9161547017089	http://localhost:3000	::ffff:172.18.0.1
20260325	12:01:12	57467571-f4dd-49c5-a0f1-4927cb766fea	OPTIONS	/application/69c2a3bbb6e9161547017089	http://localhost:3000	::ffff:172.18.0.1
20260325	12:01:12	3fec8bda-7bbf-4a92-8f9a-32e1cb753972	PATCH	/application/69c2a3bbb6e9161547017089	http://localhost:3000	::ffff:172.18.0.1
20260325	12:01:14	34f6fa1c-5ff4-45e1-9b1f-565b4dd122db	GET	/application/69c2a3bbb6e9161547017089	http://localhost:3000	::ffff:172.18.0.1
20260325	12:01:19	ed710c40-265f-4307-ae7e-7c103caac71c	OPTIONS	/application	http://localhost:3000	::ffff:172.18.0.1
20260325	12:01:19	f1acd7bd-b544-4a36-8f12-00a4f505ebe8	GET	/application	http://localhost:3000	::ffff:172.18.0.1
20260325	12:02:57	1ea7499e-b3a7-4e12-b2b8-8c20c1665d45	GET	/auth/refresh	http://localhost:3000	::ffff:172.18.0.1
20260325	12:02:57	c4f52b76-da71-4e1f-a252-bcbb294c7ecc	GET	/application/69c2a3bbb6e9161547017089	http://localhost:3000	::ffff:172.18.0.1
20260325	12:02:57	fc1de3fc-5efb-43aa-ad47-135d1866ea34	GET	/auth/refresh	http://localhost:3000	::ffff:172.18.0.1
20260325	12:02:57	09e94c4f-8bb6-4f11-a049-915080499cc7	OPTIONS	/application/69c2a3bbb6e9161547017089	http://localhost:3000	::ffff:172.18.0.1
20260325	12:02:57	d31d596e-1c99-4ea0-80ef-16dd2769aef4	GET	/application/69c2a3bbb6e9161547017089	http://localhost:3000	::ffff:172.18.0.1
20260325	12:06:03	da998aef-7b36-45cd-9d88-37e596a1dafa	GET	/application/69c2a3bbb6e9161547017089	http://localhost:3000	::ffff:172.18.0.1
20260325	12:06:03	12e02b52-be0b-4140-9cf2-e7b3824f2b24	GET	/auth/refresh	http://localhost:3000	::ffff:172.18.0.1
20260325	12:06:02	55991a24-91b4-4391-880e-283adbac44d1	GET	/auth/refresh	http://localhost:3000	::ffff:172.18.0.1
20260325	12:06:01	8c22924d-b605-4bac-93cc-3488cf1e7f98	OPTIONS	/application/69c2a3bbb6e9161547017089	http://localhost:3000	::ffff:172.18.0.1
20260325	12:06:01	96699ef0-b7b5-4c7e-94f4-2946b38a7fd5	GET	/application/69c2a3bbb6e9161547017089	http://localhost:3000	::ffff:172.18.0.1
20260325	12:08:45	804d7d56-204a-4fcf-8708-e70f16379eb7	OPTIONS	/application/69c2a3bbb6e9161547017089	http://localhost:3000	::ffff:172.18.0.1
20260325	12:08:45	42d4ef86-0068-4da4-89e0-1f155d03cd44	PATCH	/application/69c2a3bbb6e9161547017089	http://localhost:3000	::ffff:172.18.0.1
20260325	12:13:57	d962f1fa-11a3-4157-bd81-b415a40f33d1	OPTIONS	/application/69c2a3bbb6e9161547017089	http://localhost:3000	::ffff:172.18.0.1
20260325	12:13:57	cae4004c-90fe-4301-8726-48468e83aba2	PATCH	/application/69c2a3bbb6e9161547017089	http://localhost:3000	::ffff:172.18.0.1
20260325	12:19:31	d9e7a416-2caa-4057-8da9-d792ade8da33	OPTIONS	/application/69c2a3bbb6e9161547017089	http://localhost:3000	::ffff:172.18.0.1
20260325	12:19:31	796ced16-5549-4446-867d-f328b6a36d70	PATCH	/application/69c2a3bbb6e9161547017089	http://localhost:3000	::ffff:172.18.0.1
20260325	12:21:57	4823d32c-a0a4-4e70-9c8b-4eed112ff075	OPTIONS	/application/69c2a3bbb6e9161547017089	http://localhost:3000	::ffff:172.18.0.1
20260325	12:21:57	a1f13335-7c67-46a0-aff0-9eb3fdb578a8	PATCH	/application/69c2a3bbb6e9161547017089	http://localhost:3000	::ffff:172.18.0.1
20260325	12:23:07	1bd57156-3f27-4f02-ae60-ca945daad2d2	OPTIONS	/application/69c2a3bbb6e9161547017089	http://localhost:3000	::ffff:172.18.0.1
20260325	12:23:07	3a7ec7b8-d93d-4c6a-a383-9f1d6dc1dc32	PATCH	/application/69c2a3bbb6e9161547017089	http://localhost:3000	::ffff:172.18.0.1
20260325	12:23:11	6731d17f-9272-4c90-89c9-6b14e3957e9c	GET	/application/69c2a3bbb6e9161547017089	http://localhost:3000	::ffff:172.18.0.1
20260325	12:23:18	1a7bc333-689b-4b7c-94cb-45c63ff7a22b	OPTIONS	/application	http://localhost:3000	::ffff:172.18.0.1
20260325	12:23:18	aebdb324-f58d-4d1c-bbef-258d92eeaad0	GET	/application	http://localhost:3000	::ffff:172.18.0.1
20260325	12:26:59	823f7abe-b922-4ca3-bd41-08f3df06e143	GET	/application/69c2a3bbb6e9161547017089	http://localhost:3000	::ffff:172.18.0.1
20260325	12:26:59	aa4ebb96-5d05-434b-8f93-7b0d6c49f3fe	GET	/auth/refresh	http://localhost:3000	::ffff:172.18.0.1
20260325	12:26:59	0882b823-4abb-4007-a537-2507508d6590	GET	/auth/refresh	http://localhost:3000	::ffff:172.18.0.1
20260325	12:26:59	b2388c15-baf5-437c-91b3-e8bfed333d88	OPTIONS	/application/69c2a3bbb6e9161547017089	http://localhost:3000	::ffff:172.18.0.1
20260325	12:27:00	892a39b4-56e1-4e82-b591-79e5155f834b	GET	/application/69c2a3bbb6e9161547017089	http://localhost:3000	::ffff:172.18.0.1
20260325	12:29:55	5b942199-01db-40ad-8107-754ea5d817da	GET	/application/69c2a3bbb6e9161547017089	http://localhost:3000	::ffff:172.18.0.1
20260325	12:29:55	90d222aa-2048-467c-89a1-baf33b3180bb	GET	/auth/refresh	http://localhost:3000	::ffff:172.18.0.1
20260325	12:30:07	ca5844a9-1687-426b-b0c1-97343795d171	GET	/auth/refresh	http://localhost:3000	::ffff:172.18.0.1
20260325	12:30:08	e5548d57-0b55-46d0-b142-cf07d81c6496	OPTIONS	/application/69c2a3bbb6e9161547017089	http://localhost:3000	::ffff:172.18.0.1
20260325	12:30:08	f1434cd8-9305-44d1-817a-761a9ea3bb0c	GET	/application/69c2a3bbb6e9161547017089	http://localhost:3000	::ffff:172.18.0.1
20260325	12:34:37	83b5c099-7468-4845-a222-4fa26a1bf19d	OPTIONS	/application/69c2a3bbb6e9161547017089	http://localhost:3000	::ffff:172.18.0.1
20260325	12:34:37	1626f8bc-eae4-4323-b67a-43ebe9a2b154	PATCH	/application/69c2a3bbb6e9161547017089	http://localhost:3000	::ffff:172.18.0.1
20260325	12:34:39	f85ffaa3-682a-4054-ab5e-2d3a55deff70	GET	/application/69c2a3bbb6e9161547017089	http://localhost:3000	::ffff:172.18.0.1
20260325	12:34:46	5e251c5c-8bcf-421a-95d8-9a3b6099d489	OPTIONS	/application	http://localhost:3000	::ffff:172.18.0.1
20260325	12:34:46	74fcbda2-df64-4c53-8381-86a9a7a9d151	GET	/application	http://localhost:3000	::ffff:172.18.0.1
20260325	12:36:14	779fd5fb-7022-4dab-ba52-3f8c455ddece	GET	/application	http://localhost:3000	::ffff:172.18.0.1
20260325	12:36:14	abe43768-940f-4133-9f2f-bd12725db0c4	GET	/auth/refresh	http://localhost:3000	::ffff:172.18.0.1
20260325	12:36:14	d08e1bf0-ff12-458d-afaa-7fa814a347bd	GET	/auth/refresh	http://localhost:3000	::ffff:172.18.0.1
20260325	12:36:14	bc533164-6355-47af-8aa9-e20c6c6380a4	OPTIONS	/application	http://localhost:3000	::ffff:172.18.0.1
20260325	12:36:14	c997ff11-9307-415d-bf3c-f10c15bb12d4	GET	/application	http://localhost:3000	::ffff:172.18.0.1
20260325	12:37:31	12ebb686-5e9f-4450-8a80-5a4cb78ac21f	OPTIONS	/application/69c2bd9a2400c35a2dcf1a2b	http://localhost:3000	::ffff:172.18.0.1
20260325	12:37:31	d7e9f15d-a99c-47c7-a490-37d15720603f	GET	/application/69c2bd9a2400c35a2dcf1a2b	http://localhost:3000	::ffff:172.18.0.1
20260325	12:37:39	14c9765c-49c3-4296-a47d-30995164da09	OPTIONS	/application/apply/courses	http://localhost:3000	::ffff:172.18.0.1
20260325	12:37:40	27303f96-1bac-4fbd-8707-ec33090ee478	GET	/application/apply/courses	http://localhost:3000	::ffff:172.18.0.1
20260325	12:40:56	a6011d7a-888a-4355-987b-54a9354e7f66	OPTIONS	/auth/refresh	http://localhost:3000	::ffff:172.18.0.1
20260325	12:40:56	6641b9e7-9f1d-4dbd-8745-93a16101729e	OPTIONS	/application/69c2bd9a2400c35a2dcf1a2b	http://localhost:3000	::ffff:172.18.0.1
20260325	12:40:57	7e842e4b-2e24-4738-a1c4-e25214dc3d34	GET	/application/69c2bd9a2400c35a2dcf1a2b	http://localhost:3000	::ffff:172.18.0.1
20260325	12:40:57	97c741d0-61bc-487b-b1b2-4b43dbc2d43e	GET	/auth/refresh	http://localhost:3000	::ffff:172.18.0.1
20260325	12:41:00	62986863-a42e-4001-ba9d-1148ce65f99a	OPTIONS	/application/apply/courses	http://localhost:3000	::ffff:172.18.0.1
20260325	12:41:02	3623a583-48de-4d89-bb92-40ce4b535906	GET	/application/apply/courses	http://localhost:3000	::ffff:172.18.0.1
20260325	12:41:02	750c078f-477e-4df1-8553-5111942b1a25	GET	/application/courses/categories	http://localhost:3000	::ffff:172.18.0.1
20260325	12:41:01	35f95471-5a81-4a5c-80a1-7ca3f309e4ea	OPTIONS	/application/courses/categories	http://localhost:3000	::ffff:172.18.0.1
20260325	12:41:10	e1906154-5ee5-467c-af01-36128ccab633	OPTIONS	/application	http://localhost:3000	::ffff:172.18.0.1
20260325	12:41:10	f7ae9eb5-79df-4a2b-b210-d07e0f6b3da6	GET	/application	http://localhost:3000	::ffff:172.18.0.1
20260325	12:53:07	066b9f49-f810-4a7a-9905-874152c36652	OPTIONS	/application/apply/courses	http://localhost:3000	::ffff:172.18.0.1
20260325	12:53:07	19326cab-34bb-4412-ba6b-c8f69b00caa2	GET	/application/apply/courses	http://localhost:3000	::ffff:172.18.0.1
20260325	12:58:14	fa695762-eed5-4c56-ae13-f003b0c5260b	OPTIONS	/application/apply/courses	http://localhost:3000	::ffff:172.18.0.1
20260325	12:58:14	f1747944-fe11-495f-8c89-0848c3cb72f1	GET	/application/apply/courses	http://localhost:3000	::ffff:172.18.0.1
20260325	12:58:31	1640c008-c39b-42c3-bb05-3fb955a10df9	OPTIONS	/application/courses/categories	http://localhost:3000	::ffff:172.18.0.1
20260325	12:58:31	bf161248-78cb-4450-acdb-ffda4c01884c	GET	/application/courses/categories	http://localhost:3000	::ffff:172.18.0.1
20260325	12:58:49	0701486a-1a30-4500-8bb4-ccfe3656b4a1	OPTIONS	/application	http://localhost:3000	::ffff:172.18.0.1
20260325	12:58:49	d2fd3dfa-0bcd-46e0-9168-e36cd91af032	GET	/application	http://localhost:3000	::ffff:172.18.0.1
20260325	12:58:57	ca2cac59-e55d-45d6-aa5f-3a0dc99797ee	GET	/application/69c2bd9a2400c35a2dcf1a2b	http://localhost:3000	::ffff:172.18.0.1
20260325	12:58:57	c5009181-64e9-4126-94c0-ff7806913052	OPTIONS	/application/69c2bd9a2400c35a2dcf1a2b	http://localhost:3000	::ffff:172.18.0.1
20260325	13:10:24	7fe07659-d66c-4dbd-b0b0-742d04ae6cf8	OPTIONS	/application/apply/courses	http://localhost:3000	::ffff:172.18.0.1
20260325	13:10:24	6e2af816-8e88-4c73-9e1a-6bc71643adda	GET	/application/apply/courses	http://localhost:3000	::ffff:172.18.0.1
20260325	13:16:52	629237c7-17c1-4690-aaae-6d2c911eda73	OPTIONS	/application/apply/courses	http://localhost:3000	::ffff:172.18.0.1
20260325	13:16:52	bfc34b64-74b5-468f-bc8f-2820550fd375	GET	/application/apply/courses	http://localhost:3000	::ffff:172.18.0.1
20260325	13:19:09	b9dbc70a-01b8-44f1-983c-04bd0b35a3d2	GET	/application/69c2bd9a2400c35a2dcf1a2b	http://localhost:3000	::ffff:172.18.0.1
20260325	13:19:09	223fe94a-642f-4fb6-83e6-60e93c8b99c9	GET	/auth/refresh	http://localhost:3000	::ffff:172.18.0.1
20260325	13:19:10	4d16cedb-7fff-4aec-a847-cc09422b067a	GET	/auth/refresh	http://localhost:3000	::ffff:172.18.0.1
20260325	13:19:10	8214b0dc-75f4-48f0-a695-f270dc1f91b0	OPTIONS	/application/69c2bd9a2400c35a2dcf1a2b	http://localhost:3000	::ffff:172.18.0.1
20260325	13:19:10	e278e6f3-cb90-4e13-8304-f1ca1de4fcbb	GET	/application/69c2bd9a2400c35a2dcf1a2b	http://localhost:3000	::ffff:172.18.0.1
20260325	13:19:09	940dc7ca-dc23-4668-a546-3a8aace44741	OPTIONS	/application/apply/courses	http://localhost:3000	::ffff:172.18.0.1
20260325	13:19:10	448b7160-0ef9-4f5a-9d4c-2ba0362bc06d	GET	/application/apply/courses	http://localhost:3000	::ffff:172.18.0.1
20260325	13:27:32	431192e1-fb3d-42dc-bc2b-51864b4d3735	OPTIONS	/application/apply/courses	http://localhost:3000	::ffff:172.18.0.1
20260325	13:27:32	babbc603-ffd6-4b75-a941-462ac9b907a3	GET	/application/apply/courses	http://localhost:3000	::ffff:172.18.0.1
20260325	13:41:03	95f63c14-a763-480e-b8d0-1b987c48211c	OPTIONS	/application/apply/courses	http://localhost:3000	::ffff:172.18.0.1
20260325	13:41:03	4195792e-04ad-4fac-ad65-7984f2443da8	GET	/application/apply/courses	http://localhost:3000	::ffff:172.18.0.1
20260325	13:41:42	c5a3eab7-1060-42db-a237-c0735d54a796	GET	/auth/refresh	http://localhost:3000	::ffff:172.18.0.1
20260325	13:41:42	a30e3e02-0d15-4f2b-b6f3-087db8358335	GET	/application/69c2bd9a2400c35a2dcf1a2b	http://localhost:3000	::ffff:172.18.0.1
20260325	13:41:42	45be02fa-b995-46fa-89ba-258a4c1ea504	GET	/auth/refresh	http://localhost:3000	::ffff:172.18.0.1
20260325	13:41:43	f31d53a3-b937-41ab-8ba4-4244dfda0451	GET	/application/69c2bd9a2400c35a2dcf1a2b	http://localhost:3000	::ffff:172.18.0.1
20260325	13:41:43	cdb6d0c5-7018-4517-8c17-6a58543a8b79	OPTIONS	/application/69c2bd9a2400c35a2dcf1a2b	http://localhost:3000	::ffff:172.18.0.1
20260325	13:41:44	5278750b-11d7-4b57-bb27-345b3fe622e0	OPTIONS	/application/apply/courses	http://localhost:3000	::ffff:172.18.0.1
20260325	13:41:45	9c760f09-ab91-4b7e-8f01-a7253298d655	GET	/application/apply/courses	http://localhost:3000	::ffff:172.18.0.1
20260325	13:43:05	1d372c92-c67c-4539-ae4a-5da3d15c9aea	GET	/application/69c2bd9a2400c35a2dcf1a2b	http://localhost:3000	::ffff:172.18.0.1
20260325	13:43:05	5fb5c022-718f-44ad-806d-29101ebca4d4	GET	/auth/refresh	http://localhost:3000	::ffff:172.18.0.1
20260325	13:43:05	3c1c5188-b733-4ca1-b721-8058a0c8a266	GET	/auth/refresh	http://localhost:3000	::ffff:172.18.0.1
20260325	13:43:05	55f26d9b-788c-46aa-8904-cf0534b1bbf2	OPTIONS	/application/69c2bd9a2400c35a2dcf1a2b	http://localhost:3000	::ffff:172.18.0.1
20260325	13:43:05	10e2295f-13d6-4f81-b219-dadbfdabdaa7	GET	/application/69c2bd9a2400c35a2dcf1a2b	http://localhost:3000	::ffff:172.18.0.1
20260325	13:43:08	de631283-578a-4463-adc5-d7ed8ba457db	OPTIONS	/application/apply/courses	http://localhost:3000	::ffff:172.18.0.1
20260325	13:43:09	17d058cb-28c7-4f11-8b42-b508de17060a	GET	/application/apply/courses	http://localhost:3000	::ffff:172.18.0.1
20260325	13:45:44	6ddab3d5-3851-4678-8bed-5e13b56cb775	GET	/application/69c2bd9a2400c35a2dcf1a2b	http://localhost:3000	::ffff:172.18.0.1
20260325	13:45:44	54e561a0-4ed5-4c46-8ec0-a96dd49f15fe	GET	/auth/refresh	http://localhost:3000	::ffff:172.18.0.1
20260325	13:45:44	990547a8-cd40-4ef0-ac47-82ad0b0fc7f2	GET	/auth/refresh	http://localhost:3000	::ffff:172.18.0.1
20260325	13:45:44	a524401f-ac0a-43c3-9814-b803fe4dcd03	OPTIONS	/application/69c2bd9a2400c35a2dcf1a2b	http://localhost:3000	::ffff:172.18.0.1
20260325	13:45:44	e76ab2f2-c98a-4c78-ab8e-432aca55e48c	GET	/application/69c2bd9a2400c35a2dcf1a2b	http://localhost:3000	::ffff:172.18.0.1
20260325	13:45:46	40b3f0ed-039a-498b-a6bb-29eccd2abafc	OPTIONS	/application/apply/courses	http://localhost:3000	::ffff:172.18.0.1
20260325	13:45:46	f3413a48-449f-426c-ac41-1a738e76a867	GET	/application/apply/courses	http://localhost:3000	::ffff:172.18.0.1
20260325	13:46:57	fd469b34-3879-4203-8997-9f5aee45df50	GET	/auth/refresh	http://localhost:3000	::ffff:172.18.0.1
20260325	13:46:57	deb6217d-3e82-4257-bcf3-806d1a70ec90	GET	/application/69c2bd9a2400c35a2dcf1a2b	http://localhost:3000	::ffff:172.18.0.1
20260325	13:46:57	ee0a0359-e06d-4c49-89fe-2515ea05e7a2	GET	/auth/refresh	http://localhost:3000	::ffff:172.18.0.1
20260325	13:46:57	83a6125a-aed8-4489-b653-4fc2b3a50682	OPTIONS	/application/69c2bd9a2400c35a2dcf1a2b	http://localhost:3000	::ffff:172.18.0.1
20260325	13:46:57	227f50bf-3360-4e3b-8979-36e28e2b04e6	GET	/application/69c2bd9a2400c35a2dcf1a2b	http://localhost:3000	::ffff:172.18.0.1
20260325	13:47:00	d8b599c7-e8a8-4a87-945f-76d484db808a	OPTIONS	/application/apply/courses	http://localhost:3000	::ffff:172.18.0.1
20260325	13:47:00	9c374d64-2975-4ce4-bbe4-2175951d2416	GET	/application/apply/courses	http://localhost:3000	::ffff:172.18.0.1
20260325	13:54:59	b604cf36-300a-4c48-9890-7fa7504c4531	OPTIONS	/application/69c2bd9a2400c35a2dcf1a2b	http://localhost:3000	::ffff:172.18.0.1
20260325	13:54:59	5f3f88d7-b17f-45f8-9f4e-4d7f973a2fba	PATCH	/application/69c2bd9a2400c35a2dcf1a2b	http://localhost:3000	::ffff:172.18.0.1
20260325	13:55:00	81cd106b-777b-4fd0-8b88-1c41e77652c2	GET	/application/apply/courses	http://localhost:3000	::ffff:172.18.0.1
20260325	13:55:00	841c300a-9abf-49d3-a7cd-520c885500d5	OPTIONS	/application/apply/courses	http://localhost:3000	::ffff:172.18.0.1
20260325	13:56:36	a916acb8-e4e7-4980-a85e-6b773aeae97f	OPTIONS	/application/69c2bd9a2400c35a2dcf1a2b	http://localhost:3000	::ffff:172.18.0.1
20260325	13:56:36	76a22ed5-3cad-4b1b-9a0d-db8e59892044	PATCH	/application/69c2bd9a2400c35a2dcf1a2b	http://localhost:3000	::ffff:172.18.0.1
20260325	13:56:48	6da972b7-c279-46d8-a42c-f313e6b32862	GET	/application/courses/categories	http://localhost:3000	::ffff:172.18.0.1
20260325	13:56:48	e5a70f3d-9779-4061-89d1-fa298f6c4c35	OPTIONS	/application/courses/categories	http://localhost:3000	::ffff:172.18.0.1
20260325	13:57:02	67cfec6e-5cda-4cae-b930-955092323c07	OPTIONS	/application	http://localhost:3000	::ffff:172.18.0.1
20260325	13:57:03	39d937bc-a2c9-4316-b333-e8221a544429	GET	/application	http://localhost:3000	::ffff:172.18.0.1
20260325	13:57:16	e99820a5-4cb4-48b7-8b84-e3cd73204208	OPTIONS	/application/69c2bd9a2400c35a2dcf1a2b	http://localhost:3000	::ffff:172.18.0.1
20260325	13:57:16	02982fb9-10ad-4ada-879b-b25f2f246f27	GET	/application/69c2bd9a2400c35a2dcf1a2b	http://localhost:3000	::ffff:172.18.0.1
20260325	14:03:57	b3098cef-e29c-4964-97e7-701dd2a1b2a8	GET	/application/apply/courses	http://localhost:3000	::ffff:172.18.0.1
20260325	14:03:57	ea8e258f-032e-43bb-881c-076c1759df86	OPTIONS	/application/apply/courses	http://localhost:3000	::ffff:172.18.0.1
20260325	14:07:43	5782f6d5-0c33-41e6-81b7-4d28a009c24b	OPTIONS	/auth/refresh	http://localhost:3000	::ffff:172.18.0.1
20260325	14:07:44	1193cb40-ec32-4c73-a77c-56feae3304bd	GET	/auth/refresh	http://localhost:3000	::ffff:172.18.0.1
20260325	14:09:19	6b69506c-e77a-4aec-b033-f98413f2f9ee	OPTIONS	/application/apply/courses	http://localhost:3000	::ffff:172.18.0.1
20260325	14:09:19	ad343659-576e-452f-b254-98e881b3dedf	GET	/application/apply/courses	http://localhost:3000	::ffff:172.18.0.1
20260325	15:33:49	56537ed9-95cf-4de4-b265-685648075545	OPTIONS	/application/apply/courses	http://localhost:3000	::ffff:172.18.0.1
20260325	15:33:49	c63c67a0-b700-4914-aa1b-07d9d71acc66	GET	/application/apply/courses	http://localhost:3000	::ffff:172.18.0.1
20260325	15:44:33	555e9683-46f5-4b87-989c-488db844f970	OPTIONS	/application/apply/courses	http://localhost:3000	::ffff:172.18.0.1
20260325	15:44:34	f4035e88-943b-4a50-ad9a-a6e55c990cf6	GET	/application/apply/courses	http://localhost:3000	::ffff:172.18.0.1
20260325	15:45:18	83b5c24f-ab80-4b58-b87c-876aa506a6a7	GET	/auth/refresh	http://localhost:3000	::ffff:172.18.0.1
20260325	15:45:18	dc53f370-9552-436a-bb60-e5d7f93cee61	GET	/application/69c2bd9a2400c35a2dcf1a2b	http://localhost:3000	::ffff:172.18.0.1
20260325	15:45:18	928d2830-85a3-48c2-9d85-94f36c7fef60	GET	/auth/refresh	http://localhost:3000	::ffff:172.18.0.1
20260325	15:46:10	9c739d75-6859-4381-9f57-6b681eb16739	OPTIONS	/auth/google	http://localhost:3000	::ffff:172.18.0.1
20260325	15:46:11	4da46a16-e33c-4aed-bc66-b2b5b7634658	POST	/auth/google	http://localhost:3000	::ffff:172.18.0.1
20260325	15:46:18	093909de-2db7-4e96-bdd8-af046c8f0230	OPTIONS	/application	http://localhost:3000	::ffff:172.18.0.1
20260325	15:46:18	21ce8bdd-2d20-4362-afd4-8473cec16cef	OPTIONS	/auth/refresh	http://localhost:3000	::ffff:172.18.0.1
20260325	15:46:18	76b005a3-5e31-4d4f-b2dc-e319c6f60557	GET	/application	http://localhost:3000	::ffff:172.18.0.1
20260325	15:46:18	abb42f5e-58a7-40d4-b665-6d724e02bc1b	GET	/auth/refresh	http://localhost:3000	::ffff:172.18.0.1
20260325	15:46:55	19bcbb26-621c-42c2-b3fb-d95fb08d65d3	OPTIONS	/application/apply/courses	http://localhost:3000	::ffff:172.18.0.1
20260325	15:46:55	8c124fee-4f37-4579-8435-552e36548bce	GET	/application/apply/courses	http://localhost:3000	::ffff:172.18.0.1
20260325	15:54:32	5360edc0-817e-4294-ab43-381b4779f471	GET	/auth/refresh	http://localhost:3000	::ffff:172.18.0.1
20260325	15:54:32	2b368024-6cd8-448c-baa6-67e68e1c419f	GET	/application	http://localhost:3000	::ffff:172.18.0.1
20260325	15:54:32	14ff77c8-6bef-4997-ae50-607e35ebb29e	OPTIONS	/auth/refresh	http://localhost:3000	::ffff:172.18.0.1
20260325	15:54:32	cd9f7efd-dc49-406d-9438-f47e34311027	GET	/auth/refresh	http://localhost:3000	::ffff:172.18.0.1
20260325	15:54:33	b8c191df-5b1a-4652-b63f-4693ba05b0e9	OPTIONS	/application	http://localhost:3000	::ffff:172.18.0.1
20260325	15:54:33	9c51af7b-9af1-48d3-aef2-5c39a2f955ca	GET	/application	http://localhost:3000	::ffff:172.18.0.1
20260325	15:55:00	144bbb11-6e30-4ef2-8681-a7319ab0a5c5	GET	/application/69c2bd9a2400c35a2dcf1a2b	http://localhost:3000	::ffff:172.18.0.1
20260325	15:55:00	e5d67d15-be36-42d5-a292-1460771ec648	OPTIONS	/application/69c2bd9a2400c35a2dcf1a2b	http://localhost:3000	::ffff:172.18.0.1
20260325	15:55:00	f143a110-33d0-45cb-bb1e-963bbbc97905	GET	/application/apply/courses	http://localhost:3000	::ffff:172.18.0.1
20260325	15:55:00	dfb09921-7395-4e88-ba4f-d9dd9f2438a0	OPTIONS	/application/apply/courses	http://localhost:3000	::ffff:172.18.0.1
20260325	15:56:10	75df3141-c96b-4e8c-8383-cd89e040afa4	GET	/application/69c2bd9a2400c35a2dcf1a2b	http://localhost:3000	::ffff:172.18.0.1
20260325	15:56:11	ed7df6ff-151e-4180-9bdf-f0305a62c9f2	GET	/auth/refresh	http://localhost:3000	::ffff:172.18.0.1
20260325	15:56:11	ce1dc11c-a85f-48c5-975b-d66f320b263f	GET	/auth/refresh	http://localhost:3000	::ffff:172.18.0.1
20260325	15:56:11	0e2a3c39-d5a8-4003-92fd-e0dae3eec6d9	OPTIONS	/application/69c2bd9a2400c35a2dcf1a2b	http://localhost:3000	::ffff:172.18.0.1
20260325	15:56:11	2182931c-c67c-46fe-bce5-1f2177a8723c	GET	/application/69c2bd9a2400c35a2dcf1a2b	http://localhost:3000	::ffff:172.18.0.1
20260325	15:56:14	7ee8c691-58b8-49a2-a303-a2836c2b4972	OPTIONS	/application/apply/courses	http://localhost:3000	::ffff:172.18.0.1
20260325	15:56:15	c3716a27-1362-493a-bfb7-840cce416713	GET	/application/apply/courses	http://localhost:3000	::ffff:172.18.0.1
20260325	15:57:37	8771b729-9162-4f97-a720-016327be9ebf	OPTIONS	/application	http://localhost:3000	::ffff:172.18.0.1
20260325	15:57:37	f4895d9b-e1c0-4d93-9c13-c5cbc2f690f7	GET	/application	http://localhost:3000	::ffff:172.18.0.1
20260325	16:06:13	f698cb5c-da04-4bae-b756-2f8fb4707178	OPTIONS	/application/apply/courses	http://localhost:3000	::ffff:172.18.0.1
20260325	16:06:13	bb33a321-c913-408b-bd13-54f3810c1380	GET	/application/apply/courses	http://localhost:3000	::ffff:172.18.0.1
20260325	16:06:20	b0dc0dbc-7610-4eae-8ef2-9870ca1453bf	OPTIONS	/application/courses	http://localhost:3000	::ffff:172.18.0.1
20260325	16:06:20	63bdad84-f6c6-4788-a858-b26feb2874e4	POST	/application/courses	http://localhost:3000	::ffff:172.18.0.1
20260325	16:08:58	846c24b8-b30a-49a5-8dfd-59bbf4b9fe64	OPTIONS	/application/courses	http://localhost:3000	::ffff:172.18.0.1
20260325	16:08:58	8edd437d-b63e-47c8-b37d-3e82d3468b7e	POST	/application/courses	http://localhost:3000	::ffff:172.18.0.1
20260325	16:13:07	3c11330d-e93a-439f-9710-526bc103eeab	OPTIONS	/application/courses	http://localhost:3000	::ffff:172.18.0.1
20260325	16:13:07	0302a170-4f79-41da-bf2e-6942f90300c2	POST	/application/courses	http://localhost:3000	::ffff:172.18.0.1
20260325	16:14:49	d2d2b5d0-0fd0-45ad-ad74-9b5e8fe6e055	OPTIONS	/application/courses	http://localhost:3000	::ffff:172.18.0.1
20260325	16:14:49	c29eb436-c0c0-40d5-b296-8c002da86525	POST	/application/courses	http://localhost:3000	::ffff:172.18.0.1
20260325	16:16:42	726a302c-8e18-4b93-84ce-a9f6c89c19a8	OPTIONS	/application/courses	http://localhost:3000	::ffff:172.18.0.1
20260325	16:16:42	a8fa0d7c-8f92-40aa-8f8c-30e0e15aa808	POST	/application/courses	http://localhost:3000	::ffff:172.18.0.1
20260325	16:16:46	4fc8b0ad-dd65-4975-8fae-b7f4fb5a4b88	POST	/application/courses	http://localhost:3000	::ffff:172.18.0.1
20260325	16:16:48	1ea10805-daa2-461d-abe0-9dc8f8c5320f	OPTIONS	/application/courses	http://localhost:3000	::ffff:172.18.0.1
20260325	16:16:48	a2a6a6da-5ea4-4677-aab2-b4912a314af0	POST	/application/courses	http://localhost:3000	::ffff:172.18.0.1
20260325	16:18:00	1676bc62-3d67-4e47-866e-1dce7a41188c	OPTIONS	/application/courses	http://localhost:3000	::ffff:172.18.0.1
20260325	16:18:00	e1792345-63d9-46cd-81b8-45d16110e648	POST	/application/courses	http://localhost:3000	::ffff:172.18.0.1
20260325	16:20:58	93102f3f-af1d-48d8-afff-b203c6a4e67e	OPTIONS	/application/courses	http://localhost:3000	::ffff:172.18.0.1
20260325	16:20:58	eeb75d02-69ae-4ef6-8640-86c76f88d156	POST	/application/courses	http://localhost:3000	::ffff:172.18.0.1
20260325	16:21:20	4ebee66c-c048-490d-91c3-646d493a83f9	POST	/application/courses	http://localhost:3000	::ffff:172.18.0.1
20260325	16:21:20	30e2f8fe-29ab-4bef-aea6-b6aaf6757df2	OPTIONS	/application/courses	http://localhost:3000	::ffff:172.18.0.1
20260325	16:21:41	29624faa-b744-4b58-b4b9-391f0fb05bba	OPTIONS	/application/courses/categories	http://localhost:3000	::ffff:172.18.0.1
20260325	16:21:42	121a15f0-5e2e-48ec-a188-06eb8422553c	OPTIONS	/application/apply/courses	http://localhost:3000	::ffff:172.18.0.1
20260325	16:21:42	9e55dc0a-83a1-4f39-9488-29eddd52cdac	GET	/application/apply/courses	http://localhost:3000	::ffff:172.18.0.1
20260325	16:21:42	be3de251-5faa-4088-a018-e4bbc8ba06b7	GET	/application/courses/categories	http://localhost:3000	::ffff:172.18.0.1
20260325	16:22:11	ec6ea396-f726-41ad-abcf-e949e5e8ef2a	OPTIONS	/application	http://localhost:3000	::ffff:172.18.0.1
20260325	16:22:11	12e233e9-ac1f-4607-982d-59b08226464f	GET	/application	http://localhost:3000	::ffff:172.18.0.1
20260325	16:22:17	2a28df12-4400-4149-bdea-91e8bdbba19f	OPTIONS	/application/69c2bd9a2400c35a2dcf1a2b	http://localhost:3000	::ffff:172.18.0.1
20260325	16:22:17	aa1bd08f-9e11-4165-adf9-a712271c4a97	GET	/application/69c2bd9a2400c35a2dcf1a2b	http://localhost:3000	::ffff:172.18.0.1
20260325	16:23:34	b24ff46f-6eb8-4018-98ca-2dba8257ad8e	OPTIONS	/auth/logout	http://localhost:3000	::ffff:172.18.0.1
20260325	16:23:35	240e9a51-6c4f-4137-b6da-c75f3b719ab8	POST	/auth/logout	http://localhost:3000	::ffff:172.18.0.1
20260325	16:24:45	ef66c7e7-2b77-4591-93af-9ade9001e626	OPTIONS	/auth/google	http://localhost:3000	::ffff:172.18.0.1
20260325	16:24:46	d7e0afc1-f7bb-46ba-b4c9-17d0a1ac0cae	POST	/auth/google	http://localhost:3000	::ffff:172.18.0.1
20260325	16:24:51	f488bfd1-f17b-44ac-969a-1ea401c3f7fb	OPTIONS	/auth/refresh	http://localhost:3000	::ffff:172.18.0.1
20260325	16:24:51	907b67e0-94ea-4550-8aff-e10958de88bd	GET	/auth/refresh	http://localhost:3000	::ffff:172.18.0.1
20260325	16:25:16	bbbc1d46-f150-4e29-921d-74eb9783f5fd	OPTIONS	/application/courses	http://localhost:3000	::ffff:172.18.0.1
20260325	16:25:16	518b8a18-2e3f-40a9-8724-b7d33dac851d	POST	/application/courses	http://localhost:3000	::ffff:172.18.0.1
20260325	16:25:28	34f55fdb-2683-43dc-8134-b554df10466f	OPTIONS	/application/courses	http://localhost:3000	::ffff:172.18.0.1
20260325	16:25:28	8150521e-2ad0-4eb0-b448-6de47f3623b4	POST	/application/courses	http://localhost:3000	::ffff:172.18.0.1
20260325	16:25:31	1a78fbe7-ebca-4c1d-a880-b6f3fa3e5ac7	OPTIONS	/application/69c2bd9a2400c35a2dcf1a2b	http://localhost:3000	::ffff:172.18.0.1
20260325	16:25:31	ab5436f6-b7a0-453f-b433-3ba64a8ff8a5	GET	/application/69c2bd9a2400c35a2dcf1a2b	http://localhost:3000	::ffff:172.18.0.1
20260325	16:28:57	a813aa12-e7af-4948-b961-1cbeda0eb3bb	GET	/auth/refresh	http://localhost:3000	::ffff:172.18.0.1
20260325	16:28:56	0e1120e5-213d-482b-afd0-7740756d9ff3	GET	/application/69c2bd9a2400c35a2dcf1a2b	http://localhost:3000	::ffff:172.18.0.1
20260325	16:28:57	e8ee14f6-751e-4ef9-aa5d-3ac3d913773b	GET	/auth/refresh	http://localhost:3000	::ffff:172.18.0.1
20260325	16:28:57	6c9f533e-f0c0-458b-9512-470a13de3f99	OPTIONS	/application/69c2bd9a2400c35a2dcf1a2b	http://localhost:3000	::ffff:172.18.0.1
20260325	16:28:57	b00ee24f-f55f-4309-bc72-b47033077647	GET	/application/69c2bd9a2400c35a2dcf1a2b	http://localhost:3000	::ffff:172.18.0.1
20260325	16:29:00	20660c30-d319-44f7-8c0a-a84be2d2bb22	GET	/application/apply/courses	http://localhost:3000	::ffff:172.18.0.1
20260325	16:29:00	67d7c804-48bd-4620-bd9c-dd6654598879	OPTIONS	/application/apply/courses	http://localhost:3000	::ffff:172.18.0.1
20260325	16:29:19	253b306c-062b-4c94-a026-1136203f5fef	OPTIONS	/application/courses	http://localhost:3000	::ffff:172.18.0.1
20260325	16:29:19	35bc5b43-a0da-4570-bdc2-001ae1cbfa45	POST	/application/courses	http://localhost:3000	::ffff:172.18.0.1
20260325	16:29:21	dea9b5c4-69cc-4b31-b264-d0229385704a	OPTIONS	/application/69c2bd9a2400c35a2dcf1a2b	http://localhost:3000	::ffff:172.18.0.1
20260325	16:29:21	1c1bc955-437b-4397-a056-e8da88b79577	GET	/application/69c2bd9a2400c35a2dcf1a2b	http://localhost:3000	::ffff:172.18.0.1
20260325	16:30:11	c423cd41-e5ed-4aa9-99a6-f793a8ddfa85	OPTIONS	/application/courses	http://localhost:3000	::ffff:172.18.0.1
20260325	16:30:11	02eb51b7-57ae-4404-a9f8-cf3f5522edbf	POST	/application/courses	http://localhost:3000	::ffff:172.18.0.1
20260325	16:30:14	f666dfdf-28eb-47b0-9018-ec6fe0e26358	OPTIONS	/application/69c2bd9a2400c35a2dcf1a2b	http://localhost:3000	::ffff:172.18.0.1
20260325	16:30:14	3b7b132e-9d5a-4afa-88d4-6788f2a21e8b	GET	/application/69c2bd9a2400c35a2dcf1a2b	http://localhost:3000	::ffff:172.18.0.1
20260325	16:45:00	69dcd1c3-e265-40c8-86e1-c608735649dd	OPTIONS	/application	http://localhost:3000	::ffff:172.18.0.1
20260325	16:45:00	ebc1f998-3df3-4dc0-b802-a5c7c90d5480	GET	/application	http://localhost:3000	::ffff:172.18.0.1
20260325	16:46:01	9c665fc4-ced5-4874-8ef7-df108caee3f9	GET	/application/apply/courses	http://localhost:3000	::ffff:172.18.0.1
20260325	16:46:01	9111871a-33a3-40a0-beaf-a66730bef457	OPTIONS	/application/apply/courses	http://localhost:3000	::ffff:172.18.0.1
20260325	16:46:04	d5d1780e-7221-4148-91bc-5986a18f83eb	OPTIONS	/application/courses	http://localhost:3000	::ffff:172.18.0.1
20260325	16:46:04	513061e6-a256-42c0-b7af-70360d0faf3b	POST	/application/courses	http://localhost:3000	::ffff:172.18.0.1
20260325	17:09:17	4de683eb-6b87-4794-af1d-e2b41fa7a54a	OPTIONS	/auth/google	http://localhost:3000	::ffff:172.18.0.1
20260325	17:09:17	39c0a7af-ed1c-4a2e-916f-de9da16c815b	POST	/auth/google	http://localhost:3000	::ffff:172.18.0.1
20260325	17:10:18	7ffa675f-493f-475c-bb65-0fd566040fc9	OPTIONS	/auth	http://localhost:3000	::ffff:172.18.0.1
20260325	17:10:18	0b86f042-87a1-4b4a-bd1f-c246420b75d0	POST	/auth	http://localhost:3000	::ffff:172.18.0.1
20260325	17:12:29	1e992b98-6721-44cd-b1a2-dee5ce1c6d31	OPTIONS	/auth	http://localhost:3000	::ffff:172.18.0.1
20260325	17:12:29	7d148e3f-5e75-47c4-ae89-bf511673fbc8	POST	/auth	http://localhost:3000	::ffff:172.18.0.1
20260325	17:12:39	ab4b70e9-98bd-4886-a6fd-4f4f4821384c	OPTIONS	/application	http://localhost:3000	::ffff:172.18.0.1
20260325	17:12:39	049f3034-c310-4072-b830-8b84001a6f48	OPTIONS	/auth/refresh	http://localhost:3000	::ffff:172.18.0.1
20260325	17:12:39	412944a6-1a0d-47a3-850f-7e2c38a2fa72	GET	/application	http://localhost:3000	::ffff:172.18.0.1
20260325	17:12:39	4ca49694-ef4b-472c-ab12-163e87295eb2	GET	/auth/refresh	http://localhost:3000	::ffff:172.18.0.1
20260325	17:13:04	75bccd5e-1a0d-4f8d-b211-564b7efa5afc	OPTIONS	/application/courses/categories	http://localhost:3000	::ffff:172.18.0.1
20260325	17:13:04	34232391-5395-4461-9dff-c3a948782e61	OPTIONS	/application/apply/courses	http://localhost:3000	::ffff:172.18.0.1
20260325	17:13:04	509fcfae-5274-49b0-8514-10f649121c9c	GET	/application/apply/courses	http://localhost:3000	::ffff:172.18.0.1
20260325	17:13:04	e1c324d9-dd6c-4f2d-8329-b697a0415b7e	GET	/application/courses/categories	http://localhost:3000	::ffff:172.18.0.1
20260325	17:15:41	9d0f2b9b-48ae-4649-a658-3de8330c71d5	GET	/application/apply/courses	http://localhost:3000	::ffff:172.18.0.1
20260325	17:15:41	9dbfb9a3-1888-4f2d-a739-63852dd95dd9	GET	/application/courses/categories	http://localhost:3000	::ffff:172.18.0.1
20260325	17:15:41	a089ef57-81d2-473a-8d51-98d639bb4189	GET	/auth/refresh	http://localhost:3000	::ffff:172.18.0.1
20260325	19:02:00	c169a028-2c7d-4a32-9d17-770facfd4009	GET	/auth/refresh	http://localhost:3000	::ffff:172.18.0.1
20260325	19:02:00	7702628e-6815-45f1-8344-855ced25e39e	GET	/application/courses/categories	http://localhost:3000	::ffff:172.18.0.1
20260325	19:02:00	36e91895-24c0-458c-91a8-70c3d1d214e0	GET	/application/apply/courses	http://localhost:3000	::ffff:172.18.0.1
20260325	19:02:00	b3d1290b-ac5f-4164-b7f5-7715333385b4	GET	/application/courses	http://localhost:3000	::ffff:172.18.0.1
20260325	19:02:01	c94809ca-5624-4f84-86a4-801bcd85a7a2	GET	/auth/refresh	http://localhost:3000	::ffff:172.18.0.1
20260325	19:02:01	09497774-aede-4ba2-99b1-79ff17995c6f	OPTIONS	/auth/refresh	http://localhost:3000	::ffff:172.18.0.1
20260325	19:02:01	7a41e0d1-3cd3-4e82-8f3e-983c4ea4b907	OPTIONS	/application/courses	http://localhost:3000	::ffff:172.18.0.1
20260325	19:02:01	f66b60b2-b83c-493d-ba88-9ed99c839ce3	GET	/application/courses	http://localhost:3000	::ffff:172.18.0.1
20260325	19:02:03	2562fbf5-f2a7-4393-b59a-6fd98038e195	GET	/application/courses	http://localhost:3000	::ffff:172.18.0.1
20260325	19:04:21	0f7fddd1-9427-4084-bc54-50e3e9c65158	GET	/application/courses/categories	http://localhost:3000	::ffff:172.18.0.1
20260325	19:04:21	08f7c42d-9a97-4e87-9f7a-388d6c1f6e73	GET	/application/courses/my	http://localhost:3000	::ffff:172.18.0.1
20260325	19:04:22	f54a70d9-435c-49be-b74e-091ad658f614	GET	/application/apply/courses	http://localhost:3000	::ffff:172.18.0.1
20260325	19:04:22	6260bdd1-60f3-4027-a07c-7d2e5e6900dd	GET	/auth/refresh	http://localhost:3000	::ffff:172.18.0.1
20260325	19:04:22	c2a926eb-c6e5-4482-a6d1-93ba632ba920	GET	/auth/refresh	http://localhost:3000	::ffff:172.18.0.1
20260325	19:04:22	7f5aafc1-d092-480c-820c-e93f70e87551	OPTIONS	/application/courses/my	http://localhost:3000	::ffff:172.18.0.1
20260325	19:04:22	1fd53bbe-6fdf-44d9-a702-780a59697227	GET	/application/courses/my	http://localhost:3000	::ffff:172.18.0.1
20260325	19:16:14	4d66d2b5-2272-4ee0-8805-326618085380	OPTIONS	/application	http://localhost:3000	::ffff:172.18.0.1
20260325	19:16:14	84c1c66f-8f43-4def-8e00-ce51c9d2f60f	GET	/application	http://localhost:3000	::ffff:172.18.0.1
20260325	19:17:59	ceed5498-ac46-44bf-b57c-ae559ed7200b	OPTIONS	/auth/refresh	http://localhost:3000	::ffff:172.18.0.1
20260325	19:17:59	a0c72aea-a43e-4735-b268-636b5df40dfb	GET	/auth/refresh	http://localhost:3000	::ffff:172.18.0.1
20260325	19:22:56	0f304b84-a168-4834-bac7-3ac9c64a4b67	OPTIONS	/application	http://localhost:3000	::ffff:172.18.0.1
20260325	19:22:56	b3ec4108-f07c-4294-b6a1-255c41bd01c5	GET	/application	http://localhost:3000	::ffff:172.18.0.1
20260325	19:27:54	0b1c21bf-1ed4-4905-95d8-3e085672b7f5	GET	/auth/refresh	http://localhost:3000	::ffff:172.18.0.1
20260325	19:28:15	98a257da-4b17-418d-83ca-84f9d00ce877	OPTIONS	/application	http://localhost:3000	::ffff:172.18.0.1
20260325	19:28:15	b8351655-1aee-4eff-8a5c-70eaf13ffb0f	GET	/application	http://localhost:3000	::ffff:172.18.0.1
20260325	19:30:46	c0dd472f-678a-40cf-ac80-26fe957d6b54	OPTIONS	/application/apply/courses	http://localhost:3000	::ffff:172.18.0.1
20260325	19:30:46	980c77ef-0baa-4d1e-82c2-f365b08a1163	GET	/application/apply/courses	http://localhost:3000	::ffff:172.18.0.1
20260325	19:30:57	e0cbc64f-7507-45f9-b473-bcc8ceed9c6e	OPTIONS	/application/apply/courses	http://localhost:3000	::ffff:172.18.0.1
20260325	19:30:57	609e4689-ed05-41b8-a944-efcc01a6f398	GET	/application/apply/courses	http://localhost:3000	::ffff:172.18.0.1
20260325	19:31:13	88e6198a-679f-4501-b2bf-db87d1b2d986	OPTIONS	/application/courses	http://localhost:3000	::ffff:172.18.0.1
20260325	19:31:13	7542ff06-af55-4453-918a-4325d64ab0eb	POST	/application/courses	http://localhost:3000	::ffff:172.18.0.1
20260325	19:32:44	8e2195be-9809-4b02-9a4d-f4f277885ebb	GET	/auth/refresh	http://localhost:3000	::ffff:172.18.0.1
20260325	19:59:20	a57e794d-fe59-4890-90fe-33e79dcf0f07	OPTIONS	/application/apply/courses	http://localhost:3000	::ffff:172.18.0.1
20260325	19:59:20	4761647d-1797-47cd-8e7c-7955311501c0	GET	/application/apply/courses	http://localhost:3000	::ffff:172.18.0.1
20260325	20:12:28	56ea1da2-d4a3-4b08-a0e9-a8acf069b130	OPTIONS	/application/apply/courses	http://localhost:3000	::ffff:172.18.0.1
20260325	20:12:28	ad429895-c990-4e65-818a-f6c2c10abc39	OPTIONS	/application/courses/my	http://localhost:3000	::ffff:172.18.0.1
20260325	20:12:28	08e2bccb-3f5a-4335-87e2-896fef1a0fba	GET	/application/apply/courses	http://localhost:3000	::ffff:172.18.0.1
20260325	20:12:28	4517b52e-3935-4738-b1ba-746e3c627b9f	GET	/application/courses/my	http://localhost:3000	::ffff:172.18.0.1
20260325	20:15:50	46f328da-5dbf-4c65-a3a7-4312cadc5fe9	OPTIONS	/application	http://localhost:3000	::ffff:172.18.0.1
20260325	20:15:51	4cca264f-8519-4c10-864b-66f8d9a9102d	GET	/application	http://localhost:3000	::ffff:172.18.0.1
20260325	20:21:50	be35890f-32d5-4d00-84e5-e5a3edbb41b2	OPTIONS	/application	http://localhost:3000	::ffff:172.18.0.1
20260325	20:21:49	72e34997-8c46-4a19-b7e0-002c11b6e682	OPTIONS	/auth/refresh	http://localhost:3000	::ffff:172.18.0.1
20260325	20:21:50	2e6f93a2-a41e-4f24-8b7c-d632a50bd4a1	GET	/auth/refresh	http://localhost:3000	::ffff:172.18.0.1
20260325	20:21:50	959c4e1f-2583-440e-9ba9-15d8aacfa0f5	GET	/application	http://localhost:3000	::ffff:172.18.0.1
20260325	20:22:13	ad8f4252-bba0-41f9-872d-41ca15beb41c	GET	/application	http://localhost:3000	::ffff:172.18.0.1
20260325	20:22:13	4f0236ab-56bf-46bf-8ca0-8b55798f19d8	GET	/auth/refresh	http://localhost:3000	::ffff:172.18.0.1
20260325	20:22:13	368ea589-7e46-4b6f-aecc-550afb2fbe41	GET	/auth/refresh	http://localhost:3000	::ffff:172.18.0.1
20260325	20:22:13	a0544f34-0186-499f-a3d9-b07c8a7bb3e0	OPTIONS	/application	http://localhost:3000	::ffff:172.18.0.1
20260325	20:22:13	3fcca058-876c-4d60-afce-d1868f2ff2ce	GET	/application	http://localhost:3000	::ffff:172.18.0.1
20260325	20:32:13	ebce61c8-ba9f-4ff6-8a58-b1b9535a3070	OPTIONS	/application/69c2a3bbb6e9161547017089	http://localhost:3000	::ffff:172.18.0.1
20260325	20:32:13	07aa9498-9866-46d6-81e1-342e11169c11	GET	/application/69c2a3bbb6e9161547017089	http://localhost:3000	::ffff:172.18.0.1
20260326	17:26:44	e01521cc-995f-48aa-bfb1-392ff1877d4f	GET	/test	undefined	::ffff:172.18.0.1
20260326	19:04:19	576ebc4d-0945-46c6-8277-e1e72e85ada8	OPTIONS	/auth	http://localhost:3000	::ffff:172.18.0.1
20260326	19:04:20	dcb44a16-19fe-4a9a-a5b3-e0a5ecde5df3	POST	/auth	http://localhost:3000	::ffff:172.18.0.1
20260326	19:04:36	c0a3bb77-166c-46cf-bf5d-cda6ce02f8bc	OPTIONS	/application	http://localhost:3000	::ffff:172.18.0.1
20260326	19:04:36	2008638e-670f-441e-aae2-6868651865df	OPTIONS	/auth/refresh	http://localhost:3000	::ffff:172.18.0.1
20260326	19:04:36	498384da-319e-41c7-9729-e234c6cf4eb0	GET	/auth/refresh	http://localhost:3000	::ffff:172.18.0.1
20260326	19:04:36	30408cbd-5566-482a-b61f-c3b2973c89c6	GET	/application	http://localhost:3000	::ffff:172.18.0.1
20260326	19:05:47	d9eec4d6-aa74-4306-ac8e-0d07702c94f0	OPTIONS	/application/69c2a3bbb6e9161547017089	http://localhost:3000	::ffff:172.18.0.1
20260326	19:05:47	54610487-76d7-4c9c-ab56-e67739a446f1	GET	/application/69c2a3bbb6e9161547017089	http://localhost:3000	::ffff:172.18.0.1
20260326	19:09:56	1b60673e-1634-4740-9c7c-6d85509d35bd	GET	/auth/refresh	http://localhost:3000	::ffff:172.18.0.1
20260326	19:09:57	7c0191cf-6162-4fda-b8a2-3833a601b66f	GET	/application/69c2a3bbb6e9161547017089	http://localhost:3000	::ffff:172.18.0.1
20260326	19:09:57	c98bee8d-18ab-41a9-95e5-d6e5a05db4ed	OPTIONS	/auth/refresh	http://localhost:3000	::ffff:172.18.0.1
20260326	19:09:57	ab0e9898-29a4-4284-a276-ce702ff81975	GET	/auth/refresh	http://localhost:3000	::ffff:172.18.0.1
20260326	19:09:57	84527e5f-05c5-4ed0-9c2e-64b8a023caa4	OPTIONS	/application/69c2a3bbb6e9161547017089	http://localhost:3000	::ffff:172.18.0.1
20260326	19:09:57	88ab0d9f-3637-40d6-af6b-efe3e6952929	GET	/application/69c2a3bbb6e9161547017089	http://localhost:3000	::ffff:172.18.0.1
20260326	19:22:47	ef7afef5-5b3f-4b65-a053-5553fbfc1df3	GET	/auth/refresh	http://localhost:3000	::ffff:172.18.0.1
20260326	19:22:47	ee2ccae0-0ccb-42da-b377-6f4efa06e368	GET	/application/69c2a3bbb6e9161547017089	http://localhost:3000	::ffff:172.18.0.1
20260326	19:22:47	91a7a22d-9e20-4ccc-b7f7-75a89ce1a532	GET	/auth/refresh	http://localhost:3000	::ffff:172.18.0.1
20260326	19:22:47	f86ceeb4-95d5-4bfa-8a77-25946cf7af56	OPTIONS	/application/69c2a3bbb6e9161547017089	http://localhost:3000	::ffff:172.18.0.1
20260326	19:22:47	aca031f6-798c-43b0-8461-7073fade046c	GET	/application/69c2a3bbb6e9161547017089	http://localhost:3000	::ffff:172.18.0.1
20260326	19:27:33	0ead5b50-0351-4f5e-8a95-f534f599ed9d	GET	/auth/refresh	http://localhost:3000	::ffff:172.18.0.1
20260326	19:27:33	331720c7-2314-4e2e-9838-6950ecf1e5c8	GET	/application/69c2a3bbb6e9161547017089	http://localhost:3000	::ffff:172.18.0.1
20260326	19:27:34	487c1048-20c8-406d-a654-68dca48c9a5a	GET	/auth/refresh	http://localhost:3000	::ffff:172.18.0.1
20260326	19:27:35	98ebba38-815c-492f-9636-edf10802411a	OPTIONS	/application/69c2a3bbb6e9161547017089	http://localhost:3000	::ffff:172.18.0.1
20260326	19:27:35	0dc52464-31f8-4e3f-9817-b2ad19a1409e	GET	/application/69c2a3bbb6e9161547017089	http://localhost:3000	::ffff:172.18.0.1
20260326	19:32:01	246cd79b-1557-48ec-aaf5-b41286e2082a	GET	/application/69c2a3bbb6e9161547017089	http://localhost:3000	::ffff:172.18.0.1
20260326	19:32:00	bdc05688-3ab0-4a9d-b246-24bd387d047f	GET	/auth/refresh	http://localhost:3000	::ffff:172.18.0.1
20260326	19:32:01	21fd9605-fadf-4650-a0dc-17dda480a9c9	GET	/auth/refresh	http://localhost:3000	::ffff:172.18.0.1
20260326	19:32:01	0b404d30-54b9-4b05-955d-3cddf615c189	OPTIONS	/application/69c2a3bbb6e9161547017089	http://localhost:3000	::ffff:172.18.0.1
20260326	19:32:01	04a8d5b5-7b3b-478d-96d5-a9b4de5452fa	GET	/application/69c2a3bbb6e9161547017089	http://localhost:3000	::ffff:172.18.0.1
20260326	19:43:11	bcf50b12-c060-4664-a39e-1266d6dcd77c	GET	/auth/refresh	http://localhost:3000	::ffff:172.18.0.1
20260326	19:43:12	558fbcf5-1fd6-4d86-8fe0-e7935d0fd042	GET	/application/69c2a3bbb6e9161547017089	http://localhost:3000	::ffff:172.18.0.1
20260326	19:43:12	9aba172b-41df-42a4-9f59-146b2bf6cbd3	GET	/auth/refresh	http://localhost:3000	::ffff:172.18.0.1
20260326	19:43:12	56b1b954-56ad-4013-9c98-06bc41544a2e	OPTIONS	/application/69c2a3bbb6e9161547017089	http://localhost:3000	::ffff:172.18.0.1
20260326	19:43:12	4c614b83-26e6-48b6-9550-f7f422039659	GET	/application/69c2a3bbb6e9161547017089	http://localhost:3000	::ffff:172.18.0.1
20260326	20:27:06	42d84b4c-b042-4bb5-93c9-6bd09bf9b230	GET	/auth/refresh	http://localhost:3000	::ffff:172.18.0.1
20260326	20:27:06	a28c305c-a028-431d-a8d1-b43599861b23	GET	/application/69c2a3bbb6e9161547017089	http://localhost:3000	::ffff:172.18.0.1
20260326	20:27:06	35c0c4a8-7a0a-4cf0-b912-a2f9aaa1eb96	OPTIONS	/auth/refresh	http://localhost:3000	::ffff:172.18.0.1
20260326	20:27:06	2bb2673f-8c1a-451d-8551-7622a3b4409e	GET	/auth/refresh	http://localhost:3000	::ffff:172.18.0.1
20260326	20:27:06	7c77f625-ef5d-45c1-8bc6-fdcc5f0eba36	OPTIONS	/application/69c2a3bbb6e9161547017089	http://localhost:3000	::ffff:172.18.0.1
20260326	20:27:06	0f2639f2-9a8a-4082-8506-94d39d3362f3	GET	/application/69c2a3bbb6e9161547017089	http://localhost:3000	::ffff:172.18.0.1
20260326	20:37:54	f34c3493-77b1-4211-882b-3b5f8732d4de	OPTIONS	/auth/refresh	http://localhost:3000	::ffff:172.18.0.1
20260326	20:37:54	cd2beb43-bb7b-4241-9f01-58ec0b12bae0	OPTIONS	/application/69c2a3bbb6e9161547017089	http://localhost:3000	::ffff:172.18.0.1
20260326	20:37:54	9990bab9-1f68-4cf8-88ce-e7e19b7176dc	GET	/auth/refresh	http://localhost:3000	::ffff:172.18.0.1
20260326	20:37:54	019838a2-1879-49c9-b737-0272639f7c39	GET	/application/69c2a3bbb6e9161547017089	http://localhost:3000	::ffff:172.18.0.1
20260326	20:38:58	983d5d3c-e613-4d8a-b34d-880e96d0494f	GET	/application/69c2a3bbb6e9161547017089	http://localhost:3000	::ffff:172.18.0.1
20260326	20:38:58	e6eedccd-44d9-49a9-adbb-abe6511d71e8	GET	/auth/refresh	http://localhost:3000	::ffff:172.18.0.1
20260326	20:38:58	de6e195e-26fa-410b-bfd3-c4d44d93b48c	GET	/auth/refresh	http://localhost:3000	::ffff:172.18.0.1
20260326	20:38:58	90532fc4-6317-4fca-b846-58914e99dcb3	OPTIONS	/application/69c2a3bbb6e9161547017089	http://localhost:3000	::ffff:172.18.0.1
20260326	20:38:58	16c0ff74-e7f2-425f-80fc-bd027fd7b65a	GET	/application/69c2a3bbb6e9161547017089	http://localhost:3000	::ffff:172.18.0.1
20260326	20:41:15	bd12a90d-72c5-4abe-9296-f15b75b61433	GET	/auth/refresh	http://localhost:3000	::ffff:172.18.0.1
20260326	20:41:15	368b410f-bd70-4be4-b467-397fab20ff9a	GET	/application/69c2bd9a2400c35a2dcf1a2b	http://localhost:3000	::ffff:172.18.0.1
20260326	20:41:15	165a4cf6-2dbe-4ef4-b6f0-398041a6d4df	OPTIONS	/auth/refresh	http://localhost:3000	::ffff:172.18.0.1
20260326	20:41:15	bbff69d6-2086-4d2c-9650-7a057e02bbd5	GET	/auth/refresh	http://localhost:3000	::ffff:172.18.0.1
20260326	20:41:16	4dbb5876-038f-4f95-906b-0b1a4351e09b	OPTIONS	/application/69c2bd9a2400c35a2dcf1a2b	http://localhost:3000	::ffff:172.18.0.1
20260326	20:41:16	74bfec6e-e4f4-4771-8692-3b2906e05374	GET	/application/69c2bd9a2400c35a2dcf1a2b	http://localhost:3000	::ffff:172.18.0.1
20260326	20:41:18	d40e2ef5-5c65-4d69-8454-2754243384c1	OPTIONS	/application/apply/courses	http://localhost:3000	::ffff:172.18.0.1
20260326	20:41:18	372ba734-89f6-478c-859b-2d7a9c9894e2	OPTIONS	/application/courses/my	http://localhost:3000	::ffff:172.18.0.1
20260326	20:41:18	cc13736d-b402-4b0c-bf50-d93fca236931	GET	/application/courses/my	http://localhost:3000	::ffff:172.18.0.1
20260326	20:41:18	11291ff1-d53a-4c20-998d-d6b4adba011f	GET	/application/apply/courses	http://localhost:3000	::ffff:172.18.0.1
20260326	20:43:15	7c4cfd8c-8ad7-42a8-a93b-066b38f4dd36	GET	/application/69c2bd9a2400c35a2dcf1a2b	http://localhost:3000	::ffff:172.18.0.1
20260326	20:43:15	40e7a49d-a556-412a-a512-be9b655cc3e3	GET	/auth/refresh	http://localhost:3000	::ffff:172.18.0.1
20260326	20:43:15	6cbc7dd8-8216-4cab-9796-a631e773e189	GET	/auth/refresh	http://localhost:3000	::ffff:172.18.0.1
20260326	20:43:15	21f08886-d73c-454d-b361-45c36f073dec	OPTIONS	/application/69c2bd9a2400c35a2dcf1a2b	http://localhost:3000	::ffff:172.18.0.1
20260326	20:43:15	7daf6f6d-1c11-42e5-8b1e-9a1d9639aeed	GET	/application/69c2bd9a2400c35a2dcf1a2b	http://localhost:3000	::ffff:172.18.0.1
20260326	20:43:17	022924c6-3f0c-4eb9-9c13-7801399375cc	OPTIONS	/application/apply/courses	http://localhost:3000	::ffff:172.18.0.1
20260326	20:43:17	a663e1af-0e1c-42dc-921f-8e1bd66d7e07	OPTIONS	/application/courses/my	http://localhost:3000	::ffff:172.18.0.1
20260326	20:43:17	43632a4e-5bb4-4b72-9536-549823cee569	GET	/application/apply/courses	http://localhost:3000	::ffff:172.18.0.1
20260326	20:43:17	cefc6bbc-c5f8-4209-b254-f07c649a8d65	GET	/application/courses/my	http://localhost:3000	::ffff:172.18.0.1
20260326	20:45:11	bd1b9d33-cb27-4fcf-b64a-a651db45eb2c	GET	/auth/refresh	http://localhost:3000	::ffff:172.18.0.1
20260326	20:45:11	75d9876b-5ff4-4ae0-9dd2-3c7324b4be1d	GET	/application/69c2bd9a2400c35a2dcf1a2b	http://localhost:3000	::ffff:172.18.0.1
20260326	20:45:11	9402bffd-6e68-486e-9568-422cf89b0ff6	GET	/auth/refresh	http://localhost:3000	::ffff:172.18.0.1
20260326	20:45:11	203008c2-e25f-4d83-8ddb-2a31a7382eca	GET	/application/69c2bd9a2400c35a2dcf1a2b	http://localhost:3000	::ffff:172.18.0.1
20260326	20:45:11	8cb7f485-6329-4248-8e4d-9119653804c7	OPTIONS	/application/69c2bd9a2400c35a2dcf1a2b	http://localhost:3000	::ffff:172.18.0.1
20260326	20:45:39	b74b5167-83a9-453c-90e1-af4220ca2492	GET	/application/69c2bd9a2400c35a2dcf1a2b	http://localhost:3000	::ffff:172.18.0.1
20260326	20:45:39	e37eab23-1dfe-4072-b61f-8d07aea5b8c5	GET	/auth/refresh	http://localhost:3000	::ffff:172.18.0.1
20260326	20:45:40	b9049b7a-d027-49de-a796-f82b73ea6959	GET	/auth/refresh	http://localhost:3000	::ffff:172.18.0.1
20260326	20:45:40	847da64a-da82-4e95-8330-01966fbd4904	OPTIONS	/application/69c2bd9a2400c35a2dcf1a2b	http://localhost:3000	::ffff:172.18.0.1
20260326	20:45:40	c32f418c-c9d6-4efb-8b2f-b3e6644357fe	GET	/application/69c2bd9a2400c35a2dcf1a2b	http://localhost:3000	::ffff:172.18.0.1
20260326	20:45:42	c92a018f-02c6-4fe5-9a28-723b8a392798	GET	/application/apply/courses	http://localhost:3000	::ffff:172.18.0.1
20260326	20:45:42	d8312613-cace-46ce-97bd-2df20a6ade56	OPTIONS	/application/apply/courses	http://localhost:3000	::ffff:172.18.0.1
20260326	20:45:42	d1d2883b-46df-4ed5-857d-35fe383bc653	OPTIONS	/application/courses/my	http://localhost:3000	::ffff:172.18.0.1
20260326	20:45:42	73c347ca-b6e1-44ae-be8a-0f3165ab3dca	GET	/application/courses/my	http://localhost:3000	::ffff:172.18.0.1
20260326	20:48:24	df78d7e8-6efa-40ff-8413-e06cdc494f0f	GET	/auth/refresh	http://localhost:3000	::ffff:172.18.0.1
20260326	20:48:24	6a97f6ef-bdb9-4e84-95e7-4804ce64d4d1	GET	/application	http://localhost:3000	::ffff:172.18.0.1
20260326	20:48:25	8cf3851f-fbf7-4a2b-abc9-80d69e6edb9a	OPTIONS	/auth/refresh	http://localhost:3000	::ffff:172.18.0.1
20260326	20:48:25	30429eb5-141c-4eb0-b282-6f51a8aa5f56	GET	/auth/refresh	http://localhost:3000	::ffff:172.18.0.1
20260326	20:48:25	2002ff98-9818-4399-9751-7d1e1301dc69	OPTIONS	/application	http://localhost:3000	::ffff:172.18.0.1
20260326	20:48:25	20b09479-46bf-45de-b5e6-d660d55dcd1e	GET	/application	http://localhost:3000	::ffff:172.18.0.1
20260326	20:48:40	d290d1a9-d1b6-4b4e-9262-29a6b87a4ee5	OPTIONS	/application/69c2a3bbb6e9161547017089	http://localhost:3000	::ffff:172.18.0.1
20260326	20:48:40	86629c53-0c2a-422d-b188-f6382e834fc8	GET	/application/69c2a3bbb6e9161547017089	http://localhost:3000	::ffff:172.18.0.1
20260326	21:05:57	2ebf9115-3f82-4d32-b4d6-8ab59af0ee23	GET	/application/69c2a3bbb6e9161547017089	http://localhost:3000	::ffff:172.18.0.1
20260326	21:05:57	8de2a3d2-0239-4205-b851-9486b19a50fe	GET	/auth/refresh	http://localhost:3000	::ffff:172.18.0.1
20260326	21:05:57	0bdd9e5d-fd75-4bc8-9cf7-2e74a5842fc2	GET	/auth/refresh	http://localhost:3000	::ffff:172.18.0.1
20260326	21:05:58	02cfe5f4-dd55-4abe-bf5a-2b339b693ca8	GET	/application/69c2a3bbb6e9161547017089	http://localhost:3000	::ffff:172.18.0.1
20260326	21:05:58	b942a3e4-0197-459f-ba45-8f31266a3ffc	OPTIONS	/application/69c2a3bbb6e9161547017089	http://localhost:3000	::ffff:172.18.0.1
20260326	21:09:32	5938f150-3dd4-4480-aa54-b5bdcfaad8a3	OPTIONS	/application/69c2a3bbb6e9161547017089	http://localhost:3000	::ffff:172.18.0.1
20260326	21:09:32	95722fb1-5f96-4881-8414-b32fe7f0933e	GET	/auth/refresh	http://localhost:3000	::ffff:172.18.0.1
20260326	21:09:32	d4de0dd6-cc92-4de3-b9e0-5a9091af5f51	OPTIONS	/auth/refresh	http://localhost:3000	::ffff:172.18.0.1
20260326	21:09:32	9bd6da20-e03f-467a-b3d2-0188773508dd	GET	/application/69c2a3bbb6e9161547017089	http://localhost:3000	::ffff:172.18.0.1
20260326	21:12:41	ef897928-cafb-4ac8-b75f-0c8a1a2a0e6c	GET	/application/69c2a3bbb6e9161547017089	http://localhost:3000	::ffff:172.18.0.1
20260326	21:12:41	d4dbfbfd-ce2c-410d-b992-60cec7d239da	GET	/auth/refresh	http://localhost:3000	::ffff:172.18.0.1
20260326	21:12:41	a9c820ed-d3ee-4fa0-822c-b6b456ded3ff	GET	/auth/refresh	http://localhost:3000	::ffff:172.18.0.1
20260326	21:12:41	7deaf058-7540-47b5-b4b7-e0d38b275650	OPTIONS	/application/69c2a3bbb6e9161547017089	http://localhost:3000	::ffff:172.18.0.1
20260326	21:12:41	867a6e83-1e5c-4550-8cab-51203899bc5c	GET	/application/69c2a3bbb6e9161547017089	http://localhost:3000	::ffff:172.18.0.1
20260326	21:25:15	b73eb43a-f020-49d5-9b2a-cd217e7d1b00	OPTIONS	/application/enrol/69c2a3bbb6e9161547017089	http://localhost:3000	::ffff:172.18.0.1
20260326	21:25:15	b9840add-cb51-4fb0-b7b5-2021cb48d83a	POST	/application/enrol/69c2a3bbb6e9161547017089	http://localhost:3000	::ffff:172.18.0.1
20260326	21:26:50	dc6c1884-8c34-40d7-91a5-eef00a9fe50c	OPTIONS	/application/enrol/69c2a3bbb6e9161547017089	http://localhost:3000	::ffff:172.18.0.1
20260326	21:26:50	1bfbf89b-3608-41ce-824b-cb12327e40d1	POST	/application/enrol/69c2a3bbb6e9161547017089	http://localhost:3000	::ffff:172.18.0.1
20260326	21:28:49	fb81f52f-33ec-45b8-933c-0b1e043a0c17	OPTIONS	/application/enrol/69c2a3bbb6e9161547017089	http://localhost:3000	::ffff:172.18.0.1
20260326	21:28:49	115b9944-a8c7-47ff-a145-27b27aaec778	POST	/application/enrol/69c2a3bbb6e9161547017089	http://localhost:3000	::ffff:172.18.0.1
20260326	21:30:29	f7e1b438-724f-49d9-a37f-ae19b7299f91	OPTIONS	/application/enrol/69c2a3bbb6e9161547017089	http://localhost:3000	::ffff:172.18.0.1
20260326	21:30:30	10c20ebc-6576-42fd-9b18-f306c32cece8	POST	/application/enrol/69c2a3bbb6e9161547017089	http://localhost:3000	::ffff:172.18.0.1
20260326	21:30:49	f84d3c73-7e62-40c0-ad83-0e42bc8fc8ba	GET	/application	http://localhost:3000	::ffff:172.18.0.1
20260326	21:30:49	ca901067-7978-4824-851a-56144d806920	GET	/auth/refresh	http://localhost:3000	::ffff:172.18.0.1
20260326	21:30:50	767a4333-de20-4582-aaa0-e9b5f95f800f	GET	/auth/refresh	http://localhost:3000	::ffff:172.18.0.1
20260326	21:30:50	4a8ec931-f81d-403f-ac37-31b7004b36c1	OPTIONS	/application	http://localhost:3000	::ffff:172.18.0.1
20260326	21:30:50	bdcec8d5-0999-48c7-994e-010499c64282	GET	/application	http://localhost:3000	::ffff:172.18.0.1
20260326	21:42:25	fe02d5bd-8e99-4b4d-b931-201a1fd95ea1	OPTIONS	/application/courses/my	http://localhost:3000	::ffff:172.18.0.1
20260326	21:42:25	42e95d62-7ea4-4a78-b31e-c4e358567c47	OPTIONS	/application/apply/courses	http://localhost:3000	::ffff:172.18.0.1
20260326	21:42:25	c71dcf89-79c8-4c89-bf24-59a39205812d	GET	/application/apply/courses	http://localhost:3000	::ffff:172.18.0.1
20260326	21:42:25	14cfe6a3-cbfc-4adb-97f5-4192c604ead6	GET	/application/courses/my	http://localhost:3000	::ffff:172.18.0.1
20260326	21:43:06	7ec54abe-e55c-49d0-8fa7-3d5c03c2c984	OPTIONS	/application/69c2bd9a2400c35a2dcf1a2b	http://localhost:3000	::ffff:172.18.0.1
20260326	21:43:06	1ab3543c-8aa1-46d1-810d-2075ed96af6b	GET	/application/69c2bd9a2400c35a2dcf1a2b	http://localhost:3000	::ffff:172.18.0.1
20260326	21:43:36	a81111b4-2bec-4f28-9b72-120e439cb049	OPTIONS	/application	http://localhost:3000	::ffff:172.18.0.1
20260326	21:43:36	78576053-3fc2-436f-a2e5-dc6e6197323c	GET	/application	http://localhost:3000	::ffff:172.18.0.1
20260326	21:45:14	17b57ec8-6fe5-4fa3-8952-db5e81fee920	OPTIONS	/auth/refresh	http://localhost:3000	::ffff:172.18.0.1
20260326	21:45:14	db151c7f-57cf-45a0-a3d6-a67a5e95d479	GET	/auth/refresh	http://localhost:3000	::ffff:172.18.0.1
20260326	21:49:06	77d97e6c-f73f-4d7d-9746-4ebe3a7a562e	OPTIONS	/application	http://localhost:3000	::ffff:172.18.0.1
20260326	21:49:07	6a2f9961-8e52-4ddd-8277-0cdd96eec98a	GET	/application	http://localhost:3000	::ffff:172.18.0.1
20260326	21:53:24	10ea96d1-079a-4167-9237-aaee467521bf	OPTIONS	/application/69c2a3bbb6e9161547017089	http://localhost:3000	::ffff:172.18.0.1
20260326	21:53:25	7f111a96-8e13-4f96-81da-c60ae89d90bf	GET	/application/69c2a3bbb6e9161547017089	http://localhost:3000	::ffff:172.18.0.1
20260326	21:57:23	42d795c2-7e0c-45a4-8fda-d96f5d5c0f41	GET	/auth/refresh	http://localhost:3000	::ffff:172.18.0.1
20260326	21:57:23	338f9760-351b-4379-bb56-354abbc012c3	GET	/application/69c2a3bbb6e9161547017089	http://localhost:3000	::ffff:172.18.0.1
20260326	21:57:23	ccce395f-b6fd-41fc-b733-e3fda67d7027	GET	/auth/refresh	http://localhost:3000	::ffff:172.18.0.1
20260326	21:57:23	d4cb0627-22bf-46e8-8a68-6953db619c56	OPTIONS	/application/69c2a3bbb6e9161547017089	http://localhost:3000	::ffff:172.18.0.1
20260326	21:57:23	b83bdb6d-cb30-425c-9889-31a07d252ff3	GET	/application/69c2a3bbb6e9161547017089	http://localhost:3000	::ffff:172.18.0.1
20260326	22:09:41	0b3f3d1f-c972-49cb-8414-ac5533033b5a	OPTIONS	/application/apply/courses	http://localhost:3000	::ffff:172.18.0.1
20260326	22:09:42	0e64e28b-4bf7-4caf-bc05-25e21cff587e	OPTIONS	/application/courses/my	http://localhost:3000	::ffff:172.18.0.1
20260326	22:09:42	08e887d6-11f0-42f1-b6f1-1d1350bebee5	GET	/application/apply/courses	http://localhost:3000	::ffff:172.18.0.1
20260326	22:09:42	577b6921-daeb-4d90-89a2-b6d51e40098c	GET	/application/courses/my	http://localhost:3000	::ffff:172.18.0.1
20260326	22:44:20	feba7ce7-ac55-4bd9-9bb2-968fef95a59d	GET	/test	undefined	::ffff:172.18.0.1
20260327	00:01:13	4b58f942-bd8e-44c3-8a99-8141c3ecf6ec	GET	/test	undefined	::ffff:172.18.0.1
20260327	01:12:14	eda18cdb-4ac1-4ed9-aac6-aa64bdd5e1de	GET	/test	undefined	::ffff:172.18.0.1
20260327	01:13:50	f7a177ff-9803-4f44-a9ce-4c7fb1d9aee2	GET	/test	undefined	::ffff:172.18.0.1
20260327	01:16:03	b7cb271d-9dba-42b7-9436-14fb154958da	GET	/test	undefined	::ffff:172.18.0.1
20260327	01:20:11	c8ed5a3b-cb49-4be6-b4a3-8216c9f93b88	GET	/test	undefined	::ffff:172.18.0.1
20260327	01:21:36	da55bc54-2fb1-4a9a-98c2-fbb330132ef4	GET	/test	undefined	::ffff:172.18.0.1
20260327	01:23:10	f989180b-0331-4e95-b8d8-aaded9a86955	GET	/test	undefined	::ffff:172.18.0.1
20260327	01:24:39	622a1667-c264-40c5-85e3-f06ef5a2a5a5	GET	/test	undefined	::ffff:172.18.0.1
20260327	01:27:17	c6539be7-306a-45d8-80e8-9e933149e6e5	GET	/test	undefined	::ffff:172.18.0.1
20260327	01:34:02	9147d3e3-f43f-4f1c-8567-c131877ec0a4	GET	/application/69c2a3bbb6e9161547017089	http://localhost:3000	::ffff:172.18.0.1
20260327	01:34:02	c9254df4-700d-4503-8fbc-1831c62c0876	GET	/auth/refresh	http://localhost:3000	::ffff:172.18.0.1
20260327	01:34:02	fdfafba8-e6ad-4507-8081-7a8c7dd03a24	GET	/auth/refresh	http://localhost:3000	::ffff:172.18.0.1
20260327	01:34:02	67c302f8-0845-4f80-ada3-441662286c0c	OPTIONS	/application/69c2a3bbb6e9161547017089	http://localhost:3000	::ffff:172.18.0.1
20260327	01:34:03	17f7c49f-3a47-4578-b3b7-b9a1fbd514af	GET	/application/69c2a3bbb6e9161547017089	http://localhost:3000	::ffff:172.18.0.1
20260327	01:35:22	72b31258-b080-42ea-96de-15c33a8c40b2	GET	/application/69c2a3bbb6e9161547017089	http://localhost:3000	::ffff:172.18.0.1
20260327	01:35:22	ea6e380f-041d-49e8-b1e2-6945f5cae84c	GET	/auth/refresh	http://localhost:3000	::ffff:172.18.0.1
20260327	01:35:23	f7934110-d920-473d-bf45-f765dcf743c3	GET	/auth/refresh	http://localhost:3000	::ffff:172.18.0.1
20260327	01:35:23	9fa9bd69-6c3a-451b-8dbe-f59576717f85	OPTIONS	/application/69c2a3bbb6e9161547017089	http://localhost:3000	::ffff:172.18.0.1
20260327	01:35:23	98c5136e-8957-4f3e-8f80-ec34d869f68b	GET	/application/69c2a3bbb6e9161547017089	http://localhost:3000	::ffff:172.18.0.1
20260327	01:40:36	5c06f7ce-8e99-44b1-8373-967875c9ed14	GET	/auth/refresh	http://localhost:3000	::ffff:172.18.0.1
20260327	01:40:36	882ace58-13dc-4914-a5bb-1d861189060e	GET	/application/69c2a3bbb6e9161547017089	http://localhost:3000	::ffff:172.18.0.1
20260327	01:40:36	ac77b6eb-8ad6-492e-8ac1-9001806d8093	GET	/auth/refresh	http://localhost:3000	::ffff:172.18.0.1
20260327	01:40:36	6eb79459-3642-42a4-989b-21d192ed888a	OPTIONS	/application/69c2a3bbb6e9161547017089	http://localhost:3000	::ffff:172.18.0.1
20260327	01:40:37	26943ea6-71d1-4ab1-b87f-cdbdd281719d	GET	/application/69c2a3bbb6e9161547017089	http://localhost:3000	::ffff:172.18.0.1
20260327	01:44:35	4ef919bf-1cd0-4276-8bab-0793b974c205	GET	/auth/refresh	http://localhost:3000	::ffff:172.18.0.1
20260327	01:44:35	55844a74-d9a3-48c0-88e5-2d82c2db9585	GET	/application/69c2a3bbb6e9161547017089	http://localhost:3000	::ffff:172.18.0.1
20260327	01:44:35	42399626-2453-465c-b000-662947c9d9dd	GET	/auth/refresh	http://localhost:3000	::ffff:172.18.0.1
20260327	01:44:36	a6198bf4-1350-4eaf-9b48-01a791dfa278	OPTIONS	/application/69c2a3bbb6e9161547017089	http://localhost:3000	::ffff:172.18.0.1
20260327	01:44:36	15e436db-54c2-4ee7-8628-1c9e91bc60a3	GET	/application/69c2a3bbb6e9161547017089	http://localhost:3000	::ffff:172.18.0.1
20260327	01:45:26	e5d81cd9-f4dd-4c8e-9124-1d79e980c80d	GET	/auth/refresh	http://localhost:3000	::ffff:172.18.0.1
20260327	01:45:26	f8007e61-f7a0-491d-8a40-3ec5771af98d	GET	/application/69c2a3bbb6e9161547017089	http://localhost:3000	::ffff:172.18.0.1
20260327	01:45:26	b2c26e7a-cdeb-48f7-ab1f-980a629a47bc	GET	/auth/refresh	http://localhost:3000	::ffff:172.18.0.1
20260327	01:45:26	ffb2aeb8-f39e-497a-b71c-4d87886bc6da	OPTIONS	/application/69c2a3bbb6e9161547017089	http://localhost:3000	::ffff:172.18.0.1
20260327	01:45:26	b36381c1-4c7c-4d5c-a34e-f1a820544f8a	GET	/application/69c2a3bbb6e9161547017089	http://localhost:3000	::ffff:172.18.0.1
20260327	01:47:26	bd9010c0-7f03-4c6b-a9f2-1be269d34748	GET	/application/69c2a3bbb6e9161547017089	http://localhost:3000	::ffff:172.18.0.1
20260327	01:47:26	9f2e08b5-67e3-46b7-8844-86fd7e678fb5	GET	/auth/refresh	http://localhost:3000	::ffff:172.18.0.1
20260327	01:47:27	7cd7d132-afb5-440e-8693-916f53db64c4	GET	/auth/refresh	http://localhost:3000	::ffff:172.18.0.1
20260327	01:47:27	26bd0415-d2e7-4552-85af-6969e1df4262	OPTIONS	/application/69c2a3bbb6e9161547017089	http://localhost:3000	::ffff:172.18.0.1
20260327	01:47:27	4461fea2-f9b3-4937-99c8-e9bcd109d1d9	GET	/application/69c2a3bbb6e9161547017089	http://localhost:3000	::ffff:172.18.0.1
20260327	01:48:11	ff10fe76-dccf-4ceb-9118-273c8a9d2516	OPTIONS	/application	http://localhost:3000	::ffff:172.18.0.1
20260327	01:48:11	5d0147d7-09a6-4934-9b1f-a842b0cb098b	GET	/application	http://localhost:3000	::ffff:172.18.0.1
20260327	02:11:34	5ef87cad-7ae0-4405-9309-4309fdc22766	GET	/auth/refresh	http://localhost:3000	::ffff:172.18.0.1
20260327	02:11:34	27b60d3a-3380-4fcf-a244-1c48e905eeec	GET	/application	http://localhost:3000	::ffff:172.18.0.1
20260327	02:11:35	f88f55e4-edeb-4844-ac81-beeede144c00	GET	/auth/refresh	http://localhost:3000	::ffff:172.18.0.1
20260327	02:11:35	e6daee98-60e7-407c-b766-005255b5858a	GET	/application	http://localhost:3000	::ffff:172.18.0.1
20260327	02:11:35	c6b2b463-8b61-4a61-9b87-2d05eb571e73	OPTIONS	/application	http://localhost:3000	::ffff:172.18.0.1
20260327	02:12:06	7d618d4f-52cf-48bd-8794-9c857438e927	OPTIONS	/application	http://localhost:3000	::ffff:172.18.0.1
20260327	02:12:06	27ff7021-4559-4a24-945d-b0ad38fdf9e0	GET	/application	http://localhost:3000	::ffff:172.18.0.1
20260327	02:18:55	0bf381af-94f4-4486-a78b-6156dfa4f91f	GET	/auth/refresh	http://localhost:3000	::ffff:172.18.0.1
20260327	02:18:55	7a4a5b79-8ba1-4947-aa5b-6e002942b010	GET	/application	http://localhost:3000	::ffff:172.18.0.1
20260327	02:18:56	a5f7aabc-2e04-43ee-86cd-00dda8e4f675	OPTIONS	/auth/refresh	http://localhost:3000	::ffff:172.18.0.1
20260327	02:18:56	e5b48ba5-8ec6-4222-b97e-0d7300701262	GET	/auth/refresh	http://localhost:3000	::ffff:172.18.0.1
20260327	02:18:56	3cdd26d3-13a7-4d3b-9f79-86383e9fe0c0	OPTIONS	/application	http://localhost:3000	::ffff:172.18.0.1
20260327	02:18:56	8e87a707-1cf5-4bd6-a364-1dcdd8a17194	GET	/application	http://localhost:3000	::ffff:172.18.0.1
20260327	02:20:30	e095c4e3-88f5-4363-a43f-e797291ae2d6	OPTIONS	/application	http://localhost:3000	::ffff:172.18.0.1
20260327	02:20:30	d81bc2bf-bd68-4003-81a4-eb692c258f68	GET	/application	http://localhost:3000	::ffff:172.18.0.1
20260327	02:20:30	de594f56-5d5b-4d21-808a-202c12ceea8c	OPTIONS	/auth/refresh	http://localhost:3000	::ffff:172.18.0.1
20260327	02:20:30	7b3ede80-1ce9-4e1b-af03-56f85e2a0ea0	GET	/auth/refresh	http://localhost:3000	::ffff:172.18.0.1
20260327	02:21:03	5afec211-df93-4439-b71f-5d48bf0fec7f	GET	/auth/refresh	http://localhost:3000	::ffff:172.18.0.1
20260327	02:21:03	263a9845-6798-4871-b65c-0453d0c3cf4d	GET	/application	http://localhost:3000	::ffff:172.18.0.1
20260327	02:21:04	f49a57f3-e733-4be0-9f5d-e79de3cff721	GET	/auth/refresh	http://localhost:3000	::ffff:172.18.0.1
20260327	02:21:04	f8f3bf10-5808-405f-bfb1-2bc3fd8a3835	OPTIONS	/application	http://localhost:3000	::ffff:172.18.0.1
20260327	02:21:04	b71c9e3d-4eed-4bb2-94cc-169263fe8401	GET	/application	http://localhost:3000	::ffff:172.18.0.1
20260327	10:48:39	ca274317-46c7-4bd7-8bdb-2b21a1e1b42f	GET	/auth/refresh	http://localhost:3000	::ffff:172.18.0.1
20260327	10:48:39	36fc0fe1-2fd8-493c-984d-d6250c91aab7	GET	/application	http://localhost:3000	::ffff:172.18.0.1
20260327	10:48:39	174b625c-d085-41af-826e-ceebf1e33ca5	OPTIONS	/auth/refresh	http://localhost:3000	::ffff:172.18.0.1
20260327	10:48:39	cb359d7a-a8d1-41e4-90cc-2289d5a44a9c	GET	/auth/refresh	http://localhost:3000	::ffff:172.18.0.1
20260327	10:48:39	10d8a75c-4456-48c0-ac26-5ec5776a6983	OPTIONS	/application	http://localhost:3000	::ffff:172.18.0.1
20260327	10:48:39	3fafd4ab-1c68-4b0c-a3de-966de61bf4b2	GET	/application	http://localhost:3000	::ffff:172.18.0.1
20260327	10:54:13	5ae99c2a-87f0-48a2-8716-33aea1694b24	OPTIONS	/application/69c2bd9a2400c35a2dcf1a2b	http://localhost:3000	::ffff:172.18.0.1
20260327	10:54:13	b3e2e60f-cd9e-4ce3-8b5a-8b96d5cf0ce1	GET	/application/69c2bd9a2400c35a2dcf1a2b	http://localhost:3000	::ffff:172.18.0.1
20260327	10:54:16	e607e8c0-0025-418a-aec6-9c5b27929331	OPTIONS	/application/courses/my	http://localhost:3000	::ffff:172.18.0.1
20260327	10:54:16	faf46b10-c37f-41fb-9374-f8085b94be74	GET	/application/apply/courses	http://localhost:3000	::ffff:172.18.0.1
20260327	10:54:16	1dd3058d-9140-4834-a460-1e7264745efd	OPTIONS	/application/apply/courses	http://localhost:3000	::ffff:172.18.0.1
20260327	10:54:16	778303e2-22d4-4241-acdd-2de47c4b74ff	GET	/application/courses/my	http://localhost:3000	::ffff:172.18.0.1
20260327	11:09:04	8256db9f-5866-4285-9c34-95e714801c22	GET	/auth/refresh	http://localhost:3000	::ffff:172.18.0.1
20260327	11:09:04	5bc559f9-5888-4abc-a99a-c6d2d3bd9dbe	GET	/application/69c2bd9a2400c35a2dcf1a2b	http://localhost:3000	::ffff:172.18.0.1
20260327	11:09:04	98a1f0a4-a50f-4def-aa3f-965ecea6c167	GET	/auth/refresh	http://localhost:3000	::ffff:172.18.0.1
20260327	11:09:04	576e94f7-1f23-4c7c-bff9-97a609d2abc6	OPTIONS	/application/69c2bd9a2400c35a2dcf1a2b	http://localhost:3000	::ffff:172.18.0.1
20260327	11:09:04	d3740f48-e215-4571-92d8-f4ad6e52ffb6	GET	/application/69c2bd9a2400c35a2dcf1a2b	http://localhost:3000	::ffff:172.18.0.1
20260327	11:09:06	96ccc345-eead-45f5-bae8-4e454ce12d38	OPTIONS	/application/apply/courses	http://localhost:3000	::ffff:172.18.0.1
20260327	11:09:06	3d68ea37-b378-4099-b659-02ca6b9a107c	OPTIONS	/application/courses/my	http://localhost:3000	::ffff:172.18.0.1
20260327	11:09:07	31dbd4f5-5c2f-4f80-8282-6be4e34c49e3	GET	/application/apply/courses	http://localhost:3000	::ffff:172.18.0.1
20260327	11:09:07	c2566515-8a76-4c55-981a-c1ffd48e1e84	GET	/application/courses/my	http://localhost:3000	::ffff:172.18.0.1
20260327	11:13:17	d334835c-5f25-4e3e-9c8c-17844573ff9f	GET	/auth/refresh	http://localhost:3000	::ffff:172.18.0.1
20260327	11:13:18	5cdd7461-be3c-4947-874f-f75892b5524e	GET	/application/69c2bd9a2400c35a2dcf1a2b	http://localhost:3000	::ffff:172.18.0.1
20260327	11:13:18	7d7ebc89-d7d4-4cfb-a151-5727c5322518	GET	/auth/refresh	http://localhost:3000	::ffff:172.18.0.1
20260327	11:13:18	1b0d28e9-a28b-4848-abb5-dc384365d0a9	GET	/application/69c2bd9a2400c35a2dcf1a2b	http://localhost:3000	::ffff:172.18.0.1
20260327	11:13:18	965c4f91-0279-407f-b755-db1ee0c64242	OPTIONS	/application/69c2bd9a2400c35a2dcf1a2b	http://localhost:3000	::ffff:172.18.0.1
20260327	11:13:21	dc08e178-297b-4452-9dfc-057080bcf6fc	OPTIONS	/application/courses/my	http://localhost:3000	::ffff:172.18.0.1
20260327	11:13:21	74d621fd-7e84-4558-baf9-79eceb9ff55c	GET	/application/apply/courses	http://localhost:3000	::ffff:172.18.0.1
20260327	11:13:20	28a81418-71ac-4e9f-a2ed-6d80adec1ed2	OPTIONS	/application/apply/courses	http://localhost:3000	::ffff:172.18.0.1
20260327	11:13:21	7b508701-c145-416b-b001-628c08969fe3	GET	/application/courses/my	http://localhost:3000	::ffff:172.18.0.1
20260327	11:22:31	0a1eb603-372a-4d12-8803-7a51a95b562c	OPTIONS	/application/courses/my	http://localhost:3000	::ffff:172.18.0.1
20260327	11:22:31	ec7f760f-0ff8-4fa3-bf5e-3027e25725f5	GET	/application/apply/courses	http://localhost:3000	::ffff:172.18.0.1
20260327	11:22:31	591188c5-431f-4d6a-9620-cf170cd04c25	OPTIONS	/application/apply/courses	http://localhost:3000	::ffff:172.18.0.1
20260327	11:22:31	cf883ab0-4d34-40b7-8483-1bde0eb96b68	GET	/application/courses/my	http://localhost:3000	::ffff:172.18.0.1
20260327	12:11:42	8a9e3557-adfe-4b16-b222-6a0ab34eb85e	OPTIONS	/application/apply/courses	http://localhost:3000	::ffff:172.18.0.1
20260327	12:11:42	79ee0f88-a097-40a3-a044-ad6d68c3d814	OPTIONS	/application/courses/my	http://localhost:3000	::ffff:172.18.0.1
20260327	12:11:43	93a5862c-f2e5-460b-8a22-0cfd91a5ab91	GET	/application/apply/courses	http://localhost:3000	::ffff:172.18.0.1
20260327	12:11:43	7c9e98cd-7415-42ea-95a4-9055ac5c371d	GET	/application/courses/my	http://localhost:3000	::ffff:172.18.0.1
20260327	12:11:47	3f155693-42ec-4a2a-9983-e9c203d6f968	GET	/application/apply/courses	http://localhost:3000	::ffff:172.18.0.1
20260327	12:12:29	94929c4e-8abc-40ec-addd-d30ea34950c5	OPTIONS	/application/courses/my	http://localhost:3000	::ffff:172.18.0.1
20260327	12:12:29	15eb754d-92cd-42da-9354-6cb953d7488a	GET	/application/courses/my	http://localhost:3000	::ffff:172.18.0.1
20260327	13:31:02	091df3c9-a0ac-48a9-b17d-5dee623b9532	GET	/application/69c2bd9a2400c35a2dcf1a2b	http://localhost:3000	::ffff:172.18.0.1
20260327	13:31:02	04e527ee-4a36-4377-b8e5-d7bc993730a7	GET	/auth/refresh	http://localhost:3000	::ffff:172.18.0.1
20260327	13:31:02	a317e21e-09d2-44c5-b17d-9f213f55da99	GET	/auth/refresh	http://localhost:3000	::ffff:172.18.0.1
20260327	13:31:03	1d91c588-5e9c-4a5e-a7fe-75d38095439e	OPTIONS	/application/69c2bd9a2400c35a2dcf1a2b	http://localhost:3000	::ffff:172.18.0.1
20260327	13:31:03	5c0e89a7-e608-4c12-9c32-e81e08ba15ec	GET	/application/69c2bd9a2400c35a2dcf1a2b	http://localhost:3000	::ffff:172.18.0.1
20260327	13:31:06	3bac131c-07d4-417f-a3cf-441fa3d05c72	GET	/application/apply/courses	http://localhost:3000	::ffff:172.18.0.1
20260327	13:31:05	777a6cfe-6363-4a16-bb0e-fe3b907112e5	OPTIONS	/application/apply/courses	http://localhost:3000	::ffff:172.18.0.1
20260327	13:31:06	d82584e2-395b-483c-a49d-09d6a34fa1cc	OPTIONS	/application/courses/my	http://localhost:3000	::ffff:172.18.0.1
20260327	13:31:06	d41174c2-efa7-43bd-9630-09e9eafc2484	GET	/application/courses/my	http://localhost:3000	::ffff:172.18.0.1
20260327	13:38:43	32099d9b-874a-4072-97ea-4162e392f600	GET	/application/69c2bd9a2400c35a2dcf1a2b	http://localhost:3000	::ffff:172.18.0.1
20260327	13:38:43	af1cf11b-ef8f-48b0-931b-af2cd0bb42e2	GET	/auth/refresh	http://localhost:3000	::ffff:172.18.0.1
20260327	13:38:43	095de38a-686f-4429-ae67-72818497bfa4	GET	/auth/refresh	http://localhost:3000	::ffff:172.18.0.1
20260327	13:38:44	5840cebc-7882-4daa-9a14-e7584b3e8a56	OPTIONS	/application/69c2bd9a2400c35a2dcf1a2b	http://localhost:3000	::ffff:172.18.0.1
20260327	13:38:45	26e1b11e-d45a-483a-af86-e580cced412d	GET	/application/69c2bd9a2400c35a2dcf1a2b	http://localhost:3000	::ffff:172.18.0.1
20260327	13:38:47	03869adf-5590-4bc9-9d87-24eb34699a53	OPTIONS	/application/apply/courses	http://localhost:3000	::ffff:172.18.0.1
20260327	13:38:47	8acc598b-0ceb-46eb-a84a-1357970cc223	GET	/application/apply/courses	http://localhost:3000	::ffff:172.18.0.1
20260327	13:38:47	3292c62c-812f-4312-8c92-6ba2fa4df746	OPTIONS	/application/courses/my	http://localhost:3000	::ffff:172.18.0.1
20260327	13:38:47	64071fe0-da44-478f-802a-2ab7b23691ca	GET	/application/courses/my	http://localhost:3000	::ffff:172.18.0.1
20260327	13:44:34	0e7c5572-937f-4283-973e-d8fc7f341bdd	GET	/auth/refresh	http://localhost:3000	::ffff:172.18.0.1
20260327	13:44:34	1aead50a-81ab-4a7c-aea6-df2b78918299	GET	/application/69c2bd9a2400c35a2dcf1a2b	http://localhost:3000	::ffff:172.18.0.1
20260327	13:44:34	7626deb9-16df-4dd7-847a-bde1e3d25981	GET	/auth/refresh	http://localhost:3000	::ffff:172.18.0.1
20260327	13:44:34	223a964b-bffe-4946-99c6-4ff38066bd6c	OPTIONS	/application/69c2bd9a2400c35a2dcf1a2b	http://localhost:3000	::ffff:172.18.0.1
20260327	13:44:34	e13eb8d8-9f36-47f3-afce-61cb72fdff26	GET	/application/69c2bd9a2400c35a2dcf1a2b	http://localhost:3000	::ffff:172.18.0.1
20260327	13:44:35	e26f41e2-8e78-417a-b48e-9bd052ee4153	OPTIONS	/application/apply/courses	http://localhost:3000	::ffff:172.18.0.1
20260327	13:44:35	0782b5ba-2df4-4f19-9a0c-afa06e28d824	OPTIONS	/application/courses/my	http://localhost:3000	::ffff:172.18.0.1
20260327	13:44:36	333aa33f-5088-4898-b11b-e9e87812a31e	GET	/application/apply/courses	http://localhost:3000	::ffff:172.18.0.1
20260327	13:44:36	48878156-b550-4778-b9b2-3361c34c0de9	GET	/application/courses/my	http://localhost:3000	::ffff:172.18.0.1
20260327	13:47:13	4aff1232-68a4-41df-be1c-c5256a453c0e	GET	/auth/refresh	http://localhost:3000	::ffff:172.18.0.1
20260327	13:47:13	b3709c1e-368a-41c7-95d3-7d57ef46c9bd	GET	/application/69c2bd9a2400c35a2dcf1a2b	http://localhost:3000	::ffff:172.18.0.1
20260327	13:47:14	66222e3c-dfdf-4fc7-9ed2-e78ac5f92b47	GET	/auth/refresh	http://localhost:3000	::ffff:172.18.0.1
20260327	13:47:14	cdb327a6-6be8-4a0e-9a22-7e5aac5f4be5	OPTIONS	/application/69c2bd9a2400c35a2dcf1a2b	http://localhost:3000	::ffff:172.18.0.1
20260327	13:47:14	050b32a0-29fc-49f6-9be4-11125dfc4d48	GET	/application/69c2bd9a2400c35a2dcf1a2b	http://localhost:3000	::ffff:172.18.0.1
20260327	13:47:15	792e2d04-8f20-46f4-acff-53de5ff376a1	OPTIONS	/application/apply/courses	http://localhost:3000	::ffff:172.18.0.1
20260327	13:47:16	1f1f97b9-3bf8-472f-bc69-df617e2b5042	GET	/application/apply/courses	http://localhost:3000	::ffff:172.18.0.1
20260327	13:47:16	f8fcfd1f-1ffb-45a7-8333-fc7536b8217c	OPTIONS	/application/courses/my	http://localhost:3000	::ffff:172.18.0.1
20260327	13:47:16	a17c4020-a7bc-4c0e-9e7b-c5ac5c6c1faa	GET	/application/courses/my	http://localhost:3000	::ffff:172.18.0.1
20260327	13:47:25	577a815f-0d27-405a-8940-532fda7003a3	OPTIONS	/application/receipt/69c2bd9a2400c35a2dcf1a2b	http://localhost:3000	::ffff:172.18.0.1
20260327	13:47:25	a299b9e6-65c5-4a73-8ac9-ecf096aeba93	GET	/application/receipt/69c2bd9a2400c35a2dcf1a2b	http://localhost:3000	::ffff:172.18.0.1
20260327	13:52:36	f091ea12-5761-4325-a967-8cb864745aaf	OPTIONS	/application/receipt/69c2bd9a2400c35a2dcf1a2b	http://localhost:3000	::ffff:172.18.0.1
20260327	13:52:36	6c00a32f-6d3e-4e68-9275-3833d72e34ca	GET	/application/receipt/69c2bd9a2400c35a2dcf1a2b	http://localhost:3000	::ffff:172.18.0.1
20260327	14:07:32	c3a97a41-fc59-41bf-a34c-1bc800974eab	OPTIONS	/application/receipt/69c2bd9a2400c35a2dcf1a2b	http://localhost:3000	::ffff:172.18.0.1
20260327	14:07:32	d2319393-25cb-42f0-a40a-8c061c626e3a	GET	/application/receipt/69c2bd9a2400c35a2dcf1a2b	http://localhost:3000	::ffff:172.18.0.1
20260327	15:56:58	030cc166-b1f5-4b54-9e5d-d9712b9176a5	GET	/test	undefined	::ffff:172.18.0.1
20260327	16:10:31	79052b0c-1201-49d1-9e81-3ca119d7ca20	OPTIONS	/auth	http://localhost:3000	::ffff:172.18.0.1
20260327	16:10:31	4c583854-78a2-477c-beee-0ceb540cedca	POST	/auth	http://localhost:3000	::ffff:172.18.0.1
20260327	16:10:46	e8f764e6-3348-4642-a7a2-11821bad945d	OPTIONS	/auth/refresh	http://localhost:3000	::ffff:172.18.0.1
20260327	16:10:46	f74bd7a7-cdd6-49a1-9181-7a085abf13e5	OPTIONS	/application	http://localhost:3000	::ffff:172.18.0.1
20260327	16:10:46	ffbbf8f5-4674-46c4-aff7-fe82487a21fa	GET	/auth/refresh	http://localhost:3000	::ffff:172.18.0.1
20260327	16:10:46	88a2ed90-ed48-4277-8189-42ec0420706e	GET	/application	http://localhost:3000	::ffff:172.18.0.1
20260327	16:11:24	a9a07d8e-a8e2-43b6-abdf-694e2f6fa002	OPTIONS	/application/69c2a3bbb6e9161547017089	http://localhost:3000	::ffff:172.18.0.1
20260327	16:11:24	e9c7408a-7515-4f1e-90a8-cfc6e4b45118	GET	/application/69c2a3bbb6e9161547017089	http://localhost:3000	::ffff:172.18.0.1
20260327	16:14:16	5cab6b43-a15f-4af0-832d-c32dcee80f96	GET	/application	http://localhost:3000	::ffff:172.18.0.1
20260327	16:14:16	9c812c28-5956-4f62-823e-7a5d25868b5b	GET	/auth/refresh	http://localhost:3000	::ffff:172.18.0.1
20260327	16:14:17	e5d04c6f-57fa-41f1-a8cf-993e00d994f9	GET	/auth/refresh	http://localhost:3000	::ffff:172.18.0.1
20260327	16:14:17	36ede05b-01b8-4e5d-9026-f4670d8ade16	GET	/application	http://localhost:3000	::ffff:172.18.0.1
20260327	16:14:17	cd56d178-b1c3-4b42-a55c-0d0f12a3ed04	OPTIONS	/application	http://localhost:3000	::ffff:172.18.0.1
20260327	16:14:59	9b256520-c31b-45e3-b50a-3e50b6459ce7	GET	/application	http://localhost:3000	::ffff:172.18.0.1
20260327	16:14:59	9779ad35-7e0c-4473-9ec1-6d59b91bf576	GET	/auth/refresh	http://localhost:3000	::ffff:172.18.0.1
20260327	16:15:00	59929f8e-b37f-44dd-8cf7-268321299912	GET	/auth/refresh	http://localhost:3000	::ffff:172.18.0.1
20260327	16:15:01	fb9553f0-a81c-42ac-9219-ed9d96bde6e0	GET	/application	http://localhost:3000	::ffff:172.18.0.1
20260327	16:15:01	edf1acdc-4e5d-4122-b789-c402ce6a66cc	OPTIONS	/application	http://localhost:3000	::ffff:172.18.0.1
20260327	16:16:11	feae1bc4-0ea1-490c-a44f-de1a9a45c7e8	OPTIONS	/application/69c2a3bbb6e9161547017089	http://localhost:3000	::ffff:172.18.0.1
20260327	16:16:11	efac7706-8a6f-49a1-b539-544d8e72849b	GET	/application/69c2a3bbb6e9161547017089	http://localhost:3000	::ffff:172.18.0.1
20260327	16:18:38	4e781fff-0930-422c-866b-963de218d39d	GET	/application/69c2a3bbb6e9161547017089	http://localhost:3000	::ffff:172.18.0.1
20260327	16:18:38	6537c406-2c71-4c55-8211-c975dbfc0392	GET	/auth/refresh	http://localhost:3000	::ffff:172.18.0.1
20260327	16:18:39	cb2e30be-c609-4016-a687-8d8f8e3733ad	GET	/auth/refresh	http://localhost:3000	::ffff:172.18.0.1
20260327	16:18:39	c9c759bb-914e-4a9b-a4d8-c0c6e248cd61	OPTIONS	/application/69c2a3bbb6e9161547017089	http://localhost:3000	::ffff:172.18.0.1
20260327	16:18:39	4ff6cd4d-0d1a-40fc-9749-b588fc93e95e	GET	/application/69c2a3bbb6e9161547017089	http://localhost:3000	::ffff:172.18.0.1
20260327	16:21:36	bccf6a17-c08c-4c83-bd5c-c102e5ab73f0	OPTIONS	/application/receipt/69c2a3bbb6e9161547017089	http://localhost:3000	::ffff:172.18.0.1
20260327	16:21:36	f44c89ea-8122-4eb7-9138-acf138141a76	GET	/application/receipt/69c2a3bbb6e9161547017089	http://localhost:3000	::ffff:172.18.0.1
20260327	16:22:27	98027b5b-72eb-4134-bcfd-3139bee55b60	OPTIONS	/application/approve/69c2a3bbb6e9161547017089	http://localhost:3000	::ffff:172.18.0.1
20260327	16:22:27	2c06327d-e5c7-4b47-a9f2-26aa44fa6f1f	POST	/application/approve/69c2a3bbb6e9161547017089	http://localhost:3000	::ffff:172.18.0.1
20260327	16:22:31	1b262cf4-fcce-4e49-92c2-258c48896df6	OPTIONS	/application/69c2a3bbb6e9161547017089	http://localhost:3000	::ffff:172.18.0.1
20260327	16:22:31	ad52d8e9-25c2-4831-86a1-a252bd182341	GET	/application/69c2a3bbb6e9161547017089	http://localhost:3000	::ffff:172.18.0.1
20260327	16:22:41	37a34d86-2465-4479-a8e8-4ae681b346b2	OPTIONS	/application	http://localhost:3000	::ffff:172.18.0.1
20260327	16:22:41	3a28b060-0054-442d-b35f-8a0869e7dcc2	GET	/application	http://localhost:3000	::ffff:172.18.0.1
20260327	16:27:47	9021b685-855a-41f9-9d79-0c3a418694fe	OPTIONS	/application/69c2bd9a2400c35a2dcf1a2b	http://localhost:3000	::ffff:172.18.0.1
20260327	16:27:47	c23be94e-d98f-4958-a6fe-364efe9f878f	GET	/application/69c2bd9a2400c35a2dcf1a2b	http://localhost:3000	::ffff:172.18.0.1
20260327	16:27:53	415b4c49-8c82-4b5b-841f-bbdeec3470e2	OPTIONS	/application/apply/courses	http://localhost:3000	::ffff:172.18.0.1
20260327	16:27:53	e7bcad03-8764-47ec-8b08-2cbf08937a0d	OPTIONS	/application/courses/my	http://localhost:3000	::ffff:172.18.0.1
20260327	16:27:53	6d69df3a-178a-4489-81bc-0eff474dbb8f	GET	/application/apply/courses	http://localhost:3000	::ffff:172.18.0.1
20260327	16:27:53	c9c54e24-7553-40ff-baf7-eefba3544edf	GET	/application/courses/my	http://localhost:3000	::ffff:172.18.0.1
20260327	16:28:08	8f1a60e8-32e7-4f50-a406-c90bee9cd5e1	OPTIONS	/application	http://localhost:3000	::ffff:172.18.0.1
20260327	16:28:09	d4e17848-1baf-4ba6-98bf-cd8393e66b24	GET	/application	http://localhost:3000	::ffff:172.18.0.1
20260327	16:33:18	7acfa650-7e79-450d-a9d5-2249bd85887f	GET	/application/apply/courses	http://localhost:3000	::ffff:172.18.0.1
20260327	16:33:18	050db73b-6a25-4ea4-a42b-0984a772b312	OPTIONS	/application/apply/courses	http://localhost:3000	::ffff:172.18.0.1
20260327	16:33:18	254f30fc-b6a8-4a8c-8858-063413ce5b25	OPTIONS	/application/courses/my	http://localhost:3000	::ffff:172.18.0.1
20260327	16:33:18	c61e16da-71c9-4892-8efc-bae92aba8f8c	OPTIONS	/application/69c2bd9a2400c35a2dcf1a2b	http://localhost:3000	::ffff:172.18.0.1
20260327	16:33:18	171e8126-e441-499d-b8fd-0454703fd36b	GET	/application/69c2bd9a2400c35a2dcf1a2b	http://localhost:3000	::ffff:172.18.0.1
20260327	16:33:18	1ddbe778-2f7e-4bb2-9d91-1092119d02a7	GET	/application/courses/my	http://localhost:3000	::ffff:172.18.0.1
20260327	16:33:21	f0e838b9-2fdf-40ec-be77-7cc90eb83043	OPTIONS	/application	http://localhost:3000	::ffff:172.18.0.1
20260327	16:33:21	58c11955-1129-4f2e-9b2d-eb4d10819c85	GET	/application	http://localhost:3000	::ffff:172.18.0.1
20260327	16:40:27	92ec07f4-5393-40e6-9eb6-e1554f80fe00	GET	/auth/refresh	http://localhost:3000	::ffff:172.18.0.1
20260327	16:40:27	226de6be-8fd2-4713-8c6c-b7849bd070e0	GET	/application/69c2bd9a2400c35a2dcf1a2b	http://localhost:3000	::ffff:172.18.0.1
20260327	16:40:27	5b760384-b8ef-4df9-8630-66438392c011	GET	/auth/refresh	http://localhost:3000	::ffff:172.18.0.1
20260327	16:40:27	081ad27b-04a3-4809-a495-1042c56ddc1e	OPTIONS	/application/69c2bd9a2400c35a2dcf1a2b	http://localhost:3000	::ffff:172.18.0.1
20260327	16:40:27	747cc34a-fcfc-4b99-899e-d70e4f8e1adc	GET	/application/69c2bd9a2400c35a2dcf1a2b	http://localhost:3000	::ffff:172.18.0.1
20260327	16:40:29	2b2381b8-c4f7-48be-8dc1-acc0a4f6c850	OPTIONS	/application/courses/my	http://localhost:3000	::ffff:172.18.0.1
20260327	16:40:29	fc51c1ee-1aaf-4e1a-884a-2d06f2241117	OPTIONS	/application/apply/courses	http://localhost:3000	::ffff:172.18.0.1
20260327	16:40:29	8735cd6a-bfd5-4b88-a21b-0c7e29e5f97c	GET	/application/apply/courses	http://localhost:3000	::ffff:172.18.0.1
20260327	16:40:29	520cdaca-0d14-4379-91f4-181eed9de3ed	GET	/application/courses/my	http://localhost:3000	::ffff:172.18.0.1
20260327	16:40:34	0b61989b-da19-45eb-85d7-5a57de437dd1	OPTIONS	/application	http://localhost:3000	::ffff:172.18.0.1
20260327	16:40:34	e8e991a0-fba8-4053-9b28-837d180be00f	GET	/application	http://localhost:3000	::ffff:172.18.0.1
20260327	16:40:42	f3405451-c403-4d1d-91cb-ae73823e82d9	OPTIONS	/application/69c2a3bbb6e9161547017089	http://localhost:3000	::ffff:172.18.0.1
20260327	16:40:42	786a91cb-414a-41a0-b257-f44ceb4745fa	GET	/application/69c2a3bbb6e9161547017089	http://localhost:3000	::ffff:172.18.0.1
20260327	16:41:52	6d774ab8-ae4f-4bdd-b859-d2324203085a	OPTIONS	/application/receipt/69c2bd9a2400c35a2dcf1a2b	http://localhost:3000	::ffff:172.18.0.1
20260327	16:41:53	bc75be49-c66c-45a4-b6aa-6d593cd9e02d	GET	/application/receipt/69c2bd9a2400c35a2dcf1a2b	http://localhost:3000	::ffff:172.18.0.1
20260327	16:42:27	306753d1-4156-4448-8c6d-e2958ee792c4	OPTIONS	/application/review/69c2bd9a2400c35a2dcf1a2b	http://localhost:3000	::ffff:172.18.0.1
20260327	16:42:27	e3463202-45f9-4873-b9f3-ccfdc9782f68	POST	/application/review/69c2bd9a2400c35a2dcf1a2b	http://localhost:3000	::ffff:172.18.0.1
20260327	16:43:08	be96f7a7-c02e-4392-b766-ac6ca394841c	OPTIONS	/application/review/69c2bd9a2400c35a2dcf1a2b	http://localhost:3000	::ffff:172.18.0.1
20260327	16:43:08	8dffa0f8-7871-4722-9a96-f854a8e74f3f	POST	/application/review/69c2bd9a2400c35a2dcf1a2b	http://localhost:3000	::ffff:172.18.0.1
20260327	16:43:08	6861bf15-2a78-412c-b5ce-358abeb41801	POST	/application/review/69c2bd9a2400c35a2dcf1a2b	http://localhost:3000	::ffff:172.18.0.1
20260327	16:46:30	ae1d2a7a-b43a-4cd2-b723-ed60013ec05d	GET	/application/69c2bd9a2400c35a2dcf1a2b	http://localhost:3000	::ffff:172.18.0.1
20260327	16:46:30	8cfe83a0-d1fe-46e4-b1bf-038f830fd46e	GET	/auth/refresh	http://localhost:3000	::ffff:172.18.0.1
20260327	16:46:30	e7b14f87-c1c0-4443-b29a-cfb0fa69fdf6	GET	/auth/refresh	http://localhost:3000	::ffff:172.18.0.1
20260327	16:46:31	1dea2007-a121-4b1a-94bf-39d159cebf2d	OPTIONS	/application/69c2bd9a2400c35a2dcf1a2b	http://localhost:3000	::ffff:172.18.0.1
20260327	16:46:31	42bf77d0-2db2-468e-ad20-85cd6b545f21	GET	/application/69c2bd9a2400c35a2dcf1a2b	http://localhost:3000	::ffff:172.18.0.1
20260327	16:46:35	8639685c-9c01-4d67-889c-0e1ace6cf2d8	GET	/application/apply/courses	http://localhost:3000	::ffff:172.18.0.1
20260327	16:46:35	07135150-8932-4fa4-9ba5-a56de88cd347	OPTIONS	/application/apply/courses	http://localhost:3000	::ffff:172.18.0.1
20260327	16:46:35	cce2da37-fccc-4098-bc10-7beff1edc2ee	OPTIONS	/application/courses/my	http://localhost:3000	::ffff:172.18.0.1
20260327	16:46:35	99e55271-a1e4-4cc6-a0f6-cb35b6292670	GET	/application/courses/my	http://localhost:3000	::ffff:172.18.0.1
20260327	16:46:53	f887c99d-7d17-4a05-bd72-c65c2883dcf5	OPTIONS	/application/receipt/69c2bd9a2400c35a2dcf1a2b	http://localhost:3000	::ffff:172.18.0.1
20260327	16:46:53	3997f60a-4d01-43ee-89c6-f3b9bbf83aba	GET	/application/receipt/69c2bd9a2400c35a2dcf1a2b	http://localhost:3000	::ffff:172.18.0.1
20260327	16:47:29	faed72c0-8121-44e3-9f61-98089df1b451	OPTIONS	/application/review/69c2bd9a2400c35a2dcf1a2b	http://localhost:3000	::ffff:172.18.0.1
20260327	16:47:29	bdc5d8fa-4a61-40b0-96ec-45d2a42a67b2	POST	/application/review/69c2bd9a2400c35a2dcf1a2b	http://localhost:3000	::ffff:172.18.0.1
20260327	16:47:36	62d2ecfc-5148-40ed-a14f-f8fc9777e231	OPTIONS	/application	http://localhost:3000	::ffff:172.18.0.1
20260327	16:47:36	aaaf8ce5-4e08-4845-8ac0-9028ce42968e	GET	/application	http://localhost:3000	::ffff:172.18.0.1
20260327	16:57:25	83bf5abc-30fe-427a-a8a5-ee6e12b13ad9	GET	/auth/refresh	http://localhost:3000	::ffff:172.18.0.1
20260327	16:57:25	94ddd403-8782-43d4-b7bd-22baba383ea2	GET	/application	http://localhost:3000	::ffff:172.18.0.1
20260327	16:57:25	9903ffb5-791e-40fa-aa70-8493aca6fb74	OPTIONS	/auth/refresh	http://localhost:3000	::ffff:172.18.0.1
20260327	16:57:25	d98d8740-bb7e-4338-b2e8-235b9f7e9070	GET	/auth/refresh	http://localhost:3000	::ffff:172.18.0.1
20260327	16:57:25	6c9fe0ee-29c3-4a7a-af6e-e4de5eecd882	OPTIONS	/application	http://localhost:3000	::ffff:172.18.0.1
20260327	16:57:25	334e98cc-1d81-454f-a5c1-885626a6ec21	GET	/application	http://localhost:3000	::ffff:172.18.0.1
20260327	17:06:18	9bad1a98-98e9-46ab-a0a7-7d078ae22b70	GET	/application/69c2bd9a2400c35a2dcf1a2b	http://localhost:3000	::ffff:172.18.0.1
20260327	17:06:18	956c2fcb-45a0-4a54-bc4e-77d0b25a2202	GET	/auth/refresh	http://localhost:3000	::ffff:172.18.0.1
20260327	17:06:18	9e4fec99-2340-46b0-8ea4-cbe2c3a046ec	GET	/auth/refresh	http://localhost:3000	::ffff:172.18.0.1
20260327	17:06:19	c9e4409a-af77-489b-ab1d-6bbda0e5542b	OPTIONS	/application/69c2bd9a2400c35a2dcf1a2b	http://localhost:3000	::ffff:172.18.0.1
20260327	17:06:19	ea2593f4-9073-4f72-9386-2f4aca77d480	GET	/application/69c2bd9a2400c35a2dcf1a2b	http://localhost:3000	::ffff:172.18.0.1
20260327	17:06:21	ac77fd34-38e3-4529-a3a5-46ca2b360863	OPTIONS	/application/apply/courses	http://localhost:3000	::ffff:172.18.0.1
20260327	17:06:21	15d773ee-34f8-44fb-b0fe-e2a438f76401	OPTIONS	/application/courses/my	http://localhost:3000	::ffff:172.18.0.1
20260327	17:06:21	2d3511da-d147-4e38-b0e7-778aaa5c0c89	GET	/application/apply/courses	http://localhost:3000	::ffff:172.18.0.1
20260327	17:06:21	39df5e65-7f20-40c3-9070-d8cddba71f08	GET	/application/courses/my	http://localhost:3000	::ffff:172.18.0.1
20260327	17:07:03	72aa1d3a-d986-46b2-b87a-b87f2adb19a1	OPTIONS	/application/69c2bd9a2400c35a2dcf1a2b	http://localhost:3000	::ffff:172.18.0.1
20260327	17:07:03	54353ab8-68cf-4bdc-8329-af1da384c178	PATCH	/application/69c2bd9a2400c35a2dcf1a2b	http://localhost:3000	::ffff:172.18.0.1
20260327	17:07:32	458ebcca-0717-4369-b452-4c66191df3bf	PATCH	/application/69c2bd9a2400c35a2dcf1a2b	http://localhost:3000	::ffff:172.18.0.1
20260327	17:07:32	3454bff4-d6fe-4e3c-ac61-33893ca1b6ca	OPTIONS	/application/69c2bd9a2400c35a2dcf1a2b	http://localhost:3000	::ffff:172.18.0.1
20260327	17:12:33	1fe1ff33-fd2e-49f2-818e-983e89e00c9b	OPTIONS	/application/69c2bd9a2400c35a2dcf1a2b	http://localhost:3000	::ffff:172.18.0.1
20260327	17:12:33	848e51d2-df06-4da9-bac5-fad3462922c0	PATCH	/application/69c2bd9a2400c35a2dcf1a2b	http://localhost:3000	::ffff:172.18.0.1
20260327	17:12:35	9800a7f4-ec78-4deb-bb7c-c002fb1c49ab	GET	/application/apply/courses	http://localhost:3000	::ffff:172.18.0.1
20260327	17:12:35	ed5da3e4-b56f-4704-8323-e7c39b1baba0	OPTIONS	/application/apply/courses	http://localhost:3000	::ffff:172.18.0.1
20260327	17:12:35	929fd25b-7091-476f-9050-f79aad556842	OPTIONS	/application/courses/my	http://localhost:3000	::ffff:172.18.0.1
20260327	17:12:35	df493c0d-3b27-4ce2-a956-3c4d89a1927c	GET	/application/courses/my	http://localhost:3000	::ffff:172.18.0.1
20260327	17:18:59	e0766fd3-7d9e-41ed-b297-1ef4439995cf	OPTIONS	/application/69c2bd9a2400c35a2dcf1a2b	http://localhost:3000	::ffff:172.18.0.1
20260327	17:18:59	ba4ce452-1453-4b33-82ae-7330dc53fd9c	PATCH	/application/69c2bd9a2400c35a2dcf1a2b	http://localhost:3000	::ffff:172.18.0.1
20260327	17:19:01	5b112459-6f90-4cfe-bc77-fb8e8f794600	GET	/application/apply/courses	http://localhost:3000	::ffff:172.18.0.1
20260327	17:19:01	adf20408-5d84-4ee6-9f01-377ab9ae3948	OPTIONS	/application/apply/courses	http://localhost:3000	::ffff:172.18.0.1
20260327	17:19:01	4507c89c-6cd8-4d81-bf7d-0a14e97bfdb9	OPTIONS	/application/courses/my	http://localhost:3000	::ffff:172.18.0.1
20260327	17:19:01	538d42ac-d56b-4414-a169-c8fe2c088254	GET	/application/courses/my	http://localhost:3000	::ffff:172.18.0.1
20260327	17:26:26	6e230add-62bf-4c17-ad38-65f4bb865865	OPTIONS	/application/apply/courses	http://localhost:3000	::ffff:172.18.0.1
20260327	17:26:26	f5fd3aaa-965a-49d7-a952-342199bda2f1	OPTIONS	/application/courses/my	http://localhost:3000	::ffff:172.18.0.1
20260327	17:26:26	002887b7-33d1-4a79-8438-41dab6a75aad	GET	/application/apply/courses	http://localhost:3000	::ffff:172.18.0.1
20260327	17:26:26	748c95bb-73dd-49ee-8ac3-2eb7d37da551	GET	/application/courses/my	http://localhost:3000	::ffff:172.18.0.1
20260327	17:26:44	13ac74dd-399c-4fac-8697-e7f2df5f47f2	OPTIONS	/application/69c2bd9a2400c35a2dcf1a2b	http://localhost:3000	::ffff:172.18.0.1
20260327	17:26:44	a87eaba2-e564-4055-acbf-c41cc5b3b062	PATCH	/application/69c2bd9a2400c35a2dcf1a2b	http://localhost:3000	::ffff:172.18.0.1
20260327	17:27:51	43734b42-f994-41f3-aa60-587d0f74456b	OPTIONS	/application/69c2bd9a2400c35a2dcf1a2b	http://localhost:3000	::ffff:172.18.0.1
20260327	17:27:51	d0fe3a70-cf95-4cdb-800a-49af64257828	PATCH	/application/69c2bd9a2400c35a2dcf1a2b	http://localhost:3000	::ffff:172.18.0.1
20260327	17:29:14	f45ebf82-e331-4725-8d41-8991148e7dd3	OPTIONS	/application/69c2bd9a2400c35a2dcf1a2b	http://localhost:3000	::ffff:172.18.0.1
20260327	17:29:14	e4f27e71-0046-4822-922e-c0fc2227540c	PATCH	/application/69c2bd9a2400c35a2dcf1a2b	http://localhost:3000	::ffff:172.18.0.1
20260327	17:30:46	1470e428-0ab1-4931-827c-8d03e08f5cbd	OPTIONS	/application/69c2bd9a2400c35a2dcf1a2b	http://localhost:3000	::ffff:172.18.0.1
20260327	17:30:46	6ad9a3e0-6f17-4625-9619-58074fa613c5	PATCH	/application/69c2bd9a2400c35a2dcf1a2b	http://localhost:3000	::ffff:172.18.0.1
20260327	17:31:27	0eebd8f4-00a9-4d2f-9302-58d385e8128f	GET	/application/69c2bd9a2400c35a2dcf1a2b	http://localhost:3000	::ffff:172.18.0.1
20260327	17:31:27	1545c383-d865-4564-b80a-4f72fd3ca398	GET	/auth/refresh	http://localhost:3000	::ffff:172.18.0.1
20260327	17:31:28	2656f182-a0e0-482d-9052-ae7f28ad4227	GET	/auth/refresh	http://localhost:3000	::ffff:172.18.0.1
20260327	17:31:28	3d4eb0b0-4082-4876-b1c8-ea7d1c0d8c55	OPTIONS	/application/69c2bd9a2400c35a2dcf1a2b	http://localhost:3000	::ffff:172.18.0.1
20260327	17:31:28	15c22589-5e99-447a-9c0c-80d610525a0c	GET	/application/69c2bd9a2400c35a2dcf1a2b	http://localhost:3000	::ffff:172.18.0.1
20260327	17:31:30	3d4437a1-9529-4bf7-896d-8e56bc42001b	OPTIONS	/application/apply/courses	http://localhost:3000	::ffff:172.18.0.1
20260327	17:31:30	f40021b8-ddeb-482d-aae2-cf96557565b3	OPTIONS	/application/courses/my	http://localhost:3000	::ffff:172.18.0.1
20260327	17:31:30	086f177c-4346-4a39-8425-979fd5d12e7a	GET	/application/apply/courses	http://localhost:3000	::ffff:172.18.0.1
20260327	17:31:30	c01a0d8e-4d65-4949-8fbe-422ddefa325a	GET	/application/courses/my	http://localhost:3000	::ffff:172.18.0.1
20260327	17:31:52	59a6d033-324e-4cf1-b29b-d81ebe7c9685	OPTIONS	/application/69c2bd9a2400c35a2dcf1a2b	http://localhost:3000	::ffff:172.18.0.1
20260327	17:31:52	763b3837-d94f-48ed-b3aa-846da0c004df	PATCH	/application/69c2bd9a2400c35a2dcf1a2b	http://localhost:3000	::ffff:172.18.0.1
20260327	17:32:11	f31ea438-8fd8-4d71-bb3e-5f3e6f7cde24	OPTIONS	/application/69c2bd9a2400c35a2dcf1a2b	http://localhost:3000	::ffff:172.18.0.1
20260327	17:32:11	25653a27-82f1-42f1-9db7-41b883ad0225	PATCH	/application/69c2bd9a2400c35a2dcf1a2b	http://localhost:3000	::ffff:172.18.0.1
20260327	17:33:00	788b7027-4a3f-4269-9331-08b04ea8b194	OPTIONS	/application/69c2bd9a2400c35a2dcf1a2b	http://localhost:3000	::ffff:172.18.0.1
20260327	17:33:00	10c89666-4b0a-4688-b80b-55b07df24950	PATCH	/application/69c2bd9a2400c35a2dcf1a2b	http://localhost:3000	::ffff:172.18.0.1
20260327	17:33:33	52c9e8ab-7617-4cd6-b6ea-34e5143d9644	OPTIONS	/application/69c2bd9a2400c35a2dcf1a2b	http://localhost:3000	::ffff:172.18.0.1
20260327	17:33:33	7879e01b-9078-407c-937d-5df57ff0b2f4	PATCH	/application/69c2bd9a2400c35a2dcf1a2b	http://localhost:3000	::ffff:172.18.0.1
20260327	17:34:39	317fe9b3-3694-4a31-b76b-f5af7af21860	PATCH	/application/69c2bd9a2400c35a2dcf1a2b	http://localhost:3000	::ffff:172.18.0.1
20260327	17:34:38	9291672e-0bb0-4ead-b5fe-3b117cd8564f	OPTIONS	/application/69c2bd9a2400c35a2dcf1a2b	http://localhost:3000	::ffff:172.18.0.1
20260327	17:36:45	24bdf3a1-7f30-4070-9a67-d8c00137776b	OPTIONS	/application/69c2bd9a2400c35a2dcf1a2b	http://localhost:3000	::ffff:172.18.0.1
20260327	17:36:45	0647596b-a741-487d-bffc-f56e9087eba5	PATCH	/application/69c2bd9a2400c35a2dcf1a2b	http://localhost:3000	::ffff:172.18.0.1
20260327	17:36:48	f6c4f054-2207-4cec-93d1-f22222e0039a	OPTIONS	/application/apply/courses	http://localhost:3000	::ffff:172.18.0.1
20260327	17:36:48	ca96ae15-0fd3-4e25-be2d-daa81922391b	GET	/application/apply/courses	http://localhost:3000	::ffff:172.18.0.1
20260327	17:36:48	8a0b1fcc-1cd3-4f2f-baa3-7d13f3f3689a	OPTIONS	/application/courses/my	http://localhost:3000	::ffff:172.18.0.1
20260327	17:36:48	9a761597-492d-4572-805e-71447d5f3ba0	GET	/application/courses/my	http://localhost:3000	::ffff:172.18.0.1
20260327	17:37:32	b0a03eee-81ee-42b4-b933-2235e7da0981	OPTIONS	/application/69c2bd9a2400c35a2dcf1a2b	http://localhost:3000	::ffff:172.18.0.1
20260327	17:37:32	df7ff996-eab5-4c81-85e9-f6e1e3fc0b72	PATCH	/application/69c2bd9a2400c35a2dcf1a2b	http://localhost:3000	::ffff:172.18.0.1
20260327	17:39:16	0c856842-32d8-4851-8629-5d3fbbbf8a60	OPTIONS	/application/69c2bd9a2400c35a2dcf1a2b	http://localhost:3000	::ffff:172.18.0.1
20260327	17:39:16	29f01ec7-6595-4ef9-986e-b8bf16b5fe1a	PATCH	/application/69c2bd9a2400c35a2dcf1a2b	http://localhost:3000	::ffff:172.18.0.1
20260327	17:41:49	5a01b156-6115-416e-b389-e145fef00829	OPTIONS	/application/69c2bd9a2400c35a2dcf1a2b	http://localhost:3000	::ffff:172.18.0.1
20260327	17:41:49	6a0f41f6-6510-4cb1-b644-8b92e4fe254c	PATCH	/application/69c2bd9a2400c35a2dcf1a2b	http://localhost:3000	::ffff:172.18.0.1
20260327	17:47:41	0d96448f-4f28-4faa-a6e7-ebd6b12e41b7	GET	/application/69c2bd9a2400c35a2dcf1a2b	http://localhost:3000	::ffff:172.18.0.1
20260327	17:47:42	63e69cc8-a732-4115-be49-a069fffb167f	GET	/auth/refresh	http://localhost:3000	::ffff:172.18.0.1
20260327	17:47:42	3a1ab36c-e025-480f-813c-fbbdf63e5129	GET	/auth/refresh	http://localhost:3000	::ffff:172.18.0.1
20260327	17:47:42	664bca7e-d89a-450a-b427-af1b87dbd064	OPTIONS	/application/69c2bd9a2400c35a2dcf1a2b	http://localhost:3000	::ffff:172.18.0.1
20260327	17:47:42	6f57d558-9630-4c5c-8024-c56d85f9cff8	GET	/application/69c2bd9a2400c35a2dcf1a2b	http://localhost:3000	::ffff:172.18.0.1
20260327	17:48:01	77b05cd1-b87d-4b6a-818c-554dc2eed28b	OPTIONS	/application/apply/courses	http://localhost:3000	::ffff:172.18.0.1
20260327	17:48:01	9192c680-8210-4c32-97e1-1766dd8c2516	OPTIONS	/application/courses/my	http://localhost:3000	::ffff:172.18.0.1
20260327	17:48:01	f4a613ea-d809-4181-802b-a0cab2e379c0	GET	/application/apply/courses	http://localhost:3000	::ffff:172.18.0.1
20260327	17:48:01	08d8cc39-7d6b-461f-8e00-dc6e38815922	GET	/application/courses/my	http://localhost:3000	::ffff:172.18.0.1
20260327	17:49:18	66e320ab-0612-48e5-99db-eb0d64564d7a	OPTIONS	/application/69c2bd9a2400c35a2dcf1a2b	http://localhost:3000	::ffff:172.18.0.1
20260327	17:49:18	e441f89e-e3dd-467a-9330-b855819b2793	PATCH	/application/69c2bd9a2400c35a2dcf1a2b	http://localhost:3000	::ffff:172.18.0.1
20260327	17:49:40	cb9423d5-d1ce-4628-ad07-c3efc6e8a5dd	GET	/application	http://localhost:3000	::ffff:172.18.0.1
20260327	17:49:40	ca4966a3-c6ec-421b-b48b-c1d2e9f42eca	OPTIONS	/application	http://localhost:3000	::ffff:172.18.0.1
20260327	17:51:55	039d2541-42e6-4389-a78d-47c40a78036a	OPTIONS	/application/69c2bd9a2400c35a2dcf1a2b	http://localhost:3000	::ffff:172.18.0.1
20260327	17:51:55	c17821f0-dee8-49fe-8d41-e4e2a3d6fb04	PATCH	/application/69c2bd9a2400c35a2dcf1a2b	http://localhost:3000	::ffff:172.18.0.1
20260327	19:29:31	d07c4422-8248-4381-ae51-b8d085c0ebc7	OPTIONS	/auth	http://localhost:3000	::ffff:172.18.0.1
20260327	19:29:31	bdc61528-1f48-4d14-936e-17d11e9bfd94	POST	/auth	http://localhost:3000	::ffff:172.18.0.1
20260327	19:29:36	bb37c604-f3e7-4719-96af-ce48e6dc04a4	OPTIONS	/application	http://localhost:3000	::ffff:172.18.0.1
20260327	19:29:36	b95f8963-7747-46d7-86e5-aecc1e31839e	GET	/application	http://localhost:3000	::ffff:172.18.0.1
20260327	19:29:36	6d1aaf01-849a-4eab-b680-45a26c1d7303	OPTIONS	/auth/refresh	http://localhost:3000	::ffff:172.18.0.1
20260327	19:29:37	ba386ac6-d723-4df9-867f-ecf2ca3bab37	GET	/auth/refresh	http://localhost:3000	::ffff:172.18.0.1
20260327	19:30:17	7716785e-3ce7-4245-aa6c-5c709f3df554	GET	/profile	http://localhost:3000	::ffff:172.18.0.1
20260327	19:30:18	10845f51-2a17-4475-95b1-93ad7a5b1d0e	GET	/auth/refresh	http://localhost:3000	::ffff:172.18.0.1
20260327	19:30:17	55975109-4a09-49c6-8f31-1ac7250f77c5	GET	/application	http://localhost:3000	::ffff:172.18.0.1
20260327	19:30:18	9e8f90be-ea98-487a-89da-2c975a500fd9	GET	/auth/refresh	http://localhost:3000	::ffff:172.18.0.1
20260327	19:30:18	852a7545-d506-4864-8e3f-e221b4d5adf0	OPTIONS	/application	http://localhost:3000	::ffff:172.18.0.1
20260327	19:30:18	4dd1c8e0-1ce1-4e30-adde-a10ba35996ec	OPTIONS	/profile	http://localhost:3000	::ffff:172.18.0.1
20260327	19:30:18	61c2cece-0b2a-4916-a785-d8ea3ce7acef	GET	/application	http://localhost:3000	::ffff:172.18.0.1
20260327	19:30:18	493701e2-e9c1-4178-bdb4-532f7a6aefb9	GET	/profile	http://localhost:3000	::ffff:172.18.0.1
20260327	19:30:39	58a8e8ae-8931-49ce-8fb0-f14064e555a4	OPTIONS	/auth/logout	http://localhost:3000	::ffff:172.18.0.1
20260327	19:30:39	e0e551f7-a7a4-496b-80a6-cb3144f4cbf5	POST	/auth/logout	http://localhost:3000	::ffff:172.18.0.1
20260327	19:30:55	010283af-81d4-49a0-aa0b-2754b5f80f18	OPTIONS	/auth	http://localhost:3000	::ffff:172.18.0.1
20260327	19:30:55	036c0ca6-cf55-47b0-9473-19b76d87fada	POST	/auth	http://localhost:3000	::ffff:172.18.0.1
20260327	19:35:08	5e00c814-8568-4f57-ab52-b7266de5cc61	OPTIONS	/auth/logout	http://localhost:3000	::ffff:172.18.0.1
20260327	19:35:08	f8532cd7-0997-4a52-8d2a-bde1cfec5b44	POST	/auth/logout	http://localhost:3000	::ffff:172.18.0.1
20260327	19:35:18	67127e30-f23b-4d74-9f41-3fe335718468	OPTIONS	/auth	http://localhost:3000	::ffff:172.18.0.1
20260327	19:35:18	9f9f9ce8-f8c3-4b3f-ab70-feb56b9ce11c	POST	/auth	http://localhost:3000	::ffff:172.18.0.1
20260327	19:35:26	f1b9bf42-2ab7-4fdd-8835-d6f9dbd07171	OPTIONS	/auth/refresh	http://localhost:3000	::ffff:172.18.0.1
20260327	19:35:26	9c1c9454-b06a-4a22-a4f4-171c649beed2	OPTIONS	/application	http://localhost:3000	::ffff:172.18.0.1
20260327	19:35:26	e9609617-5486-45d0-83db-d23b22b96e08	OPTIONS	/profile	http://localhost:3000	::ffff:172.18.0.1
20260327	19:35:26	5999bb39-effa-498a-9a5d-f722d070861e	GET	/auth/refresh	http://localhost:3000	::ffff:172.18.0.1
20260327	19:35:26	ceb7b038-4235-4946-8e62-18242f50f5e9	GET	/profile	http://localhost:3000	::ffff:172.18.0.1
20260327	19:35:26	637d3a50-abd3-4b07-9d08-a6d76184504a	GET	/application	http://localhost:3000	::ffff:172.18.0.1
20260327	19:39:34	86f2cadf-37c2-4e09-9f3c-ced5b7a81647	GET	/application/courses/categories	http://localhost:3000	::ffff:172.18.0.1
20260327	19:39:34	4c50fca4-50f9-4d94-86fa-f75b44cc3b36	GET	/application/apply/courses	http://localhost:3000	::ffff:172.18.0.1
20260327	19:39:34	9b1107ff-3c4a-42e7-8037-dcffca9bcde7	GET	/application/courses/my	http://localhost:3000	::ffff:172.18.0.1
20260327	19:39:34	513c2bff-de02-4890-881d-e3e87eee1662	GET	/auth/refresh	http://localhost:3000	::ffff:172.18.0.1
20260327	19:39:34	80afbfde-49ac-43e4-9235-eaa3901d0205	OPTIONS	/application/courses/my	http://localhost:3000	::ffff:172.18.0.1
20260327	19:39:35	c844197f-d910-4b1e-8d4f-7d38185698c4	GET	/application/courses/my	http://localhost:3000	::ffff:172.18.0.1
20260327	19:58:38	738fe66e-24bc-447d-9c67-0d44c1c3939c	GET	/application/apply/courses	http://localhost:3000	::ffff:172.18.0.1
20260327	19:58:38	dbfc5e19-04aa-481b-9821-732f304e1c4a	GET	/application/courses/my	http://localhost:3000	::ffff:172.18.0.1
20260327	19:58:38	80092dbf-5f93-4d11-83d7-d0636a7b50a3	GET	/auth/refresh	http://localhost:3000	::ffff:172.18.0.1
20260327	19:58:39	d129d84d-7ec8-43dd-8d2c-a323fd6e169d	OPTIONS	/application/courses/my	http://localhost:3000	::ffff:172.18.0.1
20260327	19:58:39	0f33e5f5-9c37-4c03-aab4-5b83deee9e2f	GET	/application/courses/my	http://localhost:3000	::ffff:172.18.0.1
20260327	19:58:54	56d8beaf-35bf-41a8-bff4-b10d3de26613	OPTIONS	/application/apply/courses	http://localhost:3000	::ffff:172.18.0.1
20260327	19:58:54	e9cbe8b1-e1e8-411a-87c9-4cfbd65b117d	GET	/application/apply/courses	http://localhost:3000	::ffff:172.18.0.1
20260327	20:01:57	3d4db8c6-73f1-4160-9483-c49a46f35502	OPTIONS	/application/courses/my	http://localhost:3000	::ffff:172.18.0.1
20260327	20:01:57	6bef5bc9-ba64-478f-9c47-4495c57f3510	OPTIONS	/application/apply/courses	http://localhost:3000	::ffff:172.18.0.1
20260327	20:01:57	a224bc7f-e28e-4ad7-8526-2635be17d72c	GET	/application/courses/my	http://localhost:3000	::ffff:172.18.0.1
20260327	20:01:58	b8b65848-216a-434a-bccf-712de962a6a5	GET	/application/apply/courses	http://localhost:3000	::ffff:172.18.0.1
20260327	20:04:15	f39d9841-fac6-4086-a403-fed0787a7930	GET	/profile	http://localhost:3000	::ffff:172.18.0.1
20260327	20:04:15	0c14bf5c-5a87-4bdc-8696-1ffa78cbfb80	GET	/application	http://localhost:3000	::ffff:172.18.0.1
20260327	20:04:15	525e3b3d-fa4d-41dc-8498-5e35e7f1224b	GET	/auth/refresh	http://localhost:3000	::ffff:172.18.0.1
20260327	20:04:15	ca2647ac-4749-4a71-88f4-8a3d238b6ffd	GET	/auth/refresh	http://localhost:3000	::ffff:172.18.0.1
20260327	20:04:16	29687fae-e85b-4fe4-8fde-bc1e55d70667	OPTIONS	/application	http://localhost:3000	::ffff:172.18.0.1
20260327	20:04:16	6ead84df-ef27-496e-995e-48bcc1b380db	OPTIONS	/profile	http://localhost:3000	::ffff:172.18.0.1
20260327	20:04:16	4d7fb48e-0e59-4cd5-8ec1-bcc66c154392	GET	/application	http://localhost:3000	::ffff:172.18.0.1
20260327	20:04:16	168e0336-4a6d-4b88-81c2-980263c2176d	GET	/profile	http://localhost:3000	::ffff:172.18.0.1
20260327	20:04:23	f8a09fa7-c368-4324-88b7-a9060f1dc51b	OPTIONS	/auth/logout	http://localhost:3000	::ffff:172.18.0.1
20260327	20:04:23	addfd330-80f1-476f-bd1c-68e3974bb56d	POST	/auth/logout	http://localhost:3000	::ffff:172.18.0.1
20260327	20:04:55	aba863c3-efe1-4b7d-8838-9fa64ba7cbe7	GET	/application/apply/courses	http://localhost:3000	::ffff:172.18.0.1
20260327	20:04:55	ed03f754-0e16-4bdc-ac4a-d810f05301e5	GET	/application/courses/my	http://localhost:3000	::ffff:172.18.0.1
20260327	20:04:55	5ecb7c74-7d31-4c08-a963-835b33301a87	GET	/auth/refresh	http://localhost:3000	::ffff:172.18.0.1
20260327	20:04:57	4f992078-44ba-4c58-9f84-ab27b5d841cc	GET	/auth/refresh	http://localhost:3000	::ffff:172.18.0.1
20260327	20:04:56	ca663ee5-bfde-4570-ad57-d33fcf399fb6	GET	/application/courses/my	http://localhost:3000	::ffff:172.18.0.1
20260327	20:05:36	0d25908a-7798-4a10-978c-c17bdc354b63	GET	/application/courses/categories	http://localhost:3000	::ffff:172.18.0.1
20260327	20:05:36	ba2d3c6e-79f1-410e-9dde-6f8c9654b1a1	GET	/application/courses/my	http://localhost:3000	::ffff:172.18.0.1
20260327	20:05:36	8d5bf198-9309-448b-b353-54e3c54b8f8f	GET	/auth/refresh	http://localhost:3000	::ffff:172.18.0.1
20260327	20:05:37	722372b1-1a57-4726-899c-b03fe82045d2	GET	/application/courses/my	http://localhost:3000	::ffff:172.18.0.1
20260327	20:05:37	6d91b040-58b4-450c-87bf-4d0a8909ed5b	GET	/auth/refresh	http://localhost:3000	::ffff:172.18.0.1
20260327	20:05:56	a0fa3401-4634-4258-9f88-582f6c7c3be8	GET	/application/courses/my	http://localhost:3000	::ffff:172.18.0.1
20260327	20:05:56	f344bdb7-44f2-4e0f-95ea-42fc4d496427	GET	/auth/refresh	http://localhost:3000	::ffff:172.18.0.1
20260327	20:05:57	567a7bc4-33bf-4ef3-8f16-4b2329c51925	GET	/application/courses/my	http://localhost:3000	::ffff:172.18.0.1
20260327	20:05:58	c0c529d8-1109-4ec6-a581-900418b6f771	GET	/auth/refresh	http://localhost:3000	::ffff:172.18.0.1
20260327	20:07:55	6b67d708-6382-458b-a0d0-d8ad7a343f4c	GET	/application/courses/my	http://localhost:3000	::ffff:172.18.0.1
20260327	20:07:55	9453cb9e-8419-4fe2-8d0a-33f64e47218d	GET	/auth/refresh	http://localhost:3000	::ffff:172.18.0.1
20260327	20:07:56	b4f3c92c-6fe9-410d-944e-bfb17e89759e	GET	/application/courses/my	http://localhost:3000	::ffff:172.18.0.1
20260327	20:07:56	3f66c97a-7df6-4da8-8138-b1f934fe1e7f	GET	/auth/refresh	http://localhost:3000	::ffff:172.18.0.1
20260327	20:07:58	49094288-3987-48a6-92c4-01e4803ebd80	OPTIONS	/application/courses/enrol	http://localhost:3000	::ffff:172.18.0.1
20260327	20:07:59	0ac10faf-b79c-407f-a5d4-fd4468f8d5b1	POST	/application/courses/enrol	http://localhost:3000	::ffff:172.18.0.1
20260327	20:07:59	4fc17573-6908-4149-abd9-c56f8418ab88	GET	/auth/refresh	http://localhost:3000	::ffff:172.18.0.1
20260327	20:15:22	e5175ed8-1a05-4352-be9b-d49d08b2cbf3	OPTIONS	/application/courses/enrol	http://localhost:3000	::ffff:172.18.0.1
20260327	20:15:22	6a282c77-9f6b-43be-be32-dfcceefdc74e	POST	/application/courses/enrol	http://localhost:3000	::ffff:172.18.0.1
20260327	20:15:22	b82034d6-6c89-4aae-aa48-1257e2be5c76	GET	/auth/refresh	http://localhost:3000	::ffff:172.18.0.1
20260327	20:18:45	e6d6913d-4893-416a-88d4-a82daa75839c	GET	/application/courses/my	http://localhost:3000	::ffff:172.18.0.1
20260327	20:18:46	c0e3cd3f-2825-4a6b-877c-f091d5cf970f	GET	/application/apply/courses	http://localhost:3000	::ffff:172.18.0.1
20260327	20:18:46	ea5a98d5-dcf2-4bd1-9d85-043498b3b670	GET	/auth/refresh	http://localhost:3000	::ffff:172.18.0.1
20260327	20:18:47	94ac773d-cded-4779-8920-14ea7d18e209	GET	/application/courses/my	http://localhost:3000	::ffff:172.18.0.1
20260327	20:18:47	9071336e-8d1e-4cb4-b0c4-6baa090ac02a	GET	/auth/refresh	http://localhost:3000	::ffff:172.18.0.1
20260327	20:26:28	41360d54-b4cb-468c-9e0d-910c7f745db7	GET	/application/apply/courses	http://localhost:3000	::ffff:172.18.0.1
20260327	20:26:28	2dd910bd-8340-462b-b7f7-08309c806f37	GET	/application/courses/my	http://localhost:3000	::ffff:172.18.0.1
20260327	20:26:28	a754852a-f573-4469-bb9e-421afadbf9cf	GET	/auth/refresh	http://localhost:3000	::ffff:172.18.0.1
20260327	20:26:31	3ac11c9b-2acc-466b-8c2d-b646f08fc0d2	GET	/application/courses/my	http://localhost:3000	::ffff:172.18.0.1
20260327	20:26:32	53824464-fa73-4c9f-9cd7-44a1aba5a532	GET	/auth/refresh	http://localhost:3000	::ffff:172.18.0.1
20260327	20:26:32	c53ee167-78ae-40cc-8eba-733d36753bc8	GET	/application/apply/courses	http://localhost:3000	::ffff:172.18.0.1
20260327	20:27:24	380694f2-33f4-48dd-b1b7-a9e6aae745d8	GET	/application/apply/courses	http://localhost:3000	::ffff:172.18.0.1
20260327	20:27:24	5c69edf3-3ea3-41c0-9f3b-5bff44ec3632	GET	/auth/refresh	http://localhost:3000	::ffff:172.18.0.1
20260327	20:27:24	1e00e35f-6088-4589-b28c-ea6de54c4e19	GET	/application/courses/my	http://localhost:3000	::ffff:172.18.0.1
20260327	20:27:26	1a6518c7-48f5-4373-a682-605074a4a32b	GET	/application/courses/my	http://localhost:3000	::ffff:172.18.0.1
20260327	20:27:26	0ca5d4dc-eddc-41d4-a5da-c40b0f3df2bc	GET	/auth/refresh	http://localhost:3000	::ffff:172.18.0.1
20260327	20:28:25	5dbdacdc-ee05-4a22-8d4f-a47a37c6eca1	GET	/application/courses/my	http://localhost:3000	::ffff:172.18.0.1
20260327	20:28:25	5db68a28-e62d-4c77-bc32-e84b283a0b86	GET	/application/apply/courses	http://localhost:3000	::ffff:172.18.0.1
20260327	20:28:26	40852bae-45c2-43d0-98be-591272881dd4	GET	/auth/refresh	http://localhost:3000	::ffff:172.18.0.1
20260327	20:28:27	36d283aa-c1ef-4cd8-9ebc-c49b83d8bc5d	GET	/auth/refresh	http://localhost:3000	::ffff:172.18.0.1
20260327	20:28:27	4c93a5df-e496-48c9-8591-0dd2fb5dbb7e	GET	/application/courses/my	http://localhost:3000	::ffff:172.18.0.1
20260327	20:29:29	0baa2274-a3a3-46dc-b34e-dd96f1d19892	GET	/application/courses/my	http://localhost:3000	::ffff:172.18.0.1
20260327	20:29:29	e27e62c4-457a-4482-8e2c-acc04949ecf2	GET	/auth/refresh	http://localhost:3000	::ffff:172.18.0.1
20260327	20:29:30	f9e41201-ffe8-4bdf-9043-e0fbe30af806	GET	/application/courses/my	http://localhost:3000	::ffff:172.18.0.1
20260327	20:29:31	c0cc3b74-b98a-4baf-a6f7-f6859b5ffb22	GET	/auth/refresh	http://localhost:3000	::ffff:172.18.0.1
20260327	20:35:13	112fed4c-cfee-4bf1-af8c-699f187b6d5f	GET	/application/apply/courses	http://localhost:3000	::ffff:172.18.0.1
20260327	20:35:13	f14f0b8a-69c7-4a81-aded-f1fe675d2778	GET	/application/courses/my	http://localhost:3000	::ffff:172.18.0.1
20260327	20:35:14	6e9c14c3-d5b0-495c-8dc3-509e7b1c6558	GET	/auth/refresh	http://localhost:3000	::ffff:172.18.0.1
20260327	20:37:49	cc68e7a3-1fe8-4ec2-9513-51cdf7b92bf7	GET	/auth/refresh	http://localhost:3000	::ffff:172.18.0.1
20260327	20:37:49	dbb268cd-55fb-4301-b9a2-5a062e159696	GET	/application/courses/my	http://localhost:3000	::ffff:172.18.0.1
20260327	20:37:50	427e83aa-0708-4d94-8617-d11684b3e70e	GET	/application/apply/courses	http://localhost:3000	::ffff:172.18.0.1
20260327	21:06:35	0df76a3b-a9cd-46f5-b3c9-948b538202cf	GET	/application/apply/courses	http://localhost:3000	::ffff:172.18.0.1
20260327	21:06:35	901c3052-d66f-4cf2-9953-a17a89bc1bbe	GET	/application/courses/my	http://localhost:3000	::ffff:172.18.0.1
20260327	21:06:36	6a088a8a-c1aa-4dc7-968a-3450439428ed	GET	/auth/refresh	http://localhost:3000	::ffff:172.18.0.1
20260327	21:06:37	4aef1854-2cf7-4b90-a31f-877f1d9558ed	GET	/application/courses/my	http://localhost:3000	::ffff:172.18.0.1
20260327	21:06:38	bb9b3073-3bc1-41e3-99a6-49d37e7dd279	GET	/auth/refresh	http://localhost:3000	::ffff:172.18.0.1
20260327	21:26:53	480f75de-b136-4574-8e8f-99d5f93d1981	OPTIONS	/application/courses/enrol	http://localhost:3000	::ffff:172.18.0.1
20260327	21:26:53	78006a3d-60f6-4137-9740-6ad7432fbc85	POST	/application/courses/enrol	http://localhost:3000	::ffff:172.18.0.1
20260327	21:26:54	5e08341e-68bf-4021-b335-1be9194f8f7a	GET	/auth/refresh	http://localhost:3000	::ffff:172.18.0.1
20260327	21:29:43	b3c1f16f-be46-4780-afde-20ef57977e31	GET	/application/courses/my	http://localhost:3000	::ffff:172.18.0.1
20260327	21:29:43	9f94990f-d32b-4398-8fdf-df0526ed7703	GET	/application/apply/courses	http://localhost:3000	::ffff:172.18.0.1
20260327	21:29:43	56824709-971f-4dbf-b23c-88d9a49df143	GET	/application/courses/categories	http://localhost:3000	::ffff:172.18.0.1
20260327	21:29:43	364df2c8-8c87-48ae-9392-2d181b6fc507	GET	/auth/refresh	http://localhost:3000	::ffff:172.18.0.1
20260327	21:29:44	6b20ee40-bbb8-42f1-ba00-c473b652b20e	GET	/application/courses/my	http://localhost:3000	::ffff:172.18.0.1
20260327	21:29:44	8acb94f1-a67e-4118-93d9-bd8bb2fbc0f8	GET	/auth/refresh	http://localhost:3000	::ffff:172.18.0.1
20260327	21:29:56	998a46ca-0fb0-4220-9a01-71755e80b98b	GET	/application/courses/my	http://localhost:3000	::ffff:172.18.0.1
20260327	21:29:56	33e326b8-3f14-4e4c-8ef9-5078a13e4c25	GET	/auth/refresh	http://localhost:3000	::ffff:172.18.0.1
20260327	21:29:57	8fefcd3f-d828-4d07-8708-d7477bde59b5	OPTIONS	/application/courses/enrol	http://localhost:3000	::ffff:172.18.0.1
20260327	21:29:57	8bdde320-860c-4522-bb08-c4161dec4b5a	POST	/application/courses/enrol	http://localhost:3000	::ffff:172.18.0.1
20260327	21:29:57	57ef6cae-6e0a-4593-ab85-cf99037c18fa	GET	/application/courses/my	http://localhost:3000	::ffff:172.18.0.1
20260327	21:29:57	a3c214cc-e77c-4d40-8ff3-e2a15c995a60	GET	/auth/refresh	http://localhost:3000	::ffff:172.18.0.1
20260328	22:37:31	1d0f88f6-7c74-4b7b-98ef-5d0016bac039	GET	/test	undefined	::ffff:172.18.0.1
20260328	22:43:21	f1431619-4ad0-4e13-a1ae-4e8e3467c9d2	GET	/test	undefined	::ffff:172.18.0.1
20260329	10:03:05	791d13b9-d4a7-43f2-8a02-72da61314fed	POST	/health	undefined	::ffff:172.18.0.1
20260329	10:03:12	1e820989-516a-44eb-bcce-35cdf6e53c46	GET	/health	undefined	::ffff:172.18.0.1
20260329	20:44:28	9c57fd21-d831-436f-9f3c-faf5527baee3	GET	/application/receipt/69c2bd9a2400c35a2dcf1a2b	undefined	::ffff:172.18.0.1
20260329	20:44:47	7e6fec55-1119-426a-b5cd-768d5f45e7a8	GET	/auth	undefined	::ffff:172.18.0.1
20260329	20:44:50	2e33323a-07e6-49fb-a53d-f28faa6118a6	POST	/auth	undefined	::ffff:172.18.0.1
20260329	20:45:16	cda5014c-ba91-4e2a-be61-f51ed8cd6150	GET	/application/receipt/69c2bd9a2400c35a2dcf1a2b	undefined	::ffff:172.18.0.1
20260329	20:46:23	8d67fb20-301d-4b8e-8393-67ce9e1cda5b	GET	/application/receipt/69c2bd9a2400c35a2dcf1a2b	undefined	::ffff:172.18.0.1
20260329	21:45:38	e9fa6dc8-1c0e-4c1f-8aaa-4673627390a0	GET	/test	undefined	::ffff:172.18.0.1
20260329	21:49:01	16c991ec-04e5-45b6-94d7-8af97a990299	GET	/test	undefined	::ffff:172.18.0.1
20260329	21:51:40	cf1072dd-d1da-4e52-9a29-4d9b6862677b	GET	/test	undefined	::ffff:172.18.0.1
20260329	21:53:04	0cd4178a-d618-426c-90d4-d3f206e20e5c	GET	/test	undefined	::ffff:172.18.0.1
20260329	22:03:17	10ef8e99-f9a7-4e61-ba11-1fec42c0c45f	GET	/test	undefined	::ffff:172.18.0.1
20260329	22:04:56	686316f7-87b7-46d5-977d-330c5aec212b	GET	/test	undefined	::ffff:172.18.0.1
20260329	22:56:58	8fd35469-bcd8-4e37-af56-29b82c85c701	POST	/auth	undefined	::ffff:172.18.0.1
20260329	22:57:11	d5456f8b-0acd-4d19-8d60-ca89060995c6	POST	/auth	undefined	::ffff:172.18.0.1
20260329	22:57:47	f485e8b6-7f44-404a-99a9-d3e4ffbec69c	POST	/application/	undefined	::ffff:172.18.0.1
20260329	22:59:02	d5922e07-e822-42fd-947c-73fd74e56240	POST	/application/	undefined	::ffff:172.18.0.1
20260329	23:48:25	c0e1cf55-2d61-4037-b8b3-2be72eaa19f1	POST	/application/enrol/69c2a3bbb6e9161547017089	undefined	::ffff:172.18.0.1
20260329	23:48:59	72779857-9b45-47c3-80b5-31ab0c461b65	POST	/auth	undefined	::ffff:172.18.0.1
20260329	23:49:30	195c29d0-5cd3-4363-b494-e675d4aeee7b	POST	/application/enrol/69c2a3bbb6e9161547017089	undefined	::ffff:172.18.0.1
20260329	23:50:30	19d56ba2-02a4-4efb-988c-baa86ea1a111	POST	/application/enrol/69c2a3bbb6e9161547017089	undefined	::ffff:172.18.0.1
20260329	23:51:20	2d71e402-27d9-48c2-a6ca-682ebfff8211	POST	/application/enrol/69c2a3bbb6e9161547017089	undefined	::ffff:172.18.0.1
20260329	23:51:27	1b6c9858-80d8-4fbe-b82b-e45324ce6c55	POST	/application/enrol/69c2a3bbb6e9161547017089	undefined	::ffff:172.18.0.1
20260329	23:51:36	17aba6a1-b36b-4074-80e5-69c532f8ce46	POST	/application/enrol/69c2a3bbb6e9161547017089	undefined	::ffff:172.18.0.1
20260329	23:51:50	aafa31d7-db28-4c0b-ba79-b731dfabfaf3	POST	/application/enrol/69c2a3bbb6e9161547017089	undefined	::ffff:172.18.0.1
20260329	23:54:52	3925f7db-f21e-4e48-af22-d3955841b502	POST	/application/enrol/69c2a3bbb6e9161547017089	undefined	::ffff:172.18.0.1
20260329	23:54:56	f40c6800-11f7-4cdc-a02b-f3713eb05029	POST	/application/enrol/69c2a3bbb6e9161547017089	undefined	::ffff:172.18.0.1
20260330	00:13:03	fdad8055-46d8-42af-847c-477894bff62b	GET	/test	undefined	::ffff:172.18.0.1
20260330	00:15:34	fa9c6d5c-9fd9-40ec-95d4-28d16ef06f28	GET	/test	undefined	::ffff:172.18.0.1
20260330	00:42:33	348fa3ef-8bca-4995-ac96-612726dc1103	GET	/consulation	undefined	::ffff:172.18.0.1
20260330	00:42:40	e888dfa0-29b6-4be2-82a2-bb0bfa3fbb52	POST	/consulation	undefined	::ffff:172.18.0.1
20260330	00:42:54	8e733893-aac5-4979-8604-e60dded27c6c	POST	/consultation	undefined	::ffff:172.18.0.1
20260330	07:46:42	be661834-fc9b-4168-bad4-87a1bceb67c5	POST	/test	undefined	::ffff:172.18.0.1
20260330	07:46:48	14dc4061-ed55-452b-9b3b-3aa2e377ddea	GET	/test	undefined	::ffff:172.18.0.1
20260330	07:47:43	66d40960-cef6-46bc-af19-fe59318fe8af	GET	/test	undefined	::ffff:172.18.0.1
20260330	07:49:19	60878682-fa04-40a6-9355-11fd30bb9271	GET	/test	undefined	::ffff:172.18.0.1
20260508	12:35:31	5c0f86eb-c507-424a-9ac2-314b01914205	GET	/test	undefined	::ffff:172.18.0.1
20260508	12:38:44	35df084d-93f5-4797-9f2b-0cdc9417d8e7	GET	/test	undefined	::ffff:172.18.0.1
20260508	12:43:26	481398b8-d8fe-4fb5-915a-bf828ddc9493	GET	/test	undefined	::ffff:172.18.0.1
20260508	12:45:02	6bfa9dfc-0d2d-42d2-99e4-c1f58c95f505	GET	/test	undefined	::ffff:172.18.0.1
20260508	12:45:07	56557180-7a68-4b10-99aa-4b33832cccc1	GET	/test	undefined	::ffff:172.18.0.1
20260508	12:48:09	b25d0c87-c089-4c24-a359-e743c15ed7ff	GET	/test	undefined	::ffff:172.18.0.1
20260508	12:51:12	0350d922-1071-4c1d-a506-48443429ada0	GET	/test	undefined	::ffff:172.18.0.1
20260508	13:00:52	8187123e-4958-4ab0-9c62-021813787057	GET	/test	undefined	::ffff:172.18.0.1
20260508	13:04:16	1f252480-f07c-4d7a-b36e-9073a426de04	GET	/test	undefined	::ffff:172.18.0.1
20260508	13:09:13	dfe96723-c6a9-486c-9390-d0efb4995357	GET	/test	undefined	::ffff:172.18.0.1
20260508	13:12:13	d2d4a149-d8b1-4f45-b0bc-fb290f19b8db	GET	/test	undefined	::ffff:172.18.0.1
20260508	13:14:26	d623aaee-cec4-413b-b536-5a974273aae0	GET	/test	undefined	::ffff:172.18.0.1
20260508	13:21:41	68061b45-ce37-4917-b5cd-d2a00702bfc3	GET	/test	undefined	::ffff:172.18.0.1
20260508	13:28:18	b6a69bea-b532-4f37-af8f-f6920b3020e7	GET	/test	undefined	::ffff:172.18.0.1
20260508	13:28:43	b576cde6-79f4-43f8-b732-ff1dd25371fb	GET	/test	undefined	::ffff:172.18.0.1
20260508	13:36:33	cd2fe986-fe83-4040-8006-22ad2ba2910a	GET	/test	undefined	::ffff:172.18.0.1
20260508	14:07:48	7439527b-9f18-450e-b2e0-b9228d115557	OPTIONS	/auth	http://localhost:3000	::ffff:172.18.0.1
20260508	14:07:48	f5601907-aa44-4d16-b441-1f21284d8e4f	POST	/auth	http://localhost:3000	::ffff:172.18.0.1
20260508	14:08:18	358a09ac-1305-481e-8d1d-453fcdd6b59c	OPTIONS	/application	http://localhost:3000	::ffff:172.18.0.1
20260508	14:08:19	7ed23da0-1d28-46d7-b302-8c3b95f2471c	GET	/application	http://localhost:3000	::ffff:172.18.0.1
20260508	14:08:19	02a62cc2-78e3-4d12-b9b1-af6ec637d0ff	OPTIONS	/auth/refresh	http://localhost:3000	::ffff:172.18.0.1
20260508	14:08:19	01407420-22c6-4e3f-8623-233e666e4ff9	OPTIONS	/profile	http://localhost:3000	::ffff:172.18.0.1
20260508	14:08:19	ed688091-f7cd-42c5-afdc-981df48fe894	GET	/auth/refresh	http://localhost:3000	::ffff:172.18.0.1
20260508	14:08:19	82f212ad-d09a-467e-bfd8-5f7716ab7637	GET	/profile	http://localhost:3000	::ffff:172.18.0.1
20260508	14:27:36	6d86d4d5-fef3-4152-8131-016521cef681	OPTIONS	/application	http://localhost:3000	::ffff:172.18.0.1
20260508	14:27:36	cbcc5f43-694c-406e-81e5-a400247fac3d	POST	/application	http://localhost:3000	::ffff:172.18.0.1
20260508	14:27:43	46fe9d51-c09f-4e27-9fb1-6358595d3f65	OPTIONS	/application	http://localhost:3000	::ffff:172.18.0.1
20260508	14:27:43	426f57a3-ff1c-414e-bed7-ac87228816ae	GET	/application	http://localhost:3000	::ffff:172.18.0.1
20260508	16:24:40	29213942-11b8-4ec2-9ea3-263c362c85fe	OPTIONS	/application/69fdf2d987ae9bbbdb3f2d80	http://localhost:3000	::ffff:172.18.0.1
20260508	16:24:40	c9110309-fdf4-4e90-93c9-9efe0906d958	GET	/application/69fdf2d987ae9bbbdb3f2d80	http://localhost:3000	::ffff:172.18.0.1
20260508	16:24:41	e171f5c1-34d9-4331-bda0-f2f3fac0e2b7	GET	/application/69fdf2d987ae9bbbdb3f2d80	http://localhost:3000	::ffff:172.18.0.1
20260508	16:25:53	09247003-cac9-4aa6-8433-b92d0ace5fcc	GET	/auth/refresh	http://localhost:3000	::ffff:172.18.0.1
20260508	16:25:53	b10ea75a-551d-485c-8fb0-6f23c25a703a	GET	/profile	http://localhost:3000	::ffff:172.18.0.1
20260508	16:25:53	9a204192-a1d6-4198-8dbc-5c039abc7c5c	GET	/application/69fdf2d987ae9bbbdb3f2d80	http://localhost:3000	::ffff:172.18.0.1
20260508	16:25:53	4388ad52-9788-4d9e-a2c3-f1f199e31841	GET	/auth/refresh	http://localhost:3000	::ffff:172.18.0.1
20260508	16:25:53	78d0997e-2e12-4a25-b81d-3957dfe01420	OPTIONS	/application/69fdf2d987ae9bbbdb3f2d80	http://localhost:3000	::ffff:172.18.0.1
20260508	16:25:53	e120582d-1b14-4b9d-abe0-257207a5dd56	OPTIONS	/profile	http://localhost:3000	::ffff:172.18.0.1
20260508	16:25:53	b798dc9e-829b-4963-a7f8-999eb3ff3212	GET	/application/69fdf2d987ae9bbbdb3f2d80	http://localhost:3000	::ffff:172.18.0.1
20260508	16:25:54	1c6d5271-bc35-4256-8210-5485c35a44cc	GET	/profile	http://localhost:3000	::ffff:172.18.0.1
20260508	16:26:25	8e4d9eda-242f-4247-bdad-90a0e18b110d	GET	/application/69fdf2d987ae9bbbdb3f2d80	http://localhost:3000	::ffff:172.18.0.1
20260508	16:26:25	c1d398a2-2f61-45b5-a090-4f3f35cbf472	GET	/auth/refresh	http://localhost:3000	::ffff:172.18.0.1
20260508	16:26:25	a34c29e3-73ba-469a-b284-ced92c72c025	GET	/profile	http://localhost:3000	::ffff:172.18.0.1
20260508	16:26:25	34f5e7e6-e057-42dc-9cda-b6e519d77c86	GET	/auth/refresh	http://localhost:3000	::ffff:172.18.0.1
20260508	16:26:26	edb6cf3e-625e-463d-be3a-cb51c0e45648	OPTIONS	/application/69fdf2d987ae9bbbdb3f2d80	http://localhost:3000	::ffff:172.18.0.1
20260508	16:26:26	d4238095-0138-47cc-9d0b-fc91d67819df	OPTIONS	/profile	http://localhost:3000	::ffff:172.18.0.1
20260508	16:26:26	66ec7ab1-027b-4101-ae51-ed013fca3507	GET	/application/69fdf2d987ae9bbbdb3f2d80	http://localhost:3000	::ffff:172.18.0.1
20260508	16:26:26	89440282-a2a3-4cbd-b413-1c9e51792189	GET	/profile	http://localhost:3000	::ffff:172.18.0.1
20260508	16:46:11	b00164f1-4e48-4c90-a025-573b20374767	GET	/test	undefined	::ffff:172.18.0.1
20260508	16:47:23	8c51f75d-0010-4421-95e1-51f2352c789b	GET	/test	undefined	::ffff:172.18.0.1
20260508	16:50:14	af852a3c-889c-4e2f-b49d-8d557fccc13c	GET	/test	undefined	::ffff:172.18.0.1
20260508	16:52:59	c4569f94-b9f4-4a5f-b405-b143464b2588	GET	/test	undefined	::ffff:172.18.0.1
20260508	17:00:43	82c647a5-6fb2-4691-a779-6e772e36b79f	GET	/application/69fdf2d987ae9bbbdb3f2d80	http://localhost:3000	::ffff:172.18.0.1
20260508	17:00:43	0172e0e6-5fe6-49f1-8c62-9871879a3923	GET	/profile	http://localhost:3000	::ffff:172.18.0.1
20260508	17:00:43	1368004f-6df0-45f6-827a-190c2b14adef	GET	/auth/refresh	http://localhost:3000	::ffff:172.18.0.1
20260508	17:00:43	24125ecf-1286-467a-9a11-e88de9aeb39f	GET	/auth/refresh	http://localhost:3000	::ffff:172.18.0.1
20260508	17:00:43	f2573cf9-c02c-4e08-9ea9-261b2c0a6623	OPTIONS	/application/69fdf2d987ae9bbbdb3f2d80	http://localhost:3000	::ffff:172.18.0.1
20260508	17:00:43	545f72c2-7830-4a63-a993-30de66d87eb5	OPTIONS	/profile	http://localhost:3000	::ffff:172.18.0.1
20260508	17:00:43	ebff6f20-5616-44fd-b910-25477ac31d5f	GET	/application/69fdf2d987ae9bbbdb3f2d80	http://localhost:3000	::ffff:172.18.0.1
20260508	17:00:43	80a406c7-fcaf-44ef-9a74-4164b97bfb8e	GET	/profile	http://localhost:3000	::ffff:172.18.0.1
20260508	17:36:07	6b894b82-4de3-4d40-84dc-1c36451cde0f	OPTIONS	/auth	http://localhost:3000	::ffff:172.18.0.1
20260508	17:36:07	70facb49-e412-426c-b986-28d01b5815d8	POST	/auth	http://localhost:3000	::ffff:172.18.0.1
20260508	17:36:10	e1f6bbd1-8259-492e-85f9-25586f512e5f	OPTIONS	/application	http://localhost:3000	::ffff:172.18.0.1
20260508	17:36:11	5a771994-f7b5-48a5-83bd-ae2783fd0116	OPTIONS	/auth/refresh	http://localhost:3000	::ffff:172.18.0.1
20260508	17:36:11	d2846af9-56f2-4c8e-861f-ddc5d1fcbfc1	GET	/application	http://localhost:3000	::ffff:172.18.0.1
20260508	17:36:11	67ddeb06-be01-4ae1-8569-48007294d2fc	OPTIONS	/profile	http://localhost:3000	::ffff:172.18.0.1
20260508	17:36:11	56deca17-ab71-4808-bb7c-43c507d1df59	GET	/auth/refresh	http://localhost:3000	::ffff:172.18.0.1
20260508	17:36:11	b5ff3d34-6d29-4cda-b33d-4463749756fa	GET	/profile	http://localhost:3000	::ffff:172.18.0.1
20260508	17:38:45	c2864618-591e-4876-9a17-3cc83869d3da	OPTIONS	/application	http://localhost:3000	::ffff:172.18.0.1
20260508	17:38:45	6b1e7835-54d5-4163-8ea8-2aaaf1e31a5e	POST	/application	http://localhost:3000	::ffff:172.18.0.1
20260508	17:38:56	5f2c6bd2-3545-4832-bb72-abdefb14434b	OPTIONS	/application	http://localhost:3000	::ffff:172.18.0.1
20260508	17:38:56	981d09c0-65e0-44f5-8feb-001511ae8649	GET	/application	http://localhost:3000	::ffff:172.18.0.1
20260508	17:42:21	73dc5fa3-ee3a-4e97-92e9-e4fb0bcbeb0b	GET	/application/69fe1fa6a1785a7c281bb4bb	http://localhost:3000	::ffff:172.18.0.1
20260508	17:42:21	60a71457-cd01-42d8-abbc-fda08ea4526f	GET	/auth/refresh	http://localhost:3000	::ffff:172.18.0.1
20260508	17:42:21	6ee364da-4be7-482b-a25b-492788775a5d	GET	/profile	http://localhost:3000	::ffff:172.18.0.1
20260508	17:42:21	4fa982b2-9c93-41e8-b3f2-756ecc2c7c6c	GET	/auth/refresh	http://localhost:3000	::ffff:172.18.0.1
20260508	17:42:22	2cfe106d-06df-426f-a2ad-53cadfd6ef10	OPTIONS	/profile	http://localhost:3000	::ffff:172.18.0.1
20260508	17:42:22	d3e5f0f4-c841-42f9-b6e7-a2f2efd76a72	OPTIONS	/application/69fe1fa6a1785a7c281bb4bb	http://localhost:3000	::ffff:172.18.0.1
20260508	17:42:22	dc6e63b7-85e0-4fa2-a1df-084239b6064d	GET	/application/69fe1fa6a1785a7c281bb4bb	http://localhost:3000	::ffff:172.18.0.1
20260508	17:42:22	d56d293f-2fa8-4bdd-9091-882c1d961ce3	GET	/profile	http://localhost:3000	::ffff:172.18.0.1
20260508	17:49:31	2c61b269-1500-4ca2-bd39-a6d052042366	OPTIONS	/application	http://localhost:3000	::ffff:172.18.0.1
20260508	17:49:31	5610fdfe-28f4-42ce-88a4-ee7d6b51b83c	GET	/application	http://localhost:3000	::ffff:172.18.0.1
20260508	17:51:36	e86139fc-bb4d-411c-b54f-f58c6ebdbfe2	OPTIONS	/application	http://localhost:3000	::ffff:172.18.0.1
20260508	17:51:36	580c9d1c-f7bf-476a-868d-0ba7f8eae8af	POST	/application	http://localhost:3000	::ffff:172.18.0.1
20260508	17:51:48	ad1059eb-cea8-4902-ac9c-a2dfbfdea498	OPTIONS	/application	http://localhost:3000	::ffff:172.18.0.1
20260508	17:51:48	feb8bb27-a5dc-4266-a131-3e1e2a3fec28	GET	/application	http://localhost:3000	::ffff:172.18.0.1
20260508	17:52:59	773ffe04-afd5-4851-9093-06cb79262a6c	OPTIONS	/application/69fe22a9b516b5c723cbd9f0	http://localhost:3000	::ffff:172.18.0.1
20260508	17:53:00	76d3a7bf-7dcf-45a0-bb0a-2be69fd9cbd3	GET	/application/69fe22a9b516b5c723cbd9f0	http://localhost:3000	::ffff:172.18.0.1
20260508	17:58:45	1c946cfa-426a-406f-8f19-95a6182f99a6	GET	/test	undefined	::ffff:172.18.0.1
20260508	18:17:44	54eb0364-b612-436f-9f17-4452c172772c	GET	/document?public_id=student-documents/1778262698534.docx&resource_type=raw	undefined	::ffff:172.18.0.1
20260508	18:18:02	ea6491c4-9c42-4663-b8c3-fe247c3b8a25	GET	/application/document?public_id=student-documents/1778262698534.docx&resource_type=raw	undefined	::ffff:172.18.0.1
20260508	18:19:42	168f2c72-f3ac-468e-b5da-7aba95323b19	GET	/application/document?public_id=student-documents/1778262698534.docx&resource_type=raw	undefined	::ffff:172.18.0.1
20260508	18:24:53	b4b8702a-dd9c-432b-b157-b245ff3cfc9f	GET	/application/document?public_id=student-documents/1778262698534.docx&resource_type=raw	undefined	::ffff:172.18.0.1
20260508	18:35:28	beb9c990-2ef5-424d-ad53-63e251aa0b3b	GET	/application/69fe22a9b516b5c723cbd9f0	http://localhost:3000	::ffff:172.18.0.1
20260508	18:35:44	03967d85-0b6e-4408-8867-4dd68ba453c0	GET	/auth/refresh	http://localhost:3000	::ffff:172.18.0.1
20260508	18:35:44	eda15e83-304e-4b00-8177-2d90f8629a51	GET	/profile	http://localhost:3000	::ffff:172.18.0.1
20260508	18:35:56	9c4d4462-f11f-478b-ba45-46abe9a53c27	GET	/auth/refresh	http://localhost:3000	::ffff:172.18.0.1
20260508	18:36:01	b690c0d8-2cfb-4bc8-996f-5e90a7290a8d	GET	/application/69fe22a9b516b5c723cbd9f0	http://localhost:3000	::ffff:172.18.0.1
20260508	18:36:00	5bc1ae04-0fab-44f6-8a22-6bbc02961c76	OPTIONS	/application/69fe22a9b516b5c723cbd9f0	http://localhost:3000	::ffff:172.18.0.1
20260508	18:36:04	1bffc423-28ed-47af-84e8-187fbf1b2cfd	OPTIONS	/profile	http://localhost:3000	::ffff:172.18.0.1
20260508	18:36:04	3e86645f-9616-4f45-8aa3-d3431f02ab3c	GET	/profile	http://localhost:3000	::ffff:172.18.0.1
20260508	18:44:21	929c8a5e-8802-42c1-9134-dc246dafeddc	GET	/application/69fe22a9b516b5c723cbd9f0	http://localhost:3000	::ffff:172.18.0.1
20260508	18:44:21	42378ce7-f21a-4707-bac2-72a606e150a9	GET	/auth/refresh	http://localhost:3000	::ffff:172.18.0.1
20260508	18:44:21	4a619510-9f05-4a1e-b0b3-0086042f789d	GET	/profile	http://localhost:3000	::ffff:172.18.0.1
20260508	18:44:21	4e272a42-03f3-47dd-922a-333538fe1138	GET	/auth/refresh	http://localhost:3000	::ffff:172.18.0.1
20260508	18:44:21	b0d872c4-fa9e-4dd7-8f9b-ad9f55d4a5e3	OPTIONS	/profile	http://localhost:3000	::ffff:172.18.0.1
20260508	18:44:21	e9e07033-3584-4b11-8109-e558d317ca2f	OPTIONS	/application/69fe22a9b516b5c723cbd9f0	http://localhost:3000	::ffff:172.18.0.1
20260508	18:44:21	1bef119c-3bb3-41ae-aacb-4464ea9552e8	GET	/profile	http://localhost:3000	::ffff:172.18.0.1
20260508	18:44:21	74bc4a39-d44e-4511-8dea-66ab72772eb1	GET	/application/69fe22a9b516b5c723cbd9f0	http://localhost:3000	::ffff:172.18.0.1
20260508	18:46:53	da49b25c-71f4-409e-8aeb-ecdd70d8fbcf	OPTIONS	/application/document?public_id=student-documents/1778262698534.docx&resource_type=raw	http://localhost:3000	::ffff:172.18.0.1
20260508	18:46:53	e8d20ebb-2d8e-467b-8982-4763ff14d667	GET	/application/document?public_id=student-documents/1778262698534.docx&resource_type=raw	http://localhost:3000	::ffff:172.18.0.1
20260508	18:46:58	3d486332-b1a0-4ae0-8a2f-3b7ad89f07e6	GET	/application/document?public_id=student-documents/1778262698516.pdf&resource_type=image	http://localhost:3000	::ffff:172.18.0.1
20260508	18:46:58	0ea270ae-d1c9-4306-ad77-fcbd028ebd09	OPTIONS	/application/document?public_id=student-documents/1778262698516.pdf&resource_type=image	http://localhost:3000	::ffff:172.18.0.1
20260508	18:47:37	4a6057be-7152-4f15-8666-fc56ea293b57	OPTIONS	/application/document?public_id=student-documents/1778262698516.pdf&resource_type=image	http://localhost:3000	::ffff:172.18.0.1
20260508	18:47:37	46343beb-8933-431f-bdce-133a4754459c	GET	/application/document?public_id=student-documents/1778262698516.pdf&resource_type=image	http://localhost:3000	::ffff:172.18.0.1
20260508	18:47:49	e72aa88c-b2b5-4f36-a633-72542d4e9dc0	OPTIONS	/application/document?public_id=student-documents/1778262698516.pdf&resource_type=image	http://localhost:3000	::ffff:172.18.0.1
20260508	18:47:50	1e69d567-1388-4e5e-a382-df70745a3a1a	GET	/application/document?public_id=student-documents/1778262698516.pdf&resource_type=image	http://localhost:3000	::ffff:172.18.0.1
20260508	18:50:46	f1982428-0e5f-4311-9bc7-9b184f5772fa	OPTIONS	/application/document?public_id=student-documents/1778262698534.docx&resource_type=raw	http://localhost:3000	::ffff:172.18.0.1
20260508	18:50:46	e1ad5955-24d9-4379-a0cc-8b74e5502cc6	GET	/application/document?public_id=student-documents/1778262698534.docx&resource_type=raw	http://localhost:3000	::ffff:172.18.0.1
20260508	18:51:07	f1ec2724-02a7-41d8-bc30-975cedc340e3	GET	/application/document?public_id=student-documents/1778262698516.pdf&resource_type=image	http://localhost:3000	::ffff:172.18.0.1
20260508	18:51:07	c409b386-b991-4d0f-a27f-10d0572a62ba	OPTIONS	/application/document?public_id=student-documents/1778262698516.pdf&resource_type=image	http://localhost:3000	::ffff:172.18.0.1
20260508	18:52:59	27664e66-5e0e-4e74-88c8-b02336b6f51a	OPTIONS	/application/document?public_id=student-documents/1778262698508.pdf&resource_type=image	http://localhost:3000	::ffff:172.18.0.1
20260508	18:52:59	7934c36e-a697-45a5-a183-c2b1fbd05a60	GET	/application/document?public_id=student-documents/1778262698508.pdf&resource_type=image	http://localhost:3000	::ffff:172.18.0.1
20260508	18:54:00	a8fd1543-92e1-4dba-a0f7-e1c2fc8a18d2	OPTIONS	/application/document?public_id=student-documents/1778262698508.pdf&resource_type=image	http://localhost:3000	::ffff:172.18.0.1
20260508	18:54:00	cad2a380-2898-499d-b08d-d2f66c1b5cfc	GET	/application/document?public_id=student-documents/1778262698508.pdf&resource_type=image	http://localhost:3000	::ffff:172.18.0.1
20260508	18:59:51	1d1268e8-d7a6-48db-85e1-01e6689137f3	GET	/auth/refresh	http://localhost:3000	::ffff:172.18.0.1
20260508	18:59:51	3565015e-a38b-4122-b2dd-f6400bbd7b65	GET	/profile	http://localhost:3000	::ffff:172.18.0.1
20260508	18:59:52	cc91212c-5a7b-4154-9f8d-f2b4d1838c81	GET	/auth/refresh	http://localhost:3000	::ffff:172.18.0.1
20260508	18:59:52	c07ba280-0053-4e27-85a4-1ae69144163c	OPTIONS	/auth/refresh	http://localhost:3000	::ffff:172.18.0.1
20260508	18:59:52	9f34390e-7a6e-4743-940e-118cb049bb0a	OPTIONS	/profile	http://localhost:3000	::ffff:172.18.0.1
20260508	18:59:52	02ed81c0-b98f-4514-9772-3e8b46bf279f	GET	/profile	http://localhost:3000	::ffff:172.18.0.1
20260508	19:05:19	adfbb375-39c4-41ce-bf59-efaa7045632a	POST	/application	http://localhost:3000	::ffff:172.18.0.1
20260508	19:05:19	9fdb97e5-ac43-44aa-8922-32dd17ddc0ec	OPTIONS	/application	http://localhost:3000	::ffff:172.18.0.1
20260508	19:05:59	7a461dd8-8a76-4399-a4a9-6df35472c218	OPTIONS	/application	http://localhost:3000	::ffff:172.18.0.1
20260508	19:05:59	b33de885-3003-4e53-aeba-4d63441dd923	GET	/application	http://localhost:3000	::ffff:172.18.0.1
20260508	19:06:09	e62686df-ec76-4722-acb0-093a4a6c6550	OPTIONS	/application/69fe33f1c0d73d2daef0186a	http://localhost:3000	::ffff:172.18.0.1
20260508	19:06:10	5f22ec94-ac27-4598-9892-2bbebbb64afd	GET	/application/69fe33f1c0d73d2daef0186a	http://localhost:3000	::ffff:172.18.0.1
20260508	19:07:00	30df419d-77b0-4e6a-93e3-3e2ca40568ec	OPTIONS	/application/document?public_id=student-documents/1778267122098.docx&resource_type=raw	http://localhost:3000	::ffff:172.18.0.1
20260508	19:07:00	543f6509-7af4-4af5-8d25-5e0259861c31	GET	/application/document?public_id=student-documents/1778267122098.docx&resource_type=raw	http://localhost:3000	::ffff:172.18.0.1
20260508	19:07:06	1cec1587-6172-4eb8-8bd7-85a665b1a7d5	OPTIONS	/application/document?public_id=student-documents/1778267122062.pdf&resource_type=image	http://localhost:3000	::ffff:172.18.0.1
20260508	19:07:06	d4579410-0c90-4586-9040-8d5c04bb71ae	GET	/application/document?public_id=student-documents/1778267122062.pdf&resource_type=image	http://localhost:3000	::ffff:172.18.0.1
20260508	19:09:48	53648af8-ad22-4432-8493-05b9dcfab613	GET	/profile	http://localhost:3000	::ffff:172.18.0.1
20260508	19:09:48	550ad308-108f-4f44-8158-58b273696b37	GET	/auth/refresh	http://localhost:3000	::ffff:172.18.0.1
20260508	19:09:48	a88629a5-69a6-4a0c-b149-ec21a5f31a04	GET	/application/69fe33f1c0d73d2daef0186a	http://localhost:3000	::ffff:172.18.0.1
20260508	19:09:49	801cbecf-509c-4c46-9dd1-2743dc972a25	GET	/auth/refresh	http://localhost:3000	::ffff:172.18.0.1
20260508	19:09:49	6ceaf2f4-d948-40a6-8bc6-5c276fb95000	GET	/application/69fe33f1c0d73d2daef0186a	http://localhost:3000	::ffff:172.18.0.1
20260508	19:09:49	5b06e55a-6663-41b1-bb5a-d7a344173664	OPTIONS	/application/69fe33f1c0d73d2daef0186a	http://localhost:3000	::ffff:172.18.0.1
20260508	19:09:49	aff0c750-38c0-4c41-9b28-b46dcc6d21d0	OPTIONS	/profile	http://localhost:3000	::ffff:172.18.0.1
20260508	19:09:49	1f67814c-ffd4-446c-93d9-1054c3552c86	GET	/profile	http://localhost:3000	::ffff:172.18.0.1
20260508	20:56:43	87b7c24b-938a-4a7b-b26d-0b330c7158b6	OPTIONS	/application/69fe33f1c0d73d2daef0186a	http://localhost:3000	::ffff:172.18.0.1
20260508	20:56:44	55352852-f6f6-4d3d-9186-77a13553a33b	PATCH	/application/69fe33f1c0d73d2daef0186a	http://localhost:3000	::ffff:172.18.0.1
20260508	20:57:15	5dcae7d3-7267-47e0-b763-a9ea441a461b	GET	/auth/refresh	http://localhost:3000	::ffff:172.18.0.1
20260508	20:57:15	321e20a2-de59-4493-9bc2-afd68b2845e3	GET	/profile	http://localhost:3000	::ffff:172.18.0.1
20260508	20:57:15	9d497387-0067-4f46-9fcd-76db7dab0c2c	GET	/application/69fe33f1c0d73d2daef0186a	http://localhost:3000	::ffff:172.18.0.1
20260508	20:57:15	ec83b849-56c5-4e8a-a44e-be314e8946c4	GET	/auth/refresh	http://localhost:3000	::ffff:172.18.0.1
20260508	20:57:15	c6ccc34d-3bdb-4d98-a793-d2fd824d052e	OPTIONS	/profile	http://localhost:3000	::ffff:172.18.0.1
20260508	20:57:15	a8c048d2-0411-4133-8579-977c83bce90f	GET	/profile	http://localhost:3000	::ffff:172.18.0.1
20260508	20:57:15	8bd2bbdb-da9a-4e81-8d22-cce1e88e6ea5	OPTIONS	/application/69fe33f1c0d73d2daef0186a	http://localhost:3000	::ffff:172.18.0.1
20260508	20:57:15	862951f0-e1bd-4d09-ac46-88856fd96551	GET	/application/69fe33f1c0d73d2daef0186a	http://localhost:3000	::ffff:172.18.0.1
20260508	20:57:43	94ff7733-ac2d-4df6-971c-0e1b64e9bd79	PATCH	/application/69fe33f1c0d73d2daef0186a	http://localhost:3000	::ffff:172.18.0.1
20260508	20:57:43	7ad4fc8b-4e5d-45fa-a1ae-bc38810254a4	OPTIONS	/application/69fe33f1c0d73d2daef0186a	http://localhost:3000	::ffff:172.18.0.1
20260508	20:59:21	bbe46dbc-bcb6-476c-a109-1b04c6009089	OPTIONS	/application/69fe33f1c0d73d2daef0186a	http://localhost:3000	::ffff:172.18.0.1
20260508	20:59:21	1d202c3f-6a1f-4259-a1ca-fbb79faaaaba	PATCH	/application/69fe33f1c0d73d2daef0186a	http://localhost:3000	::ffff:172.18.0.1
20260508	20:59:34	2bdcf180-21a5-4fd5-b6ce-dd01a49725c4	OPTIONS	/application	http://localhost:3000	::ffff:172.18.0.1
20260508	20:59:35	01faf5a2-815f-42fc-9b25-776b15bfb24c	GET	/application	http://localhost:3000	::ffff:172.18.0.1
20260508	21:00:44	1c4156ec-3221-4213-a29e-418588dcccd4	OPTIONS	/application/document?public_id=student-documents/1778267122062.pdf&resource_type=image	http://localhost:3000	::ffff:172.18.0.1
20260508	21:00:44	3f04142b-d002-4975-a3cc-e04721faf7fb	GET	/application/document?public_id=student-documents/1778267122062.pdf&resource_type=image	http://localhost:3000	::ffff:172.18.0.1
20260508	21:02:15	1b0f8faa-961c-403c-8e04-d4d959852ee7	GET	/application/69fe33f1c0d73d2daef0186a	http://localhost:3000	::ffff:172.18.0.1
20260508	21:02:15	ae706e02-5fb7-43c5-a92f-5879115ae135	GET	/auth/refresh	http://localhost:3000	::ffff:172.18.0.1
20260508	21:02:15	6e53c955-eb9e-44d1-91d9-64f5fcd8d4d6	GET	/profile	http://localhost:3000	::ffff:172.18.0.1
20260508	21:02:16	1b7368cd-2a88-4f1e-b384-07a41c506db5	GET	/auth/refresh	http://localhost:3000	::ffff:172.18.0.1
20260508	21:02:17	d85a0ee8-2ba6-4815-8325-24a5ecb4b245	OPTIONS	/application/69fe33f1c0d73d2daef0186a	http://localhost:3000	::ffff:172.18.0.1
20260508	21:02:17	2ebc2aa2-fee8-4d48-8692-1835053a2ea7	GET	/application/69fe33f1c0d73d2daef0186a	http://localhost:3000	::ffff:172.18.0.1
20260508	21:02:17	1e45a9e9-b09f-4a9f-95f5-d5905c5f6639	OPTIONS	/profile	http://localhost:3000	::ffff:172.18.0.1
20260508	21:02:17	498327c0-003f-4591-a440-ca83218d272b	GET	/profile	http://localhost:3000	::ffff:172.18.0.1
20260508	22:29:54	f3c58537-7489-43e8-8216-3ad65fa547cf	GET	/application/69fe33f1c0d73d2daef0186a	http://localhost:3000	::ffff:172.18.0.1
20260508	22:29:55	3cf76c36-d713-4e95-a8ab-a85fdc451ee4	GET	/auth/refresh	http://localhost:3000	::ffff:172.18.0.1
20260508	22:29:55	eeb49f0f-8cff-44e8-adff-4896e01d5090	GET	/profile	http://localhost:3000	::ffff:172.18.0.1
20260508	22:29:58	0e964207-96bb-4d74-b7a3-f7b762d1f8a8	GET	/auth/refresh	http://localhost:3000	::ffff:172.18.0.1
20260508	22:30:06	20dabc16-3912-4134-a860-fede3881d008	OPTIONS	/application/69fe33f1c0d73d2daef0186a	http://localhost:3000	::ffff:172.18.0.1
20260508	22:30:06	6f86d1a6-e7b7-4bd0-bc88-b85eeb8644a4	GET	/application/69fe33f1c0d73d2daef0186a	http://localhost:3000	::ffff:172.18.0.1
20260508	22:30:07	7249f9d7-a303-4505-89ba-ad4ffdeeff14	OPTIONS	/profile	http://localhost:3000	::ffff:172.18.0.1
20260508	22:30:07	85e78c54-da63-4938-9464-b96594b042d2	GET	/profile	http://localhost:3000	::ffff:172.18.0.1
20260508	22:30:39	df2a31fd-6ff0-497c-9fdd-e671b34efc7d	OPTIONS	/application/69fe33f1c0d73d2daef0186a	http://localhost:3000	::ffff:172.18.0.1
20260508	22:30:39	d65abe9c-4b35-4f22-9b8b-c7e55bf988c2	PATCH	/application/69fe33f1c0d73d2daef0186a	http://localhost:3000	::ffff:172.18.0.1
20260508	22:30:59	002456f8-d3dd-4364-bf09-37357466c836	OPTIONS	/application	http://localhost:3000	::ffff:172.18.0.1
20260508	22:30:59	56d6aaf5-157b-4afd-982b-809d9da47954	GET	/application	http://localhost:3000	::ffff:172.18.0.1
20260508	22:33:41	3fde8fa5-f699-4055-ab4a-73228c47d018	OPTIONS	/application	http://localhost:3000	::ffff:172.18.0.1
20260508	22:33:41	70ec0dc7-f0fb-4474-aab6-e771bea36555	POST	/application	http://localhost:3000	::ffff:172.18.0.1
20260508	22:34:05	277dbd84-9d2d-4e19-9244-45e773212e2b	OPTIONS	/application	http://localhost:3000	::ffff:172.18.0.1
20260508	22:34:05	a294c891-bd0a-4a86-a8cd-9eb0f90e6309	GET	/application	http://localhost:3000	::ffff:172.18.0.1
20260508	22:35:56	79698be7-3654-4795-8900-8f69432c47b8	OPTIONS	/application/69fe64c6a481018f96603433	http://localhost:3000	::ffff:172.18.0.1
20260508	22:35:57	d5f3aac9-6fda-4237-807a-389d6c647505	GET	/application/69fe64c6a481018f96603433	http://localhost:3000	::ffff:172.18.0.1
20260508	22:36:17	c803f8e9-be10-4b3c-9485-b75da798ee50	OPTIONS	/application/69fe64c6a481018f96603433	http://localhost:3000	::ffff:172.18.0.1
20260508	22:36:17	bf41db1e-821d-436a-ac9c-c6c01ad12914	PATCH	/application/69fe64c6a481018f96603433	http://localhost:3000	::ffff:172.18.0.1
20260508	22:37:43	5d0e5bc9-0241-4673-8a10-3081d6c4ab01	OPTIONS	/application/69fe33f1c0d73d2daef0186a	http://localhost:3000	::ffff:172.18.0.1
20260508	22:37:43	b50c3d9c-790f-4132-8939-485240de1598	GET	/application/69fe33f1c0d73d2daef0186a	http://localhost:3000	::ffff:172.18.0.1
20260508	22:37:59	8569993a-98ba-4123-bb4a-c9a88843ac72	PATCH	/application/69fe33f1c0d73d2daef0186a	http://localhost:3000	::ffff:172.18.0.1
20260508	22:37:59	612907ff-6e08-4f0d-b2fa-b6d720db17df	OPTIONS	/application/69fe33f1c0d73d2daef0186a	http://localhost:3000	::ffff:172.18.0.1
20260508	22:44:25	97435186-c986-47a7-84e5-85bf2ca61e86	OPTIONS	/application/69fe33f1c0d73d2daef0186a	http://localhost:3000	::ffff:172.18.0.1
20260508	22:44:26	67c6049e-20d0-47e1-9fa2-c1c2b702a8f8	GET	/application/69fe33f1c0d73d2daef0186a	http://localhost:3000	::ffff:172.18.0.1
20260508	22:45:45	28ee2979-759b-4b50-ba7d-d85ca3e5f3af	OPTIONS	/application/69fe33f1c0d73d2daef0186a	http://localhost:3000	::ffff:172.18.0.1
20260508	22:45:45	b55d2e94-be09-4f62-bde7-c5fdb3249dc7	PATCH	/application/69fe33f1c0d73d2daef0186a	http://localhost:3000	::ffff:172.18.0.1
20260508	22:46:01	47bfc459-969b-4dbc-a1a2-d9b8462b981b	OPTIONS	/application	http://localhost:3000	::ffff:172.18.0.1
20260508	22:46:01	8e5e1e3e-e7db-46fb-b4e7-44b00380e8e6	GET	/application	http://localhost:3000	::ffff:172.18.0.1
20260508	22:46:39	564d38fa-b8ac-4e05-8b71-108053a3e629	GET	/application/69fe33f1c0d73d2daef0186a	http://localhost:3000	::ffff:172.18.0.1
20260508	22:46:39	232e1cec-1006-4b75-993e-37a21ecdaef2	GET	/auth/refresh	http://localhost:3000	::ffff:172.18.0.1
20260508	22:46:39	57477aec-5369-49d1-a294-761632970571	GET	/profile	http://localhost:3000	::ffff:172.18.0.1
20260508	22:46:39	56c1bb2b-4094-4bc6-8213-5c52f6b2bb0a	GET	/auth/refresh	http://localhost:3000	::ffff:172.18.0.1
20260508	22:46:39	172922a9-f72b-4fcf-bfd1-a8708d6fe668	OPTIONS	/application/69fe33f1c0d73d2daef0186a	http://localhost:3000	::ffff:172.18.0.1
20260508	22:46:39	946a3a46-5aab-41a0-8d1a-b3db8f164ccb	GET	/application/69fe33f1c0d73d2daef0186a	http://localhost:3000	::ffff:172.18.0.1
20260508	22:46:39	60f663e2-abea-4cde-80ba-6320284c5bcc	OPTIONS	/profile	http://localhost:3000	::ffff:172.18.0.1
20260508	22:46:39	b33cc9d5-0ff3-4444-ba56-cdd4e8f6f21a	GET	/profile	http://localhost:3000	::ffff:172.18.0.1
20260508	22:49:44	a60ee954-446b-49f7-816a-2dbf24ddf382	OPTIONS	/application/69fe33f1c0d73d2daef0186a	http://localhost:3000	::ffff:172.18.0.1
20260508	22:49:44	562130a8-0522-489c-a8a2-af1e19e63854	PATCH	/application/69fe33f1c0d73d2daef0186a	http://localhost:3000	::ffff:172.18.0.1
20260508	22:50:02	6d0512b6-0f6a-4a3e-af23-be58a5331d07	GET	/application	http://localhost:3000	::ffff:172.18.0.1
20260508	22:50:01	362283d4-1a5d-47ec-a8aa-62f753206527	OPTIONS	/application	http://localhost:3000	::ffff:172.18.0.1
20260508	23:14:10	d6653fa8-961d-4460-8f4a-2f7b7311ef88	OPTIONS	/application/69fe33f1c0d73d2daef0186a	http://localhost:3000	::ffff:172.18.0.1
20260508	23:14:10	54b8c4db-6a6e-43f2-a136-e930329d94da	GET	/application/69fe33f1c0d73d2daef0186a	http://localhost:3000	::ffff:172.18.0.1
20260508	23:21:41	d5d7f03c-6785-4102-abfb-dbbd6e61cdc0	GET	/auth/refresh	http://localhost:3000	::ffff:172.18.0.1
20260508	23:21:41	a5f00501-f0c9-4610-a0b7-62bfa8817d2b	GET	/application/69fe33f1c0d73d2daef0186a	http://localhost:3000	::ffff:172.18.0.1
20260508	23:21:41	d1164125-9f76-4133-b9ef-e1eaa1ab6ba1	GET	/profile	http://localhost:3000	::ffff:172.18.0.1
20260508	23:21:41	a67cca57-6c74-4983-a482-e845f9c1eded	GET	/auth/refresh	http://localhost:3000	::ffff:172.18.0.1
20260508	23:21:42	b9f5e255-7b80-45cc-b841-3b80a317ca3b	OPTIONS	/application/69fe33f1c0d73d2daef0186a	http://localhost:3000	::ffff:172.18.0.1
20260508	23:21:42	5d4ffbe2-ebb3-41d8-9293-6371ba25077c	OPTIONS	/profile	http://localhost:3000	::ffff:172.18.0.1
20260508	23:21:42	021977bb-a12b-4744-a09d-a2951b821ed8	GET	/application/69fe33f1c0d73d2daef0186a	http://localhost:3000	::ffff:172.18.0.1
20260508	23:21:42	e8870299-d49a-4654-adb6-d04516b9762f	GET	/profile	http://localhost:3000	::ffff:172.18.0.1
20260509	00:41:12	93f7ac93-4e8e-4037-b898-54b79f5294f5	GET	/application/69fe33f1c0d73d2daef0186a	http://localhost:3000	::ffff:172.18.0.1
20260509	00:41:12	51eb28ca-eff2-4844-8bb7-a9c3c1465f99	GET	/auth/refresh	http://localhost:3000	::ffff:172.18.0.1
20260509	00:41:12	8d4e9e3f-5b13-4d4a-bce4-941bef65186e	GET	/profile	http://localhost:3000	::ffff:172.18.0.1
20260509	00:41:13	9926327a-773a-4a23-915e-a6bfab2815da	GET	/auth/refresh	http://localhost:3000	::ffff:172.18.0.1
20260509	00:41:14	5efc0d13-45d6-4925-8761-117c643bc8a7	OPTIONS	/application/69fe33f1c0d73d2daef0186a	http://localhost:3000	::ffff:172.18.0.1
20260509	00:41:14	f56b6777-0ae9-4de0-aefb-db7f16c72b06	OPTIONS	/profile	http://localhost:3000	::ffff:172.18.0.1
20260509	00:41:14	ef2c2c18-d086-43b9-9a10-e2d8fff3ecb3	GET	/application/69fe33f1c0d73d2daef0186a	http://localhost:3000	::ffff:172.18.0.1
20260509	00:41:14	0fd7c7bc-3ba4-423b-8cd8-902c908030cb	GET	/profile	http://localhost:3000	::ffff:172.18.0.1
20260509	00:59:53	eeab4183-a919-4a33-b0d0-9bf63f3b05c4	GET	/auth/refresh	http://localhost:3000	::ffff:172.18.0.1
20260509	00:59:53	7e1fe304-13dc-483f-89d0-4f76afc6f175	GET	/profile	http://localhost:3000	::ffff:172.18.0.1
20260509	00:59:53	a66eb3fb-6a48-4bb4-96a3-79514d72f465	GET	/application/69fe33f1c0d73d2daef0186a	http://localhost:3000	::ffff:172.18.0.1
20260509	00:59:53	97d05cce-c2bb-40c6-ad78-332c8b657369	GET	/auth/refresh	http://localhost:3000	::ffff:172.18.0.1
20260509	00:59:53	4618b4b1-9516-4911-b70a-91c275b69e2c	OPTIONS	/application/69fe33f1c0d73d2daef0186a	http://localhost:3000	::ffff:172.18.0.1
20260509	00:59:53	d535c33b-5fed-43b5-b23f-b97ab8e53aa2	GET	/application/69fe33f1c0d73d2daef0186a	http://localhost:3000	::ffff:172.18.0.1
20260509	00:59:53	0dd1abaa-1ab1-4aac-b623-34578b1d03e9	OPTIONS	/profile	http://localhost:3000	::ffff:172.18.0.1
20260509	00:59:53	641b5b88-d3ce-44b6-a279-09e8aea83123	GET	/profile	http://localhost:3000	::ffff:172.18.0.1
20260509	01:00:10	20c1a040-53aa-4c37-9318-edd6f8f125ba	OPTIONS	/application/69fe33f1c0d73d2daef0186a	http://localhost:3000	::ffff:172.18.0.1
20260509	01:00:10	16b8b91e-9b2d-4d40-bf06-4b6ccf20e27f	DELETE	/application/69fe33f1c0d73d2daef0186a	http://localhost:3000	::ffff:172.18.0.1
20260509	01:00:28	de737de5-254b-42b6-8a54-cd0bd42c7d71	OPTIONS	/application	http://localhost:3000	::ffff:172.18.0.1
20260509	01:00:28	d33d2e12-dee3-44ab-a823-f26274b9cb99	GET	/application	http://localhost:3000	::ffff:172.18.0.1
20260509	01:06:05	90494695-f79d-4242-9149-ace7c1e5c34a	GET	/auth/refresh	http://localhost:3000	::ffff:172.18.0.1
20260509	01:06:04	a4300cf1-e54d-40c6-975d-56a6eccd07a5	GET	/application	http://localhost:3000	::ffff:172.18.0.1
20260509	01:06:05	894b465b-7eaf-415e-b6b2-1183dcfa7451	GET	/profile	http://localhost:3000	::ffff:172.18.0.1
20260509	01:06:05	c6f67ab8-80d2-4088-851f-186596172ad8	GET	/auth/refresh	http://localhost:3000	::ffff:172.18.0.1
20260509	01:06:05	739692b0-8ab9-451e-874a-2db359f1de37	OPTIONS	/application	http://localhost:3000	::ffff:172.18.0.1
20260509	01:06:05	bf9a6921-9f4d-4f89-b780-7d147e4e6c54	GET	/application	http://localhost:3000	::ffff:172.18.0.1
20260509	01:06:05	b40ae386-17c5-46ed-a72b-a89d3632ab2a	OPTIONS	/profile	http://localhost:3000	::ffff:172.18.0.1
20260509	01:06:05	c6d64443-7b8a-4431-8bca-47cc49474406	GET	/profile	http://localhost:3000	::ffff:172.18.0.1
20260509	01:08:11	ea9cf528-b46e-419e-bf18-dd4f59eae451	GET	/application	http://localhost:3000	::ffff:172.18.0.1
20260509	01:08:11	43ef996e-c6a1-48e4-a09b-33cfc5f16aee	GET	/profile	http://localhost:3000	::ffff:172.18.0.1
20260509	01:08:11	9fd2fd8b-d103-46ed-9a1d-de98c3863f69	GET	/auth/refresh	http://localhost:3000	::ffff:172.18.0.1
20260509	01:08:13	11b65fae-b740-44ee-902e-eada79b64ce9	GET	/auth/refresh	http://localhost:3000	::ffff:172.18.0.1
20260509	01:08:13	a8b89740-a8c3-448f-a521-8dd14c3cfe68	OPTIONS	/application	http://localhost:3000	::ffff:172.18.0.1
20260509	01:08:13	391ac148-87c3-4f87-be7c-a0b625834a2a	OPTIONS	/profile	http://localhost:3000	::ffff:172.18.0.1
20260509	01:08:13	0f5dea2d-32ee-4909-b15a-6be9d04b469c	GET	/profile	http://localhost:3000	::ffff:172.18.0.1
20260509	01:08:13	a5652f4b-74d8-4314-a3e0-7d4aaa6652b4	GET	/application	http://localhost:3000	::ffff:172.18.0.1
20260509	01:11:29	7ee37b3f-ee32-40e4-9d75-c49fd2ff3b98	GET	/application	http://localhost:3000	::ffff:172.18.0.1
20260509	01:11:29	66cfe077-982a-4ff7-9ddf-88e08f341b48	GET	/auth/refresh	http://localhost:3000	::ffff:172.18.0.1
20260509	01:11:29	18d8a64b-9250-4a34-86f1-89260c33fb3a	GET	/profile	http://localhost:3000	::ffff:172.18.0.1
20260509	01:11:29	fc402a68-6645-4994-9d71-600513f47b95	GET	/auth/refresh	http://localhost:3000	::ffff:172.18.0.1
20260509	01:11:29	7d61a6dd-3dad-49d8-a6ee-efd755a2ca37	OPTIONS	/application	http://localhost:3000	::ffff:172.18.0.1
20260509	01:11:29	c468f399-74cc-46e6-97aa-2e61baaf2bcd	GET	/application	http://localhost:3000	::ffff:172.18.0.1
20260509	01:11:29	5b576035-3c0a-4cdb-9257-4da71191b309	OPTIONS	/profile	http://localhost:3000	::ffff:172.18.0.1
20260509	01:11:29	6c34a6f0-c529-4aea-9903-d4dfaae1e241	GET	/profile	http://localhost:3000	::ffff:172.18.0.1
20260509	01:14:10	ffd89fe8-4d2d-41e9-8594-d4f6802e876a	GET	/auth/refresh	http://localhost:3000	::ffff:172.18.0.1
20260509	01:14:10	aa1f59be-87a7-4efd-bb8f-3a8f32c47059	GET	/profile	http://localhost:3000	::ffff:172.18.0.1
20260509	01:14:10	5a918f2d-e110-49ef-8490-c919b9a0c864	GET	/application	http://localhost:3000	::ffff:172.18.0.1
20260509	01:14:11	5476a254-fac5-4654-ba52-1f372c942d08	OPTIONS	/auth/refresh	http://localhost:3000	::ffff:172.18.0.1
20260509	01:14:11	9b6da5c1-1f40-4df2-a0f4-62d632e4d4b4	GET	/auth/refresh	http://localhost:3000	::ffff:172.18.0.1
20260509	01:14:11	cbfb69fa-0c0c-4b95-8cc0-6ae9db5421b6	OPTIONS	/profile	http://localhost:3000	::ffff:172.18.0.1
20260509	01:14:11	e9b56562-03d1-4a0a-9883-27c73857e1fe	GET	/profile	http://localhost:3000	::ffff:172.18.0.1
20260509	01:14:11	0c3928d1-a8b9-4a48-9c03-5a51f3820eab	OPTIONS	/application	http://localhost:3000	::ffff:172.18.0.1
20260509	01:14:11	e307d105-0998-49aa-8a13-5a91facfdd1c	GET	/application	http://localhost:3000	::ffff:172.18.0.1
20260509	12:06:18	c8aa4aaa-70b9-47c9-9f94-eadbecc1e542	OPTIONS	/auth	http://localhost:3000	::ffff:172.18.0.1
20260509	12:06:18	7d158a57-7f6c-4bfd-8cef-859b373f8e5d	POST	/auth	http://localhost:3000	::ffff:172.18.0.1
20260509	12:06:22	a994381e-2e16-4dff-8671-85c14ddf07cb	OPTIONS	/application	http://localhost:3000	::ffff:172.18.0.1
20260509	12:06:22	a3a829ad-cac9-4607-8b32-bd0961928a94	OPTIONS	/auth/refresh	http://localhost:3000	::ffff:172.18.0.1
20260509	12:06:22	98491d38-c65c-4cf3-83c7-f4d115ef7ac0	GET	/application	http://localhost:3000	::ffff:172.18.0.1
20260509	12:06:22	fa457fe9-4f5b-419d-9fd8-7416f70cda6f	OPTIONS	/profile	http://localhost:3000	::ffff:172.18.0.1
20260509	12:06:22	e91427ca-9bc7-4816-97d2-de2ac7230bb0	GET	/auth/refresh	http://localhost:3000	::ffff:172.18.0.1
20260509	12:06:22	f8ca7db7-976c-45c9-b3fd-8c95409ff27d	GET	/profile	http://localhost:3000	::ffff:172.18.0.1
20260509	12:06:51	b805b438-32c5-402d-a379-7e5a8ee8a88e	GET	/profile	http://localhost:3000	::ffff:172.18.0.1
20260509	12:06:52	f7b18573-e73c-4ea4-bf55-b78f0b15d787	GET	/auth/refresh	http://localhost:3000	::ffff:172.18.0.1
20260509	12:06:52	3d72a4e7-7cd4-4c63-a148-31868378488b	GET	/auth/refresh	http://localhost:3000	::ffff:172.18.0.1
20260509	12:06:52	88e9b5f7-7ad2-482f-bd68-4673613ce625	OPTIONS	/profile	http://localhost:3000	::ffff:172.18.0.1
20260509	12:06:52	7b95e227-7d52-41e1-b405-b314612e6d75	GET	/profile	http://localhost:3000	::ffff:172.18.0.1
20260509	12:33:02	0086ff09-4f9e-4a15-a3de-9318dcd3d95c	GET	/auth/refresh	http://localhost:3000	::ffff:172.18.0.1
20260509	12:33:02	4cc88b03-ad03-4476-aed9-fbf2d20e60b3	GET	/profile	http://localhost:3000	::ffff:172.18.0.1
20260509	12:33:02	701b5309-19fb-4478-be7e-863f99869080	GET	/auth/refresh	http://localhost:3000	::ffff:172.18.0.1
20260509	12:33:03	9d0df4b0-4085-4375-9b3b-a4e68ea90c70	OPTIONS	/profile	http://localhost:3000	::ffff:172.18.0.1
20260509	12:33:03	af0fe36b-4a4d-487d-affc-d8fbe9ea0d9a	GET	/profile	http://localhost:3000	::ffff:172.18.0.1
20260509	12:33:34	7452be25-152b-409a-b9b7-c138491a397f	GET	/profile	http://localhost:3000	::ffff:172.18.0.1
20260509	12:33:34	a8e12c3a-a3cf-4cdc-871f-c9a2c0edd1ec	OPTIONS	/profile	http://localhost:3000	::ffff:172.18.0.1
20260509	12:34:07	92234e3d-6746-4d26-9325-3c371c57bc57	GET	/auth/refresh	http://localhost:3000	::ffff:172.18.0.1
20260509	12:34:07	d487a5b9-a0e2-47c4-950d-ce8aeb44dcdd	GET	/profile	http://localhost:3000	::ffff:172.18.0.1
20260509	12:34:07	9f25df9e-4639-4b1b-b6d5-3124957a202f	OPTIONS	/auth/refresh	http://localhost:3000	::ffff:172.18.0.1
20260509	12:34:07	701468a8-24cc-4803-9e80-ae3e21cad068	GET	/auth/refresh	http://localhost:3000	::ffff:172.18.0.1
20260509	12:34:07	ddf65e15-d725-4f34-bf2f-d758d52a62f5	OPTIONS	/profile	http://localhost:3000	::ffff:172.18.0.1
20260509	12:34:07	edb87f79-a8b9-4eea-937e-d95a1572770c	GET	/profile	http://localhost:3000	::ffff:172.18.0.1
20260509	12:34:38	56fafe4b-bea9-49a3-b637-8b8be9f31023	OPTIONS	/profile	http://localhost:3000	::ffff:172.18.0.1
20260509	12:34:38	95bc72bf-c8f0-41dd-ba37-3eb434835432	GET	/profile	http://localhost:3000	::ffff:172.18.0.1
20260509	12:50:39	e06c6dd9-68e6-43fb-bc4b-a7e80f8653e1	OPTIONS	/auth	http://localhost:3000	::ffff:172.18.0.1
20260509	12:50:39	913afe19-06ca-4c67-95b4-5b94cef789c4	POST	/auth	http://localhost:3000	::ffff:172.18.0.1
20260509	12:50:43	785037a3-744a-4c59-a40b-69cbf662f999	OPTIONS	/application	http://localhost:3000	::ffff:172.18.0.1
20260509	12:50:44	728732e3-9fb4-433b-9df5-7b4a18183166	GET	/application	http://localhost:3000	::ffff:172.18.0.1
20260509	12:50:43	8f7dcc8d-309f-48b8-bb0c-374baa9510dd	OPTIONS	/profile	http://localhost:3000	::ffff:172.18.0.1
20260509	12:50:44	462e73c7-f42d-41b7-99f1-c4348b346dc4	OPTIONS	/auth/refresh	http://localhost:3000	::ffff:172.18.0.1
20260509	12:50:44	ae7c5cef-5c9e-4fb6-82bb-69f53a3d90c4	GET	/profile	http://localhost:3000	::ffff:172.18.0.1
20260509	12:50:44	db0308cc-4770-4013-8970-18f5773068f3	GET	/auth/refresh	http://localhost:3000	::ffff:172.18.0.1
20260509	12:51:29	81cebf5a-214b-4b18-902f-d1b0fff2fde2	GET	/auth/refresh	http://localhost:3000	::ffff:172.18.0.1
20260509	12:51:30	c139f3da-4383-45f8-b488-0055d429c90a	GET	/profile	http://localhost:3000	::ffff:172.18.0.1
20260509	12:51:30	a5332ce9-7d6d-4b99-96de-fde3ce6330b4	GET	/auth/refresh	http://localhost:3000	::ffff:172.18.0.1
20260509	12:51:30	4f651063-1ddd-43ed-aedf-c932186d617e	OPTIONS	/profile	http://localhost:3000	::ffff:172.18.0.1
20260509	12:51:30	7f394006-04ba-4194-af31-cfbad96f13b9	GET	/profile	http://localhost:3000	::ffff:172.18.0.1
20260509	12:56:06	0fc833e6-2cc8-427b-ac6e-8111a622071f	GET	/auth/refresh	http://localhost:3000	::ffff:172.18.0.1
20260509	12:56:06	0c93f8a7-8abb-4eb4-913b-9acd5a0d80e9	GET	/profile	http://localhost:3000	::ffff:172.18.0.1
20260509	12:56:06	604098d1-7b29-40d4-b022-f04f54893e61	GET	/auth/refresh	http://localhost:3000	::ffff:172.18.0.1
20260509	12:56:07	4f2ce307-4592-4ae0-b4c4-5655a97dd476	GET	/profile	http://localhost:3000	::ffff:172.18.0.1
20260509	12:56:06	59dd242b-92a7-41c8-a8d9-d9ff6852e3f1	OPTIONS	/profile	http://localhost:3000	::ffff:172.18.0.1
20260509	12:58:23	7de50c9b-7938-4fcd-bb81-e4c6dd723600	GET	/auth/refresh	http://localhost:3000	::ffff:172.18.0.1
20260509	12:58:23	4b95b8da-19b7-4fbe-afb5-51f3eddb3e5a	GET	/profile	http://localhost:3000	::ffff:172.18.0.1
20260509	12:58:23	35735964-d03c-488e-be26-26d8ff607c4e	GET	/auth/refresh	http://localhost:3000	::ffff:172.18.0.1
20260509	12:58:24	fa06d64a-15d2-4c3c-b7dd-3778ecee780b	OPTIONS	/profile	http://localhost:3000	::ffff:172.18.0.1
20260509	12:58:24	522489a1-6166-4152-9510-cc1a73923e59	GET	/profile	http://localhost:3000	::ffff:172.18.0.1
20260509	13:02:24	a19d165e-ca66-4616-8af4-31253be0fac1	GET	/auth/refresh	http://localhost:3000	::ffff:172.18.0.1
20260509	13:02:24	d43cf260-0352-4235-a6c5-9a6c9e841189	GET	/profile	http://localhost:3000	::ffff:172.18.0.1
20260509	13:02:24	65ff4070-993f-4953-b8e2-7dd058258f86	OPTIONS	/auth/refresh	http://localhost:3000	::ffff:172.18.0.1
20260509	13:02:24	1fc61f1e-e395-4bd0-bb06-6f848c0edb3d	GET	/auth/refresh	http://localhost:3000	::ffff:172.18.0.1
20260509	13:02:24	979e9c33-2e4c-4c44-b0a0-3ca65e9ec4c0	OPTIONS	/profile	http://localhost:3000	::ffff:172.18.0.1
20260509	13:02:24	8d4c3a27-5a43-4653-a4aa-35f7ccf9ed62	GET	/profile	http://localhost:3000	::ffff:172.18.0.1
20260509	13:03:15	c0d9b7be-fb0a-4185-9dd3-94d951be9bbd	GET	/profile	http://localhost:3000	::ffff:172.18.0.1
20260509	13:03:16	580a21f9-da3b-4c90-8627-d0856702bae1	GET	/auth/refresh	http://localhost:3000	::ffff:172.18.0.1
20260509	13:03:16	e932571e-cacf-4b6b-b63b-0ef27dc13fc7	GET	/auth/refresh	http://localhost:3000	::ffff:172.18.0.1
20260509	13:03:16	5a2c1e3d-6fda-4298-b1e4-635538e2ca15	OPTIONS	/profile	http://localhost:3000	::ffff:172.18.0.1
20260509	13:03:16	d1670298-1f58-4256-b00e-3aa8d7b906b4	GET	/profile	http://localhost:3000	::ffff:172.18.0.1
20260509	13:13:43	6a0d0815-5db0-4726-8312-2bc06b276c30	OPTIONS	/courses/my	http://localhost:3000	::ffff:172.18.0.1
20260509	13:13:43	0a36bf5e-7311-40db-8e8f-ad6fbad54227	OPTIONS	/courses/apply	http://localhost:3000	::ffff:172.18.0.1
20260509	13:13:43	8b809294-ec1e-4259-8ddc-ef6f6ce1447d	GET	/courses/my	http://localhost:3000	::ffff:172.18.0.1
20260509	13:13:44	632e7e27-7ceb-4cf9-9674-407d2c02b820	GET	/courses/apply	http://localhost:3000	::ffff:172.18.0.1
20260605	08:38:28	2992118f-1c29-446e-90e9-1d51888c71c0	GET	/test	undefined	::ffff:172.18.0.1
20260605	08:40:38	454cb561-357f-440f-9033-27b41dcd9010	GET	/test	undefined	::ffff:172.18.0.1
20260605	08:54:13	618e49f1-38eb-404d-9005-bf46130f6fc1	GET	/test	undefined	::ffff:172.18.0.1
20260605	08:59:59	bb65ffd3-8f26-4bfa-9db9-a23150b7ec40	GET	/test	undefined	::ffff:172.18.0.1
20260605	09:02:36	4eae3723-01f1-4cd1-bcab-3b099110a1e7	GET	/test	undefined	::ffff:172.18.0.1
20260605	09:30:29	0c4c3961-a09d-4d2e-ad19-4d3b3444a2ef	GET	/courses/apply	undefined	::ffff:172.18.0.1
20260605	09:36:17	89979dc3-67b5-438a-9036-9c0efa560d24	GET	/courses/apply	undefined	::ffff:172.18.0.1
20260605	09:37:26	d786a9ac-de7a-46f6-ba42-7a91150ecd36	GET	/courses/apply	undefined	::ffff:172.18.0.1
20260605	09:38:11	85995f55-24f5-40c4-a84d-bf4f08c556df	GET	/courses/apply	undefined	::ffff:172.18.0.1
20260605	09:39:23	0c8b732b-cdd3-4895-8b7e-b8463fb423cb	GET	/courses/apply	undefined	::ffff:172.18.0.1
20260605	09:39:51	88b42bb1-6f9e-4812-aadc-aa421150e77c	GET	/courses/apply	undefined	::ffff:172.18.0.1
20260605	09:43:16	0711b9a4-8b9d-489e-9f6c-447f5ce85e9a	GET	/webhook	undefined	::ffff:172.18.0.1
20260605	09:43:57	1b6ed52e-5317-47b8-84a4-ea6c7067335c	POST	/webhook	undefined	::ffff:172.18.0.1
20260605	09:47:10	d6927d8a-5177-4abd-93a1-554c65b37866	GET	/webhook	undefined	::ffff:172.18.0.1
20260605	10:53:02	e446250f-dee5-4604-bc58-43a085913f6b	POST	/test	undefined	::ffff:172.18.0.1
20260605	10:53:09	8a88e76a-227f-4a58-983d-936d41ed3697	GET	/test	undefined	::ffff:172.18.0.1
20260605	11:04:21	b3324b18-90c6-4f6c-9a0f-91c1bbf9950d	GET	/test	undefined	::ffff:172.18.0.1
20260605	11:53:11	333ed48e-612f-402d-9cc2-121f328a2c9a	GET	/test	undefined	::ffff:172.18.0.1
20260626	22:30:40	5ead912e-00ac-4b6a-9310-66df6b1aa41f	GET	/test	undefined	::ffff:172.18.0.1
20260626	22:39:28	bc1a70da-e84f-478c-90a6-5746680feff6	GET	/test	undefined	::ffff:172.18.0.1
20260626	22:43:40	faed6050-4824-4a37-9b3d-cfb7d1bfd322	GET	/application/approve	undefined	::ffff:172.18.0.1
20260626	22:45:51	536387a3-56e0-4b03-ab56-2b67649e6c41	POST	/auth	undefined	::ffff:172.18.0.1
20260626	22:50:58	a72e4bc3-ef0e-4b49-8227-9b36b726d781	GET	/application/approve/6a23f6ba041c8cb8927628dc	undefined	::ffff:172.18.0.1
20260626	22:51:06	49903d80-1d72-4ce6-bfc2-3260cbe4d172	POST	/application/approve/6a23f6ba041c8cb8927628dc	undefined	::ffff:172.18.0.1
20260626	22:53:30	7d93c0e5-3222-497b-83dc-f7a6b94eeda7	POST	/application/approve/6a23f6ba041c8cb8927628dc	undefined	::ffff:172.18.0.1
20260626	22:54:24	7012deb1-1231-4b9a-95ee-c8134886e184	POST	/application/approve/6a23f6ba041c8cb8927628dc	undefined	::ffff:172.18.0.1
20260626	22:58:53	a9ad3c0a-6632-42f8-8a71-54e07fac3da2	GET	/application/approve	undefined	::ffff:172.18.0.1
20260626	22:59:04	83dfeb62-9d16-4821-ac89-65db9d7744cb	GET	/application	undefined	::ffff:172.18.0.1
20260626	22:59:56	548c0228-280a-4a65-8ec3-f54c3b4ddf2c	POST	/application/approve/69fe64c6a481018f96603433	undefined	::ffff:172.18.0.1
20260626	23:02:26	2b32f4a4-ad62-47bb-bbf4-1d400f8e172c	POST	/application/approve/69fe64c6a481018f96603433	undefined	::ffff:172.18.0.1
20260626	23:07:17	b90fb5e4-12eb-4da2-9aaa-6043d890113d	GET	/application	undefined	::ffff:172.18.0.1
20260708	07:53:58	7e158fb0-34df-46d8-8132-173d4921eb51	POST	/auth	http://localhost:3000	::ffff:172.18.0.1
20260708	07:53:58	6406ef7e-c7ae-484f-8721-9aedf9e2fa86	OPTIONS	/auth	http://localhost:3000	::ffff:172.18.0.1
20260708	07:54:18	d81f168f-89a7-4ad0-9a9d-4e66ee741c6f	GET	/auth/refresh	http://localhost:3000	::ffff:172.18.0.1
20260708	07:54:18	8dac7e91-c869-4c25-bcd1-85e1007d8fe5	OPTIONS	/auth/refresh	http://localhost:3000	::ffff:172.18.0.1
20260708	07:54:18	e6ab2885-fe1a-42f1-bfff-6494d32258ce	OPTIONS	/profile	http://localhost:3000	::ffff:172.18.0.1
20260708	07:54:18	1b9432cc-2404-45b1-8e9e-bb63217b171b	OPTIONS	/application	http://localhost:3000	::ffff:172.18.0.1
20260708	07:54:18	96842b3b-111a-4548-bea1-186761248d5d	GET	/profile	http://localhost:3000	::ffff:172.18.0.1
20260708	07:54:18	16ac5e8b-a2d9-4095-9a8c-1a51a660c3e7	GET	/application	http://localhost:3000	::ffff:172.18.0.1
20260708	07:56:22	09a18f94-ee0c-41e6-8e60-c3a16873dae3	GET	/application	http://localhost:3000	::ffff:172.18.0.1
20260708	07:56:22	de97efd7-d510-44ce-9937-4a01481ef520	GET	/auth/refresh	http://localhost:3000	::ffff:172.18.0.1
20260708	07:56:22	ec2858c7-a05c-47fd-84ca-f4106c274848	GET	/profile	http://localhost:3000	::ffff:172.18.0.1
20260708	07:56:22	c5624975-ca98-4cf9-930d-4ee0b23fc4a8	GET	/auth/refresh	http://localhost:3000	::ffff:172.18.0.1
20260708	07:56:23	a87129bc-1749-4da2-8fd1-a831cd927538	OPTIONS	/application	http://localhost:3000	::ffff:172.18.0.1
20260708	07:56:23	81ca9bb3-5dde-400f-9eaa-3b3deb3ab3ef	OPTIONS	/profile	http://localhost:3000	::ffff:172.18.0.1
20260708	07:56:23	2297b113-4217-4621-a0ff-4c918ec376cf	GET	/application	http://localhost:3000	::ffff:172.18.0.1
20260708	07:56:23	afce3c22-5abf-42f2-a3fd-7b97e3b5d9fb	GET	/profile	http://localhost:3000	::ffff:172.18.0.1
20260708	10:02:42	1fbcfe64-88c7-4207-823b-ac181e4027c0	POST	/auth	http://localhost:3000	::ffff:172.18.0.1
20260708	10:02:41	010108db-4516-450d-8c02-ccf8b1e9b40e	OPTIONS	/auth	http://localhost:3000	::ffff:172.18.0.1
20260708	10:02:52	50802ee8-65db-4a3e-831a-c7011a302937	OPTIONS	/auth	http://localhost:3000	::ffff:172.18.0.1
20260708	10:02:52	bc030a5d-3103-41ef-b761-6c5882c6befa	POST	/auth	http://localhost:3000	::ffff:172.18.0.1
20260708	10:03:04	ee8c97e1-2faa-4b2c-b9f6-ee03f6ee16d5	POST	/auth	http://localhost:3000	::ffff:172.18.0.1
20260708	10:03:04	35bae46f-45f2-48e5-aa70-6e80607ad7d5	OPTIONS	/auth	http://localhost:3000	::ffff:172.18.0.1
20260708	10:03:18	96a9580d-7ac8-4585-8a5a-6438e2caa716	OPTIONS	/auth	http://localhost:3000	::ffff:172.18.0.1
20260708	10:03:18	f9c15e95-231e-4ec6-bc03-bb8514d504b2	POST	/auth	http://localhost:3000	::ffff:172.18.0.1
20260708	10:03:23	1dfceaab-bfcd-4e8e-a39f-02fa15212500	OPTIONS	/application	http://localhost:3000	::ffff:172.18.0.1
20260708	10:03:24	cfa3d60c-02d4-4698-b798-54d865e96e8a	OPTIONS	/auth/refresh	http://localhost:3000	::ffff:172.18.0.1
20260708	10:03:24	abb56a4b-9f30-4541-9e0f-45ecd8fef911	GET	/application	http://localhost:3000	::ffff:172.18.0.1
20260708	10:03:24	954f1b85-295b-4799-8118-660ad0d94fb7	OPTIONS	/profile	http://localhost:3000	::ffff:172.18.0.1
20260708	10:03:24	71f2cb8b-8078-4fe5-a93d-750fc02297d3	GET	/auth/refresh	http://localhost:3000	::ffff:172.18.0.1
20260708	10:03:24	aac7d19a-f9e0-4cbc-95eb-360279a669a6	GET	/profile	http://localhost:3000	::ffff:172.18.0.1
20260708	10:04:33	9f469078-15cc-4a45-9315-23be3d7e4a43	GET	/auth/refresh	http://localhost:3000	::ffff:172.18.0.1
20260708	10:04:33	e863da63-9304-4ffa-8d2b-7d3a35cde02f	GET	/profile	http://localhost:3000	::ffff:172.18.0.1
20260708	10:04:33	cad41770-867a-4512-8149-029b00d7c071	GET	/auth/refresh	http://localhost:3000	::ffff:172.18.0.1
20260708	10:04:33	137378d2-1791-498f-921e-c905e31abe4e	GET	/profile	http://localhost:3000	::ffff:172.18.0.1
20260708	10:04:33	2426e875-638e-4950-9049-fb20d43b0c4e	OPTIONS	/profile	http://localhost:3000	::ffff:172.18.0.1
20260708	10:19:54	bad53680-449d-4723-8792-d5d07d7f17e3	GET	/auth/refresh	http://localhost:3000	::ffff:172.18.0.1
20260708	10:19:55	457ea010-f2a2-4ba9-9f7a-3bb7d5e3cea0	GET	/profile	http://localhost:3000	::ffff:172.18.0.1
20260708	10:19:55	30c883fe-fe08-4407-b9c8-2c0a68736b23	GET	/auth/refresh	http://localhost:3000	::ffff:172.18.0.1
20260708	10:19:56	bf471f96-874e-4a64-b601-22d9d13af63b	GET	/profile	http://localhost:3000	::ffff:172.18.0.1
20260708	10:19:56	ed4ef303-6bdd-4b99-b491-f09062b0810d	OPTIONS	/profile	http://localhost:3000	::ffff:172.18.0.1
20260708	10:26:39	66473bd3-352c-45db-b18c-a61d1feb78e2	GET	/profile	http://localhost:3000	::ffff:172.18.0.1
20260708	10:26:39	272df438-4edb-4616-93c7-08973a120175	GET	/auth/refresh	http://localhost:3000	::ffff:172.18.0.1
20260708	10:26:39	ac7d6174-c004-44b3-b3a4-3a6af24ef347	GET	/auth/refresh	http://localhost:3000	::ffff:172.18.0.1
20260708	10:26:39	635ff270-c17e-4e2e-9e54-775fe82450ec	OPTIONS	/profile	http://localhost:3000	::ffff:172.18.0.1
20260708	10:26:39	95e71e09-81c1-4166-bbf1-8f8bc4969332	GET	/profile	http://localhost:3000	::ffff:172.18.0.1
20260708	10:50:05	bf83f464-d42a-4756-8ffc-d02e8a4385fc	GET	/auth/refresh	http://localhost:3000	::ffff:172.18.0.1
20260708	10:50:05	41b2f644-66bf-4265-8097-8e6dbe1b024c	GET	/profile	http://localhost:3000	::ffff:172.18.0.1
20260708	10:50:05	5fea621f-160f-48b2-b7f5-c47b7a80e4b8	GET	/auth/refresh	http://localhost:3000	::ffff:172.18.0.1
20260708	10:50:05	e4997c7e-2d24-42fd-9758-1099c6ecae5a	OPTIONS	/profile	http://localhost:3000	::ffff:172.18.0.1
20260708	10:50:05	ca0b766b-9423-47c5-a2cd-e2992f5e4bb1	GET	/profile	http://localhost:3000	::ffff:172.18.0.1
20260708	11:47:08	3dfafb82-d1c5-4795-8427-469bcef004dd	GET	/profile	http://localhost:3000	::ffff:172.18.0.1
20260708	11:47:08	2d136e9e-bdd5-41a4-8718-94b180e0ae6e	GET	/auth/refresh	http://localhost:3000	::ffff:172.18.0.1
20260708	11:47:08	a596bd09-9d2d-4334-a36a-ca43e035fe77	OPTIONS	/auth/refresh	http://localhost:3000	::ffff:172.18.0.1
20260708	11:47:08	fd393eed-59ef-4fe5-b8c5-830d78be8c29	GET	/auth/refresh	http://localhost:3000	::ffff:172.18.0.1
20260708	11:47:08	8ed4114a-1a16-4995-85cc-6a5f24a65b65	OPTIONS	/profile	http://localhost:3000	::ffff:172.18.0.1
20260708	11:47:08	819a779c-0ba5-4b24-b370-504263e2e7cd	GET	/profile	http://localhost:3000	::ffff:172.18.0.1
20260708	12:16:53	86ba68b9-2db7-4f4c-94d8-4280549b0039	OPTIONS	/courses/my	http://localhost:3000	::ffff:172.18.0.1
20260708	12:16:53	2a34fd6a-aeca-41b4-b57c-cd208cba35f5	OPTIONS	/courses/apply	http://localhost:3000	::ffff:172.18.0.1
20260708	12:16:53	41d02060-3303-4b6f-aaec-649b6d43b7ab	GET	/courses/my	http://localhost:3000	::ffff:172.18.0.1
20260708	12:16:54	f895cf9b-74a9-4f57-93d2-eeb827cf4152	GET	/courses/apply	http://localhost:3000	::ffff:172.18.0.1
20260708	12:25:38	d2799b89-2296-400a-aa9c-97494fa3ebe0	OPTIONS	/courses/my	http://localhost:3000	::ffff:172.18.0.1
20260708	12:25:38	fd2216e2-53b1-40bc-a070-b545d04f8384	OPTIONS	/courses/apply	http://localhost:3000	::ffff:172.18.0.1
20260708	12:25:38	40fc3423-4e6e-40a0-a548-1826b7ca1b00	GET	/courses/my	http://localhost:3000	::ffff:172.18.0.1
20260708	12:25:38	4d57843e-e7f1-4c42-a3a5-695ded8c7cc5	GET	/courses/apply	http://localhost:3000	::ffff:172.18.0.1
20260708	12:47:22	444205e6-8d9a-488d-98ee-4cd0fac65fee	OPTIONS	/auth/refresh	http://localhost:3000	::ffff:172.18.0.1
20260708	12:47:22	6cb8a267-a805-49f3-95e2-d1e9a5ae4326	OPTIONS	/profile	http://localhost:3000	::ffff:172.18.0.1
20260708	12:47:22	ea51076b-d482-4c12-8e24-058d03ac9893	GET	/auth/refresh	http://localhost:3000	::ffff:172.18.0.1
20260708	12:47:22	225d0ec7-6050-400b-99d8-bbea13287cb5	GET	/profile	http://localhost:3000	::ffff:172.18.0.1
20260708	12:49:14	a3299855-3094-4320-987c-c200407660c1	GET	/profile	http://localhost:3000	::ffff:172.18.0.1
20260708	12:49:14	d52c02b1-399f-4067-8f6c-4414d370bc8f	GET	/auth/refresh	http://localhost:3000	::ffff:172.18.0.1
20260708	12:49:15	9a247eb7-51bd-4fe1-ad90-a67b1043caa3	GET	/auth/refresh	http://localhost:3000	::ffff:172.18.0.1
20260708	12:49:15	70c4125a-a4b0-465d-b2b2-271d6da735ba	GET	/profile	http://localhost:3000	::ffff:172.18.0.1
20260708	12:49:15	01a5621c-29bb-4242-96a0-cb9080a8e776	OPTIONS	/profile	http://localhost:3000	::ffff:172.18.0.1
20260708	13:35:11	cfb81533-df11-4409-8b24-00ea39e958a4	GET	/profile	http://localhost:3000	::ffff:172.18.0.1
20260708	13:35:12	8b1f6c8c-1351-40ba-bfe7-d5b8146161ef	GET	/auth/refresh	http://localhost:3000	::ffff:172.18.0.1
20260708	13:35:12	427e2353-f052-4546-a996-43c7a2687025	GET	/auth/refresh	http://localhost:3000	::ffff:172.18.0.1
20260708	13:35:12	77d251fe-993b-46ff-9295-9e0fb635e8b7	OPTIONS	/profile	http://localhost:3000	::ffff:172.18.0.1
20260708	13:35:12	4b602351-ee67-4007-9d98-67251b60742d	GET	/profile	http://localhost:3000	::ffff:172.18.0.1
20260708	13:39:13	1bd044b0-ac1b-4ec7-9a9b-8e1a7f27e53b	OPTIONS	/application	http://localhost:3000	::ffff:172.18.0.1
20260708	13:39:13	2eccc613-d096-4db1-9a50-a6782c90840b	POST	/application	http://localhost:3000	::ffff:172.18.0.1
20260708	14:17:38	89664363-a499-4547-8056-58954733539f	GET	/auth/refresh	http://localhost:3000	::ffff:172.18.0.1
20260708	14:17:38	ae8b91a5-9aa3-4dbd-92e6-fbb286cb5ec8	GET	/profile	http://localhost:3000	::ffff:172.18.0.1
20260708	14:17:38	42b3caa6-d0d6-4f44-8304-60ffa61c936e	OPTIONS	/auth/refresh	http://localhost:3000	::ffff:172.18.0.1
20260708	14:17:38	d322129b-5fa3-40e4-a429-efb4546a2a1d	GET	/auth/refresh	http://localhost:3000	::ffff:172.18.0.1
20260708	14:17:39	2f6dcdb3-feb9-4cab-9fc4-8a09308e63c1	OPTIONS	/profile	http://localhost:3000	::ffff:172.18.0.1
20260708	14:17:39	de4d60ff-2fa1-43ca-9378-20874da2a08c	GET	/profile	http://localhost:3000	::ffff:172.18.0.1
20260708	15:14:03	5891d970-6950-42cd-9063-538507ae2173	OPTIONS	/application	http://localhost:3000	::ffff:172.18.0.1
20260708	15:14:03	f80bc8d2-b61f-4224-acd7-56b983c52ce2	POST	/application	http://localhost:3000	::ffff:172.18.0.1
20260708	15:14:39	7e11f820-aecd-4b2f-ab61-a75e7f21ba4b	GET	/application	http://localhost:3000	::ffff:172.18.0.1
20260708	15:14:39	9193a139-6a4b-49cf-a364-4396844f9658	OPTIONS	/application	http://localhost:3000	::ffff:172.18.0.1
20260708	15:16:54	bbaeaad8-d927-4a72-9944-1cceb9abf32e	OPTIONS	/application/6a4e693d882a609e59a174e7	http://localhost:3000	::ffff:172.18.0.1
20260708	15:16:54	02dd597e-00b0-49e7-a5a3-c231125c285b	GET	/application/6a4e693d882a609e59a174e7	http://localhost:3000	::ffff:172.18.0.1
20260708	15:50:09	3d5a28ba-d6a3-446f-a871-b76b47a13f18	GET	/profile	http://localhost:3000	::ffff:172.18.0.1
20260708	15:50:09	fa37f58d-fa27-49a7-ba86-10ab99cd3b82	GET	/auth/refresh	http://localhost:3000	::ffff:172.18.0.1
20260708	15:50:12	d0e9f465-74fe-46bf-b1d2-30ed0f63cb5e	GET	/auth/refresh	http://localhost:3000	::ffff:172.18.0.1
20260708	15:50:12	58aa3a18-eb04-4889-ae2a-2981779b28bc	OPTIONS	/auth/refresh	http://localhost:3000	::ffff:172.18.0.1
20260708	15:50:13	32b5e75d-6743-4eec-bcef-b46cfce75d76	OPTIONS	/profile	http://localhost:3000	::ffff:172.18.0.1
20260708	15:50:14	8db3113b-d04d-4f6b-ba16-bff232411177	GET	/profile	http://localhost:3000	::ffff:172.18.0.1
20260708	15:55:21	aa3cd986-adaa-4e93-aa90-58e6fb7f853f	OPTIONS	/application	http://localhost:3000	::ffff:172.18.0.1
20260708	15:55:21	2a6111a8-be16-4ed3-95f5-626a9feb33d8	POST	/application	http://localhost:3000	::ffff:172.18.0.1
20260708	15:55:58	865088b0-5288-46dd-a68d-0067bab360d8	OPTIONS	/application	http://localhost:3000	::ffff:172.18.0.1
20260708	15:55:58	d5c83325-d420-43a2-bedc-aca0f9294a9e	GET	/application	http://localhost:3000	::ffff:172.18.0.1
20260708	15:58:03	fc02973e-da4c-4643-8d6b-7022b6961162	GET	/application	http://localhost:3000	::ffff:172.18.0.1
20260708	15:57:58	ec58e102-546b-43e5-9a71-6823f2dadc24	GET	/auth/refresh	http://localhost:3000	::ffff:172.18.0.1
20260708	15:57:57	ad74b0fb-3c59-44ba-bae0-64192d8d26c4	GET	/profile	http://localhost:3000	::ffff:172.18.0.1
20260708	15:57:58	68162335-c997-4a4b-8390-426c9c908d35	GET	/auth/refresh	http://localhost:3000	::ffff:172.18.0.1
20260708	15:57:58	923a1907-a86b-4e32-81f2-b653a77ae42e	OPTIONS	/application	http://localhost:3000	::ffff:172.18.0.1
20260708	15:57:58	539557fe-0541-4626-8be7-0ab95319d980	GET	/application	http://localhost:3000	::ffff:172.18.0.1
20260708	15:57:58	09fadafd-a8eb-4bd7-9c6c-d117e556e98b	OPTIONS	/profile	http://localhost:3000	::ffff:172.18.0.1
20260708	15:57:58	fcf8dc98-02cf-4e01-b55d-1eacefb7cb66	GET	/profile	http://localhost:3000	::ffff:172.18.0.1
20260708	15:58:35	13f0ae14-60a9-43a4-bb11-a8df4d6defb7	GET	/application	http://localhost:3000	::ffff:172.18.0.1
20260708	15:58:35	95f22dbf-f2e3-48fd-97de-ec573500c0b3	GET	/profile	http://localhost:3000	::ffff:172.18.0.1
20260708	15:58:35	1c6c9f06-3013-4193-a694-d41c44fbf77b	GET	/auth/refresh	http://localhost:3000	::ffff:172.18.0.1
20260708	15:58:41	7da51d7e-4cef-46ce-84f3-8c4de3444ea0	GET	/auth/refresh	http://localhost:3000	::ffff:172.18.0.1
20260708	15:58:36	fad26924-66f4-4a60-aee6-cf992331aefd	OPTIONS	/application	http://localhost:3000	::ffff:172.18.0.1
20260708	15:58:36	5b4b9f47-15a4-4d68-8905-d571b72b9240	GET	/application	http://localhost:3000	::ffff:172.18.0.1
20260708	15:58:36	47943036-4e9b-4758-b52f-2cc07acc8961	OPTIONS	/profile	http://localhost:3000	::ffff:172.18.0.1
20260708	15:58:36	2ef41e49-6095-4bb9-8f22-5d1b4ba1fe46	GET	/profile	http://localhost:3000	::ffff:172.18.0.1
20260708	16:00:02	d7973926-d551-408b-871d-c04403c727db	GET	/profile	http://localhost:3000	::ffff:172.18.0.1
20260708	16:00:02	cb2e1948-611d-4e44-bcef-f8e80f3277c9	GET	/application	http://localhost:3000	::ffff:172.18.0.1
20260708	16:00:02	db1fa97b-e98d-4029-9c47-33e618ab2b45	GET	/auth/refresh	http://localhost:3000	::ffff:172.18.0.1
20260708	16:00:02	00db8d11-b336-475d-b4ed-36a61e667b5b	GET	/auth/refresh	http://localhost:3000	::ffff:172.18.0.1
20260708	16:00:02	f38b91fb-3060-485f-a661-167728e66a70	OPTIONS	/profile	http://localhost:3000	::ffff:172.18.0.1
20260708	16:00:02	ae084855-5122-4082-bab0-eee055c9f226	OPTIONS	/application	http://localhost:3000	::ffff:172.18.0.1
20260708	16:00:02	9e2d794a-a513-462f-ba76-7aa7f1654773	GET	/profile	http://localhost:3000	::ffff:172.18.0.1
20260708	16:00:02	b3ebaed0-e4f6-4ddf-899d-ed30b1992e7c	GET	/application	http://localhost:3000	::ffff:172.18.0.1
20260708	16:00:29	3f04ceb2-771a-4c8f-9fed-6bd3548548b9	OPTIONS	/application/6a4e72ea0bdd1032b18137ed	http://localhost:3000	::ffff:172.18.0.1
20260708	16:00:30	15749222-3ce8-4e91-b41e-5ff2fe407b8b	GET	/application/6a4e72ea0bdd1032b18137ed	http://localhost:3000	::ffff:172.18.0.1
20260708	16:08:35	57aa9abd-7f55-4b72-ba19-9913e735ab9c	OPTIONS	/application/document?public_id=student-documents/1783526123278.png&resource_type=image	http://localhost:3000	::ffff:172.18.0.1
20260708	16:08:41	85b484ac-c20d-4126-9993-04708dca0722	GET	/application/document?public_id=student-documents/1783526123278.png&resource_type=image	http://localhost:3000	::ffff:172.18.0.1
20260708	16:09:18	ae93b95e-8d42-4658-ad10-f43683e0253a	GET	/application/6a4e72ea0bdd1032b18137ed	http://localhost:3000	::ffff:172.18.0.1
20260708	16:09:18	67b3761b-2eec-4f85-b156-9ef4c4e9785a	GET	/auth/refresh	http://localhost:3000	::ffff:172.18.0.1
20260708	16:09:18	a50a7765-c758-47d8-8671-cffc806f9617	GET	/profile	http://localhost:3000	::ffff:172.18.0.1
20260708	16:09:18	88551339-db5a-4ecc-b028-6763f7b7567f	GET	/auth/refresh	http://localhost:3000	::ffff:172.18.0.1
20260708	16:09:19	642a5c57-72b5-45a7-931e-85851b774960	GET	/profile	http://localhost:3000	::ffff:172.18.0.1
20260708	16:09:19	bd410244-95b4-429e-96e8-08d8a1dd9d27	GET	/application/6a4e72ea0bdd1032b18137ed	http://localhost:3000	::ffff:172.18.0.1
20260708	16:09:19	57bf2b24-d543-49c4-8dc6-3d2d997972f5	OPTIONS	/application/6a4e72ea0bdd1032b18137ed	http://localhost:3000	::ffff:172.18.0.1
20260708	16:09:19	41a0fc5d-3e93-4404-a39d-30303e26ed67	OPTIONS	/profile	http://localhost:3000	::ffff:172.18.0.1
20260708	16:18:37	d0ad63b7-9a50-485f-9616-15f529be2739	GET	/profile	http://localhost:3000	::ffff:172.18.0.1
20260708	16:18:37	e0ec325d-63d7-456e-88bf-77e8691aaa6c	GET	/auth/refresh	http://localhost:3000	::ffff:172.18.0.1
20260708	16:18:37	ead7831b-1199-463c-9feb-6e4530e53111	OPTIONS	/profile	http://localhost:3000	::ffff:172.18.0.1
20260708	16:18:37	cf02ec8c-5e02-4046-be17-0cb14df1bacb	GET	/profile	http://localhost:3000	::ffff:172.18.0.1
20260708	16:19:11	7a6c9923-7613-4188-b003-38defb479a12	GET	/auth/refresh	http://localhost:3000	::ffff:172.18.0.1
20260708	16:19:11	745c8782-1040-4f8e-956d-3672afa9ca05	GET	/profile	http://localhost:3000	::ffff:172.18.0.1
20260708	16:19:11	2ddc6c68-2f9b-43be-99fa-16c0dc202375	GET	/auth/refresh	http://localhost:3000	::ffff:172.18.0.1
20260708	16:19:11	8292c636-c544-4547-a0ed-aa0c9f108448	GET	/profile	http://localhost:3000	::ffff:172.18.0.1
20260708	16:19:11	d4a49f3c-d9c6-4829-87b4-4c4ec7ea854e	OPTIONS	/profile	http://localhost:3000	::ffff:172.18.0.1
20260708	22:35:23	20e53029-be2a-4c70-995d-08f787d6df0d	GET	/profile	http://localhost:3000	::ffff:172.18.0.1
20260708	22:35:23	d2e683d8-55aa-46e9-a221-34738d9c7bb9	GET	/auth/refresh	http://localhost:3000	::ffff:172.18.0.1
20260708	22:35:23	dead13bc-f1fa-499e-84e0-04c053ac034d	GET	/auth/refresh	http://localhost:3000	::ffff:172.18.0.1
20260708	22:35:23	88f4e9f2-8dbe-4f64-af56-9b2c754232b9	OPTIONS	/profile	http://localhost:3000	::ffff:172.18.0.1
20260708	22:35:23	bfcaea67-cc55-44dc-a900-7bac20f4d3e4	GET	/profile	http://localhost:3000	::ffff:172.18.0.1
20260708	22:40:20	9fdec48f-cb69-4b96-88a2-5db5dd74fa1e	GET	/auth/refresh	http://localhost:3000	::ffff:172.18.0.1
20260708	22:40:20	011deec6-5031-4944-b694-24dff50b63ba	GET	/profile	http://localhost:3000	::ffff:172.18.0.1
20260708	22:40:21	157cdf1c-85b1-4ada-8ed8-23c70f8de414	GET	/application	http://localhost:3000	::ffff:172.18.0.1
20260708	22:40:21	25b58113-6602-43b6-925b-9ca94000ddef	GET	/auth/refresh	http://localhost:3000	::ffff:172.18.0.1
20260708	22:40:21	44935d73-d305-4fde-a089-538e5205102e	OPTIONS	/profile	http://localhost:3000	::ffff:172.18.0.1
20260708	22:40:21	26e337e0-0905-448a-a640-aa1dcf99d27f	GET	/profile	http://localhost:3000	::ffff:172.18.0.1
20260708	22:40:21	60237c5a-14d8-438a-96b7-6a52e23e641c	OPTIONS	/application	http://localhost:3000	::ffff:172.18.0.1
20260708	22:40:21	faa5a09a-58a4-4ffe-b9d5-d7f909c03978	GET	/application	http://localhost:3000	::ffff:172.18.0.1
20260708	22:54:17	d1c01723-33c2-4920-a99e-b32732af48b2	OPTIONS	/application/6a4e693d882a609e59a174e7	http://localhost:3000	::ffff:172.18.0.1
20260708	22:54:23	bbd526fb-7254-444f-9aa2-c2c710fbfd32	GET	/application/6a4e693d882a609e59a174e7	http://localhost:3000	::ffff:172.18.0.1
20260708	22:54:33	2c7f158f-0147-4fdd-84cb-a666a668f928	OPTIONS	/application/6a4e693d882a609e59a174e7	http://localhost:3000	::ffff:172.18.0.1
20260708	22:54:32	35020102-df8f-4705-947c-732ebe076820	OPTIONS	/profile	http://localhost:3000	::ffff:172.18.0.1
20260708	22:54:32	e5b9243c-fd61-4949-b628-0ea4d52e3b40	OPTIONS	/auth/refresh	http://localhost:3000	::ffff:172.18.0.1
20260708	22:54:33	498f19d7-852f-4fca-b475-71a0e354edf8	GET	/profile	http://localhost:3000	::ffff:172.18.0.1
20260708	22:54:33	4fe54311-e94f-49e2-bd1d-c6b9c8d74a05	GET	/auth/refresh	http://localhost:3000	::ffff:172.18.0.1
20260708	22:54:33	47666729-3d61-400f-913a-83d2cd8332cf	GET	/application/6a4e693d882a609e59a174e7	http://localhost:3000	::ffff:172.18.0.1
20260708	22:55:09	8afecb9e-3b37-4479-802c-790f2a10dab0	GET	/auth/refresh	http://localhost:3000	::ffff:172.18.0.1
20260708	22:55:09	61e624a1-a8cc-462e-98a3-1153803b7ddb	GET	/application	http://localhost:3000	::ffff:172.18.0.1
20260708	22:55:09	4e8f7034-aa62-4f41-a435-1d4b7cfcd55c	GET	/profile	http://localhost:3000	::ffff:172.18.0.1
20260708	22:55:09	71ae7ee5-232d-4257-aa33-6726e8fdcadc	GET	/auth/refresh	http://localhost:3000	::ffff:172.18.0.1
20260708	22:55:10	0e031a3b-c309-40f0-947f-441912c27ebd	OPTIONS	/application	http://localhost:3000	::ffff:172.18.0.1
20260708	22:55:10	e9a9bdc3-27de-4157-a19d-f10ff2dabc68	GET	/application	http://localhost:3000	::ffff:172.18.0.1
20260708	22:55:10	5987a087-3ce8-4fc8-a03c-def148f0e227	OPTIONS	/profile	http://localhost:3000	::ffff:172.18.0.1
20260708	22:55:10	3ceb55df-3bc8-44e9-b43e-9114d9bbe982	GET	/profile	http://localhost:3000	::ffff:172.18.0.1
20260708	22:56:36	97e23af2-1bce-48f3-ba64-d2e9e0ab50f2	GET	/application/69fe64c6a481018f96603433	http://localhost:3000	::ffff:172.18.0.1
20260708	22:56:36	ae0202db-3af9-446e-b859-f7d42999d388	OPTIONS	/application/69fe64c6a481018f96603433	http://localhost:3000	::ffff:172.18.0.1
20260708	23:16:31	2709832b-98b2-4cd2-a766-b27cec35747a	GET	/application/69fe64c6a481018f96603433	http://localhost:3000	::ffff:172.18.0.1
20260708	23:16:34	7592878a-967f-4cb6-857a-7e15614f9f49	GET	/auth/refresh	http://localhost:3000	::ffff:172.18.0.1
20260708	23:16:35	d55e0897-9924-4084-8dc4-8c21342f046b	GET	/profile	http://localhost:3000	::ffff:172.18.0.1
20260708	23:16:41	8394e8c0-ca6a-445a-980e-20a98ff9faa1	GET	/auth/refresh	http://localhost:3000	::ffff:172.18.0.1
20260708	23:16:35	0f70e78d-7afa-4a7b-b662-d30403ebf587	OPTIONS	/application/69fe64c6a481018f96603433	http://localhost:3000	::ffff:172.18.0.1
20260708	23:16:35	2eb74e38-185b-4601-98a5-0b4602b49f32	GET	/application/69fe64c6a481018f96603433	http://localhost:3000	::ffff:172.18.0.1
20260708	23:16:35	420a1331-e696-4798-b838-4d28eec7ce72	OPTIONS	/profile	http://localhost:3000	::ffff:172.18.0.1
20260708	23:16:35	9492c573-6e7a-4c84-960f-52fc0df4f412	GET	/profile	http://localhost:3000	::ffff:172.18.0.1
20260708	23:21:34	c362428a-f1b4-46e3-a9aa-71eb4609c0fa	GET	/application/69fe64c6a481018f96603433	http://localhost:3000	::ffff:172.18.0.1
20260708	23:21:34	93e2308c-95f8-483d-a8f4-e24ec9d65561	GET	/auth/refresh	http://localhost:3000	::ffff:172.18.0.1
20260708	23:21:34	6979bd04-3bee-4f74-8a19-6c0de093bf0f	GET	/profile	http://localhost:3000	::ffff:172.18.0.1
20260708	23:21:34	f22105ae-68dd-4472-b77d-987b6afb5a80	GET	/auth/refresh	http://localhost:3000	::ffff:172.18.0.1
20260708	23:21:34	0768eb31-55da-4689-abbb-f0561118fb21	OPTIONS	/profile	http://localhost:3000	::ffff:172.18.0.1
20260708	23:21:34	38be0e78-f8cb-4f96-b266-289c4b201d06	GET	/application/69fe64c6a481018f96603433	http://localhost:3000	::ffff:172.18.0.1
20260708	23:21:34	4d4da149-1048-4e66-9833-2634861eda1f	OPTIONS	/application/69fe64c6a481018f96603433	http://localhost:3000	::ffff:172.18.0.1
20260708	23:21:34	f02dbcb0-e3ed-40f6-b470-b3fecb173e6f	GET	/profile	http://localhost:3000	::ffff:172.18.0.1
20260708	23:22:05	fb42b0b1-57af-4e58-987d-81e7f0c6af1e	POST	/application/rescind/69fe64c6a481018f96603433	http://localhost:3000	::ffff:172.18.0.1
20260708	23:22:05	8193166c-d686-419a-a89c-28b0e9f9964f	OPTIONS	/application/rescind/69fe64c6a481018f96603433	http://localhost:3000	::ffff:172.18.0.1
20260708	23:22:08	d8adafcf-d76e-4af7-b26c-7563e156cdef	GET	/application/69fe64c6a481018f96603433	http://localhost:3000	::ffff:172.18.0.1
20260708	23:22:08	44c5f89b-da94-4ca8-8fa3-976f097397c4	OPTIONS	/application/69fe64c6a481018f96603433	http://localhost:3000	::ffff:172.18.0.1
20260708	23:22:24	38774d25-241b-4395-980b-ea59a7542ce5	OPTIONS	/application	http://localhost:3000	::ffff:172.18.0.1
20260708	23:22:19	2fe8d673-76c8-48f1-b465-c39948c02bed	GET	/application	http://localhost:3000	::ffff:172.18.0.1
20260708	23:24:54	a5450114-bcfc-4c35-a51e-9f7ebde3f429	OPTIONS	/application/6a4e72ea0bdd1032b18137ed	http://localhost:3000	::ffff:172.18.0.1
20260708	23:24:54	b01130f9-4091-4d7d-9073-b98e5340b15d	GET	/application/6a4e72ea0bdd1032b18137ed	http://localhost:3000	::ffff:172.18.0.1
20260716	19:43:44	edd85cd8-88fa-4bfe-9efa-4b74ce3f1eae	OPTIONS	/auth	http://localhost:3000	::ffff:172.18.0.1
20260716	19:43:44	04726827-09df-452a-9797-394f7b9bde15	POST	/auth	http://localhost:3000	::ffff:172.18.0.1
20260716	19:44:03	c4b32326-d35d-415f-bb1c-5c5902f3f348	OPTIONS	/profile	http://localhost:3000	::ffff:172.18.0.1
20260716	19:44:03	b54b27fb-e797-4382-a8a6-9623e35314e6	GET	/auth/refresh	http://localhost:3000	::ffff:172.18.0.1
20260716	19:44:03	d0d2c061-b9ce-4ca6-87c2-4d66afb6b452	OPTIONS	/auth/refresh	http://localhost:3000	::ffff:172.18.0.1
20260716	19:44:03	3fcabfa6-55f7-47bb-befd-b46064116faf	OPTIONS	/application	http://localhost:3000	::ffff:172.18.0.1
20260716	19:44:03	2436774f-2ae8-4dcc-91b7-773578df1584	GET	/application	http://localhost:3000	::ffff:172.18.0.1
20260716	19:44:04	4de5c54b-2aec-4bea-b659-49e7aff55860	GET	/profile	http://localhost:3000	::ffff:172.18.0.1
20260716	19:52:06	7bb5382b-c654-405a-ab50-335303a0d7ac	GET	/profile	http://localhost:3000	::ffff:172.18.0.1
20260716	19:52:06	376fdc29-7057-4728-bfb5-cb0071436ace	GET	/auth/refresh	http://localhost:3000	::ffff:172.18.0.1
20260716	19:52:06	4a767ed8-680d-4add-b5bf-c6a372aa32c2	GET	/auth/refresh	http://localhost:3000	::ffff:172.18.0.1
20260716	19:52:06	48748092-84d9-4f3a-9ff7-95dac3b0e68f	OPTIONS	/profile	http://localhost:3000	::ffff:172.18.0.1
20260716	19:52:06	8ea8c2d6-9993-4c4f-8cdf-ae8958361962	GET	/profile	http://localhost:3000	::ffff:172.18.0.1
20260716	20:33:27	b3dba1bf-3d8f-4ac7-a0db-a1ddd12056d0	GET	/auth/refresh	http://localhost:3000	::ffff:172.18.0.1
20260716	20:33:27	355ea9d9-bc3d-4de8-b037-893433bccd6b	GET	/profile	http://localhost:3000	::ffff:172.18.0.1
20260716	20:33:28	a49f2344-38d5-4941-a9eb-a0aa84c3a82b	OPTIONS	/profile	http://localhost:3000	::ffff:172.18.0.1
20260716	20:33:28	6db3637c-1d76-4205-acb6-491a54f58f89	GET	/profile	http://localhost:3000	::ffff:172.18.0.1
20260716	23:06:00	5f7c32cf-3ed6-4bb9-abc1-22d0217d4131	GET	/profile	http://localhost:3000	::ffff:172.18.0.1
20260716	23:06:00	21d78bb0-ab97-4aff-ac99-c8a702742e24	GET	/auth/refresh	http://localhost:3000	::ffff:172.18.0.1
20260716	23:06:02	f2f71c6e-4aef-4ef6-afe7-25ace1e4faa0	GET	/profile	http://localhost:3000	::ffff:172.18.0.1
20260716	23:06:02	97e04861-d315-4c99-93ff-5f8aeea92845	OPTIONS	/profile	http://localhost:3000	::ffff:172.18.0.1
20260716	23:24:43	4bae51b8-8b19-44e9-8918-f2fc2400bfe8	GET	/auth/refresh	http://localhost:3000	::ffff:172.18.0.1
20260716	23:24:43	0daf1413-8d98-489d-836f-405cf5838af9	GET	/profile	http://localhost:3000	::ffff:172.18.0.1
20260716	23:24:44	dc4c7d46-8980-49cf-bf88-5dd540a745b8	GET	/profile	http://localhost:3000	::ffff:172.18.0.1
20260716	23:24:44	ae0f3d04-4829-4434-8cf4-463593f57fc9	OPTIONS	/profile	http://localhost:3000	::ffff:172.18.0.1
20260716	23:40:38	38e876ca-75d5-4164-8a19-ef739f1bd6fd	GET	/profile	http://localhost:3000	::ffff:172.18.0.1
20260716	23:40:38	65b558e0-4d08-4962-8f60-1c8ee878ac39	GET	/auth/refresh	http://localhost:3000	::ffff:172.18.0.1
20260716	23:40:39	e8718361-183a-4868-8f2c-f7c9b326a230	OPTIONS	/profile	http://localhost:3000	::ffff:172.18.0.1
20260716	23:40:39	4d9bfcab-ca7d-4dab-a122-62c81e9b971a	GET	/profile	http://localhost:3000	::ffff:172.18.0.1
20260717	00:41:37	3a0bc134-44d9-499a-844d-bf7aedd923bc	GET	/profile	http://localhost:3000	::ffff:172.18.0.1
20260717	00:41:37	401831f5-d2ad-4af9-8882-e4f40bdcdf5a	GET	/auth/refresh	http://localhost:3000	::ffff:172.18.0.1
20260717	00:41:38	6c3c1685-b663-45c9-bcf9-7ecf37e7df16	GET	/profile	http://localhost:3000	::ffff:172.18.0.1
20260717	00:41:38	3b416b2f-4e1e-4bf4-83fb-933ee3952898	OPTIONS	/profile	http://localhost:3000	::ffff:172.18.0.1
20260717	01:23:42	18f1752c-403f-49d8-8f7c-f1b6b7f10f71	OPTIONS	/profile	http://localhost:3000	::ffff:172.18.0.1
20260717	01:23:42	ab42ef24-614c-4ec7-a2c0-71978bd30938	GET	/auth/refresh	http://localhost:3000	::ffff:172.18.0.1
20260717	01:23:42	764e858e-d73c-4290-811c-24f25c73f9b0	OPTIONS	/auth/refresh	http://localhost:3000	::ffff:172.18.0.1
20260717	01:23:42	bf2f29b0-048f-47e0-b29b-0c60894fb770	GET	/profile	http://localhost:3000	::ffff:172.18.0.1
20260717	01:48:50	e9335d78-f969-4b1b-a862-f935b765390f	OPTIONS	/auth/refresh	http://localhost:3000	::ffff:172.18.0.1
20260717	01:48:50	254ed80a-62a7-4ced-8874-a648da802c93	OPTIONS	/profile	http://localhost:3000	::ffff:172.18.0.1
20260717	01:48:50	869afc6e-c187-4852-b104-81748229f20e	GET	/auth/refresh	http://localhost:3000	::ffff:172.18.0.1
20260717	01:48:50	b924ea55-13d7-4f68-bef3-b55c78e5c068	GET	/profile	http://localhost:3000	::ffff:172.18.0.1
20260717	01:56:46	3c1a0705-1448-4ebd-9ffd-54fc00402693	OPTIONS	/auth/refresh	http://localhost:3000	::ffff:172.18.0.1
20260717	01:56:46	cf76dde5-2da2-4dcf-9ccb-dbc5f32cef21	OPTIONS	/profile	http://localhost:3000	::ffff:172.18.0.1
20260717	01:56:46	4a53212a-82ff-4ace-8afc-f00337925fff	GET	/auth/refresh	http://localhost:3000	::ffff:172.18.0.1
20260717	01:56:46	90e14744-99e5-44ed-bc7c-1fd5f29ee014	GET	/profile	http://localhost:3000	::ffff:172.18.0.1
20260717	02:02:58	f786ab0c-a3ac-4743-baf7-40443d4f4c2f	GET	/application	http://localhost:3000	::ffff:172.18.0.1
20260717	02:02:58	80f53d0c-f260-4a39-8432-9996b34b20ed	GET	/auth/refresh	http://localhost:3000	::ffff:172.18.0.1
20260717	02:02:58	46e8c87f-2d68-42ff-84f8-4a716eeff401	GET	/profile	http://localhost:3000	::ffff:172.18.0.1
20260717	02:02:59	40fc35ec-d191-4e54-bc87-85680de2aa06	GET	/auth/refresh	http://localhost:3000	::ffff:172.18.0.1
20260717	02:03:01	12ba6462-13b0-411f-a7cb-e2260464f106	OPTIONS	/application	http://localhost:3000	::ffff:172.18.0.1
20260717	02:03:01	5941622e-215c-4670-be0f-c8f6188bebf4	GET	/application	http://localhost:3000	::ffff:172.18.0.1
20260717	02:03:02	8e22c231-c2d2-42f3-be4f-cf242eeefdbe	OPTIONS	/profile	http://localhost:3000	::ffff:172.18.0.1
20260717	02:03:02	f04085e2-1bba-4e02-a64d-099b7e0c85dc	GET	/profile	http://localhost:3000	::ffff:172.18.0.1
20260717	02:09:24	85736652-38ac-4e77-917c-2accf49d2152	GET	/application	http://localhost:3000	::ffff:172.18.0.1
20260717	02:09:24	b25387dd-cf86-4ccc-85ab-86b27f035a7a	GET	/profile	http://localhost:3000	::ffff:172.18.0.1
20260717	02:09:24	26d87e4d-a9f0-438e-bb6a-9452cf73e98e	GET	/auth/refresh	http://localhost:3000	::ffff:172.18.0.1
20260717	02:09:24	0c9b167e-1e62-4cd9-baac-57c77b71b4ee	GET	/auth/refresh	http://localhost:3000	::ffff:172.18.0.1
20260717	02:09:25	a551b39e-0ec0-494a-bf7e-395a130d6036	OPTIONS	/application	http://localhost:3000	::ffff:172.18.0.1
20260717	02:09:25	1c9001b2-5dcb-437a-bb2a-a9557b2141b9	OPTIONS	/profile	http://localhost:3000	::ffff:172.18.0.1
20260717	02:09:25	1bb95c7d-49dc-4df4-b7a1-2c99d93aedb4	GET	/application	http://localhost:3000	::ffff:172.18.0.1
20260717	02:09:25	5b17a85f-07e7-4f9c-87e0-3d18a2f8c94a	GET	/profile	http://localhost:3000	::ffff:172.18.0.1
20260717	02:17:14	865ecea1-2741-4389-8e2e-078c2198c375	GET	/application	http://localhost:3000	::ffff:172.18.0.1
20260717	02:17:14	da144846-5893-463e-b013-b2e7d29f400a	GET	/auth/refresh	http://localhost:3000	::ffff:172.18.0.1
20260717	02:17:15	ab0a3760-c0bc-445d-a27c-fb137429bbac	GET	/profile	http://localhost:3000	::ffff:172.18.0.1
20260717	02:17:15	277ac52f-0d95-4684-86c3-09dc5b76bded	GET	/auth/refresh	http://localhost:3000	::ffff:172.18.0.1
20260717	02:17:15	b51421f5-7d31-4016-b47d-d2011b8ca445	OPTIONS	/profile	http://localhost:3000	::ffff:172.18.0.1
20260717	02:17:15	072cc10a-7ec3-4b8e-b333-0e1cf62fa2ba	OPTIONS	/application	http://localhost:3000	::ffff:172.18.0.1
20260717	02:17:15	5f955f75-df92-421d-b6fe-6fa31f4249a4	GET	/application	http://localhost:3000	::ffff:172.18.0.1
20260717	02:17:15	1642f095-282e-4ce0-9711-72e7961a6a6b	GET	/profile	http://localhost:3000	::ffff:172.18.0.1
20260717	02:18:27	7deb32ce-3ccd-4fb4-8d1c-2b73b3c901a7	GET	/auth/refresh	http://localhost:3000	::ffff:172.18.0.1
20260717	02:18:27	a01c10c4-694e-4fef-986e-98b4555b7c9d	GET	/profile	http://localhost:3000	::ffff:172.18.0.1
20260717	02:18:27	0a8423f2-6598-4035-b20b-3aa09c7d1898	GET	/application	http://localhost:3000	::ffff:172.18.0.1
20260717	02:18:27	97c808c4-25b7-435a-9523-62d8b527c7ed	GET	/auth/refresh	http://localhost:3000	::ffff:172.18.0.1
20260717	02:18:27	9932595d-666d-4413-ad9e-7ae8fbe2fcbe	OPTIONS	/application	http://localhost:3000	::ffff:172.18.0.1
20260717	02:18:27	847f0977-02c0-4417-818c-00734769276d	OPTIONS	/profile	http://localhost:3000	::ffff:172.18.0.1
20260717	02:18:27	3ee5dd23-dc15-410e-a680-c47f2c1a0fb4	GET	/application	http://localhost:3000	::ffff:172.18.0.1
20260717	02:18:27	25d91aa1-de6a-4857-90cd-afe593fbb1fd	GET	/profile	http://localhost:3000	::ffff:172.18.0.1
20260717	02:19:42	21fa0e9f-1f6f-4f7a-a74c-7f8f095ce772	OPTIONS	/profile	http://localhost:3000	::ffff:172.18.0.1
20260717	02:19:42	f10fdeba-4f10-4b47-9424-7d5edb72f281	POST	/profile	http://localhost:3000	::ffff:172.18.0.1
20260717	02:25:21	3e35b4cc-0e93-45d6-95bc-8c028af3e988	OPTIONS	/profile	http://localhost:3000	::ffff:172.18.0.1
20260717	02:25:21	1b2da15e-9dc7-4612-8985-a5b59b5b2e1e	POST	/profile	http://localhost:3000	::ffff:172.18.0.1
20260717	02:29:43	99622d9f-640d-4138-aba0-d644203baecf	OPTIONS	/profile	http://localhost:3000	::ffff:172.18.0.1
20260717	02:29:43	29973919-2072-430f-8be4-4c9e3ef46bbd	OPTIONS	/auth/refresh	http://localhost:3000	::ffff:172.18.0.1
20260717	02:29:43	978a99e6-39ab-482c-b135-f7c82be1411b	GET	/profile	http://localhost:3000	::ffff:172.18.0.1
20260717	02:29:43	349e58fe-2192-40c2-a416-d5030cd8b7f0	GET	/auth/refresh	http://localhost:3000	::ffff:172.18.0.1
20260717	02:36:35	8918e74e-ade5-4f10-8b7c-36040936b2a4	OPTIONS	/auth/refresh	http://localhost:3000	::ffff:172.18.0.1
20260717	02:36:35	4324d15a-655a-45fd-8657-0d76a0f793fc	OPTIONS	/profile/user	http://localhost:3000	::ffff:172.18.0.1
20260717	02:36:35	e524a188-5ea3-414e-92c6-5acf35cd317a	GET	/auth/refresh	http://localhost:3000	::ffff:172.18.0.1
20260717	02:36:35	6de3d24e-6149-49a8-b634-c7b50997141b	GET	/profile/user	http://localhost:3000	::ffff:172.18.0.1
20260717	02:42:20	a46ce2a9-4a6c-48d9-9bf5-cfaeced1b62e	OPTIONS	/auth/refresh	http://localhost:3000	::ffff:172.18.0.1
20260717	02:42:20	d221ee59-71b9-4a9c-9acd-5069227f6f91	GET	/auth/refresh	http://localhost:3000	::ffff:172.18.0.1
20260717	02:42:21	4f949a65-b12e-4aae-a2e1-56e5c89988c9	GET	/profile/user	http://localhost:3000	::ffff:172.18.0.1
20260717	02:42:21	812679a4-33d9-40f4-a068-e2e2cb757b19	OPTIONS	/profile/user	http://localhost:3000	::ffff:172.18.0.1
20260717	09:13:06	8de17102-82dd-431b-aba3-c6e3cb03acdb	GET	/auth/refresh	http://localhost:3000	::ffff:172.18.0.1
20260717	10:50:58	49a8caa5-6e96-455a-89e8-7ac451786c4f	OPTIONS	/profile/contact?id=6a5992913f256c8a29f21642	http://localhost:3000	::ffff:172.18.0.1
20260717	10:50:58	06df091e-ec80-4541-8d63-50f5fd7a6d05	PATCH	/profile/contact?id=6a5992913f256c8a29f21642	http://localhost:3000	::ffff:172.18.0.1
20260717	10:52:44	21ae571f-3975-47cc-967a-22d49cd32d6b	OPTIONS	/profile/contact?id=6a5992913f256c8a29f21642	http://localhost:3000	::ffff:172.18.0.1
20260717	10:52:44	ced5714f-d7d0-4c15-a7b1-cbceebcee707	PATCH	/profile/contact?id=6a5992913f256c8a29f21642	http://localhost:3000	::ffff:172.18.0.1
20260717	10:54:38	7807b8c5-f567-4551-9951-a05b810ea86d	OPTIONS	/auth/refresh	http://localhost:3000	::ffff:172.18.0.1
20260717	10:54:38	8d8a96bd-2654-4caf-808a-8ec3239d8e83	GET	/auth/refresh	http://localhost:3000	::ffff:172.18.0.1
20260717	11:02:27	6072d69b-e139-491a-9fd6-bdd617149090	OPTIONS	/profile/contact/6a5992913f256c8a29f21642	http://localhost:3000	::ffff:172.18.0.1
20260717	11:02:27	ac598343-9684-4e97-ad53-193f0a07799d	PATCH	/profile/contact/6a5992913f256c8a29f21642	http://localhost:3000	::ffff:172.18.0.1
20260717	11:24:23	6c58d165-cdcf-44d3-accc-3ca410f786d6	GET	/auth/refresh	http://localhost:3000	::ffff:172.18.0.1
20260717	12:01:48	94cdb270-4d05-4637-99bc-50a3a5893fbe	OPTIONS	/auth/refresh	http://localhost:3000	::ffff:172.18.0.1
20260717	12:01:48	052161f3-7e73-4e3e-947d-c845b0474ba9	GET	/auth/refresh	http://localhost:3000	::ffff:172.18.0.1
20260717	12:43:19	fa6b7922-13e6-4c24-9505-eed2b855b5c7	GET	/auth/refresh	http://localhost:3000	::ffff:172.18.0.1
20260717	23:00:51	ba789f9f-4636-4e12-8820-a3e070e83475	GET	/auth/refresh	http://localhost:3000	::ffff:172.18.0.1
20260717	23:01:17	1b0c4e11-9bae-4582-9eff-37887e8fd076	OPTIONS	/auth	http://localhost:3000	::ffff:172.18.0.1
20260717	23:01:17	1aa2eef7-3cda-435f-a09f-9f956e39ab1b	POST	/auth	http://localhost:3000	::ffff:172.18.0.1
20260717	23:01:38	abfe45af-9a57-4cbf-b6cd-35addbd27181	OPTIONS	/auth/refresh	http://localhost:3000	::ffff:172.18.0.1
20260717	23:01:38	35bdcf8d-a460-40ed-af8d-ccb4260eded1	GET	/application	http://localhost:3000	::ffff:172.18.0.1
20260717	23:01:38	d1b39da5-f25b-479b-9298-2ecb06c9ba64	OPTIONS	/application	http://localhost:3000	::ffff:172.18.0.1
20260717	23:01:38	91617ae8-758c-4524-8385-8d5f210c315d	GET	/auth/refresh	http://localhost:3000	::ffff:172.18.0.1
20260717	23:02:02	796788e6-97c7-4c86-9a20-067f61a7988e	GET	/auth/refresh	http://localhost:3000	::ffff:172.18.0.1
20260717	23:23:38	7a3263c0-a4e0-408b-8b03-74ed21798d6e	OPTIONS	/profile/6a5992913f256c8a29f21642	http://localhost:3000	::ffff:172.18.0.1
20260717	23:23:38	0c2dbd62-5606-43ce-b917-e2d5d081ee39	OPTIONS	/auth/refresh	http://localhost:3000	::ffff:172.18.0.1
20260717	23:23:39	66d3a375-e284-46ae-8590-cb512f0c79e8	GET	/profile/6a5992913f256c8a29f21642	http://localhost:3000	::ffff:172.18.0.1
20260717	23:23:39	75db641a-7746-47ed-a58f-34e38e5d6bcb	GET	/auth/refresh	http://localhost:3000	::ffff:172.18.0.1
20260717	23:25:33	e3143c75-c0bf-4850-b5e8-8dceb0508c6d	GET	/auth/refresh	http://localhost:3000	::ffff:172.18.0.1
20260717	23:25:36	01be7210-2e15-4d44-9dd1-69e9a9007b40	OPTIONS	/profile/6a5992913f256c8a29f21642	http://localhost:3000	::ffff:172.18.0.1
20260717	23:25:36	ffcdeac1-b62e-44b8-90d4-a968a23344b8	GET	/profile/6a5992913f256c8a29f21642	http://localhost:3000	::ffff:172.18.0.1
20260717	23:27:31	22ca614a-73ac-4a02-b43f-93dbb5d3099a	GET	/profile/6a5992913f256c8a29f21642	http://localhost:3000	::ffff:172.18.0.1
20260717	23:27:31	a4146e00-0623-4a29-a996-ad018c6622cf	GET	/auth/refresh	http://localhost:3000	::ffff:172.18.0.1
20260717	23:27:31	7cf4dd01-2ccd-4997-b1bc-03d334af383e	GET	/auth/refresh	http://localhost:3000	::ffff:172.18.0.1
20260717	23:27:31	ce7086d1-9605-4f5f-9135-726b1fa91656	OPTIONS	/profile/6a5992913f256c8a29f21642	http://localhost:3000	::ffff:172.18.0.1
20260717	23:27:32	9cb1dfb2-7f7d-4831-ba73-61ce99cfaf78	GET	/profile/6a5992913f256c8a29f21642	http://localhost:3000	::ffff:172.18.0.1
20260717	23:33:23	fcd1df46-7c8c-4282-9ad1-7b82977dcc05	OPTIONS	/profile/contact/6a5992913f256c8a29f21642	http://localhost:3000	::ffff:172.18.0.1
20260717	23:33:23	2d055053-5a82-4130-a12f-898282488495	PATCH	/profile/contact/6a5992913f256c8a29f21642	http://localhost:3000	::ffff:172.18.0.1
20260717	23:34:59	78ceb914-8a06-4c04-b23b-e94f0f4072d4	GET	/auth/refresh	http://localhost:3000	::ffff:172.18.0.1
20260717	23:34:59	1e631739-76c8-465d-bd17-d04c242aa59d	GET	/profile/6a5992913f256c8a29f21642	http://localhost:3000	::ffff:172.18.0.1
20260717	23:34:59	f560f8bf-e7e9-4947-82f0-85df86b3e126	GET	/auth/refresh	http://localhost:3000	::ffff:172.18.0.1
20260717	23:34:59	13ee4538-e790-4efc-8c65-910ecb633cc1	OPTIONS	/profile/6a5992913f256c8a29f21642	http://localhost:3000	::ffff:172.18.0.1
20260717	23:34:59	06dc5f4c-6a6d-4162-89a4-c83d3b6dcaea	GET	/profile/6a5992913f256c8a29f21642	http://localhost:3000	::ffff:172.18.0.1
20260717	23:35:04	a0d6c5fe-8e3a-4d78-8f7f-9946fdc62303	OPTIONS	/profile/contact/6a5992913f256c8a29f21642	http://localhost:3000	::ffff:172.18.0.1
20260717	23:35:04	1e28e42c-4caf-4b9c-a34a-f6abe2c336de	PATCH	/profile/contact/6a5992913f256c8a29f21642	http://localhost:3000	::ffff:172.18.0.1
20260717	23:36:31	fd21568e-dd11-48f8-be21-c38c4cec12a5	GET	/auth/refresh	http://localhost:3000	::ffff:172.18.0.1
20260717	23:36:32	1c994629-03b4-4094-ba52-e240bfe944fa	GET	/profile/6a5992913f256c8a29f21642	http://localhost:3000	::ffff:172.18.0.1
20260717	23:36:32	938ea929-0702-468e-9b17-528b70f5a97f	OPTIONS	/profile/6a5992913f256c8a29f21642	http://localhost:3000	::ffff:172.18.0.1
20260717	23:37:54	696fb07c-60d4-46c1-a3ab-b70dff42ba56	PATCH	/profile/contact/6a5992913f256c8a29f21642	http://localhost:3000	::ffff:172.18.0.1
20260717	23:37:54	9c621b2a-f545-42b5-b5c2-50cdbfd33362	OPTIONS	/profile/contact/6a5992913f256c8a29f21642	http://localhost:3000	::ffff:172.18.0.1
20260717	23:40:16	cafb63de-a0c8-4b12-8151-7016ad698642	OPTIONS	/auth/refresh	http://localhost:3000	::ffff:172.18.0.1
20260717	23:40:16	d2421a3a-9c3b-4a0f-981c-35cbc082c623	OPTIONS	/profile/6a5992913f256c8a29f21642	http://localhost:3000	::ffff:172.18.0.1
20260717	23:40:16	34c54106-8c82-4584-ab9a-3c2ef10bffab	GET	/auth/refresh	http://localhost:3000	::ffff:172.18.0.1
20260717	23:40:16	517da0e1-2dde-483a-bbb5-71b8aaa46174	GET	/profile/6a5992913f256c8a29f21642	http://localhost:3000	::ffff:172.18.0.1
20260717	23:44:28	37c66a6b-b885-4c49-875c-32d7b84f22e7	GET	/auth/refresh	http://localhost:3000	::ffff:172.18.0.1
20260717	23:44:29	f669da57-f46d-45f0-9217-77a6569dbc8c	GET	/profile/6a5992913f256c8a29f21642	http://localhost:3000	::ffff:172.18.0.1
20260717	23:44:30	af483f19-7b97-4c40-86b5-26fb8ae21a99	GET	/auth/refresh	http://localhost:3000	::ffff:172.18.0.1
20260717	23:44:30	1e87308a-43ab-463f-a8ff-0631ea335b42	OPTIONS	/auth/refresh	http://localhost:3000	::ffff:172.18.0.1
20260717	23:44:32	e4ccfe6a-071e-49ac-81fd-44d70f4f3e0a	GET	/profile/6a5992913f256c8a29f21642	http://localhost:3000	::ffff:172.18.0.1
20260717	23:44:32	510bfca1-cd74-4864-be3d-431a4e1d46d1	OPTIONS	/profile/6a5992913f256c8a29f21642	http://localhost:3000	::ffff:172.18.0.1
20260717	23:45:41	2dd035bd-0521-4409-97a1-be1ffa6e91e4	GET	/profile/6a5992913f256c8a29f21642	http://localhost:3000	::ffff:172.18.0.1
20260717	23:45:41	3b01dbeb-f340-4fdb-ab89-f7172194315a	OPTIONS	/profile/6a5992913f256c8a29f21642	http://localhost:3000	::ffff:172.18.0.1
20260717	23:49:18	3a947766-d9ac-4b1a-bab1-c094bbeb4d32	GET	/auth/refresh	http://localhost:3000	::ffff:172.18.0.1
20260717	23:49:18	2a1aad25-7d9d-480c-b955-e16ba0caa7dd	GET	/profile/6a5992913f256c8a29f21642	http://localhost:3000	::ffff:172.18.0.1
20260717	23:49:18	0c318c64-8ca2-44ee-9779-f92a185b607e	GET	/auth/refresh	http://localhost:3000	::ffff:172.18.0.1
20260717	23:49:18	c6ee615f-7055-4b98-ace5-12ad9f4e00f6	OPTIONS	/profile/6a5992913f256c8a29f21642	http://localhost:3000	::ffff:172.18.0.1
20260717	23:49:18	5c67b51a-2eca-4f32-9978-514b39262bdd	GET	/profile/6a5992913f256c8a29f21642	http://localhost:3000	::ffff:172.18.0.1
20260717	23:50:24	4e151472-e94d-4cdf-8594-1ecc8d979958	OPTIONS	/profile/contact/6a5992913f256c8a29f21642	http://localhost:3000	::ffff:172.18.0.1
20260717	23:50:24	d631e110-8926-4661-9f46-66d17a55a20a	PATCH	/profile/contact/6a5992913f256c8a29f21642	http://localhost:3000	::ffff:172.18.0.1
20260717	23:51:15	a46bc3ff-54fb-4382-b2c4-956a1362696c	GET	/auth/refresh	http://localhost:3000	::ffff:172.18.0.1
20260717	23:51:15	626b500d-9121-4352-ae58-bc22730a4e1f	GET	/profile/6a5992913f256c8a29f21642	http://localhost:3000	::ffff:172.18.0.1
20260717	23:51:15	2da3546b-1942-4abd-9d05-dadd25a4ea2d	GET	/auth/refresh	http://localhost:3000	::ffff:172.18.0.1
20260717	23:51:15	f668bff0-ffe8-4afd-bc8b-7898ee3deca2	OPTIONS	/profile/6a5992913f256c8a29f21642	http://localhost:3000	::ffff:172.18.0.1
20260717	23:51:15	d93e48ed-eeb3-43f5-8263-13bd25e84383	GET	/profile/6a5992913f256c8a29f21642	http://localhost:3000	::ffff:172.18.0.1
20260717	23:51:21	6816d86f-edcc-4ebf-8b1c-e4b710d4d465	OPTIONS	/profile/contact/6a5992913f256c8a29f21642	http://localhost:3000	::ffff:172.18.0.1
20260717	23:51:21	692202a6-deba-4049-b888-b38c1398309f	PATCH	/profile/contact/6a5992913f256c8a29f21642	http://localhost:3000	::ffff:172.18.0.1
20260718	00:00:42	dce7da85-0dc0-47ba-8fed-ba5f1b60cf10	GET	/profile/6a5992913f256c8a29f21642	http://localhost:3000	::ffff:172.18.0.1
20260718	00:00:42	90d08acd-fd77-40da-b6c1-f10168e96904	GET	/auth/refresh	http://localhost:3000	::ffff:172.18.0.1
20260718	00:00:42	0ff4f6d8-28c0-4f10-861a-19be6d8aaa9f	GET	/auth/refresh	http://localhost:3000	::ffff:172.18.0.1
20260718	00:00:43	63584b8c-818e-4e3d-aad2-3be15b767a0f	GET	/profile/6a5992913f256c8a29f21642	http://localhost:3000	::ffff:172.18.0.1
20260718	00:00:43	3a7b4a0a-5694-48d2-8463-cf838f3a2593	OPTIONS	/profile/6a5992913f256c8a29f21642	http://localhost:3000	::ffff:172.18.0.1
20260718	00:00:51	3c13f62c-ebd1-484a-8262-bcdce254cdfb	OPTIONS	/profile/contact/6a5992913f256c8a29f21642	http://localhost:3000	::ffff:172.18.0.1
20260718	00:00:51	e277c91e-3191-40a8-a22c-26b3c7a73cad	PATCH	/profile/contact/6a5992913f256c8a29f21642	http://localhost:3000	::ffff:172.18.0.1
20260718	00:18:06	6cd2190a-4103-44ef-bdf8-78a92028cf70	OPTIONS	/profile/contact/6a5992913f256c8a29f21642	http://localhost:3000	::ffff:172.18.0.1
20260718	00:18:06	619a7942-f605-4b57-a2b5-417e131afe91	PATCH	/profile/contact/6a5992913f256c8a29f21642	http://localhost:3000	::ffff:172.18.0.1
20260718	00:22:23	ed03aeee-e238-4205-8f80-0e445875420a	OPTIONS	/profile/contact/6a5992913f256c8a29f21642	http://localhost:3000	::ffff:172.18.0.1
20260718	00:22:23	19621485-b5c2-49c4-8929-a28de078035e	PATCH	/profile/contact/6a5992913f256c8a29f21642	http://localhost:3000	::ffff:172.18.0.1
20260718	00:25:16	b76f6b1b-9f69-41da-b326-157c77501b96	OPTIONS	/profile/contact/6a5992913f256c8a29f21642	http://localhost:3000	::ffff:172.18.0.1
20260718	00:25:17	2577e87d-c2dc-46c1-b56e-8f52744c61d4	PATCH	/profile/contact/6a5992913f256c8a29f21642	http://localhost:3000	::ffff:172.18.0.1
20260718	00:26:51	7b11c11d-ab78-4d00-a73c-e30a354d16fd	OPTIONS	/profile/contact/6a5992913f256c8a29f21642	http://localhost:3000	::ffff:172.18.0.1
20260718	00:26:51	8b011018-9ec7-4abe-8841-c6842d324533	PATCH	/profile/contact/6a5992913f256c8a29f21642	http://localhost:3000	::ffff:172.18.0.1
20260718	00:27:08	7f1c5ce0-170a-4507-98db-dabaeea544ff	OPTIONS	/profile/mailing/6a5992913f256c8a29f21642	http://localhost:3000	::ffff:172.18.0.1
20260718	00:27:08	4e31b3e9-0e30-4c02-af83-907ed0e7aed4	PATCH	/profile/mailing/6a5992913f256c8a29f21642	http://localhost:3000	::ffff:172.18.0.1
20260718	00:27:35	89ab8db4-f668-448a-a0ef-15e8ca6cc539	GET	/auth/refresh	http://localhost:3000	::ffff:172.18.0.1
20260718	00:27:35	f0f57434-0528-48bf-8f4f-f9d5182800e0	GET	/profile/6a5992913f256c8a29f21642	http://localhost:3000	::ffff:172.18.0.1
20260718	00:27:35	d8614892-26cc-448e-bc53-28a233c4c816	GET	/auth/refresh	http://localhost:3000	::ffff:172.18.0.1
20260718	00:27:36	3d4ab6bb-2f01-4b22-a529-6813b1145c33	OPTIONS	/profile/6a5992913f256c8a29f21642	http://localhost:3000	::ffff:172.18.0.1
20260718	00:27:36	30295a0a-4ca1-4880-a4d7-bcbf28e264a4	GET	/profile/6a5992913f256c8a29f21642	http://localhost:3000	::ffff:172.18.0.1
20260718	00:32:31	c74e196f-3a15-43c4-83c9-2eaa192c1b84	OPTIONS	/profile/mailing/6a5992913f256c8a29f21642	http://localhost:3000	::ffff:172.18.0.1
20260718	00:32:31	fafc19f4-ef0c-4035-b813-bee63aeffde0	PATCH	/profile/mailing/6a5992913f256c8a29f21642	http://localhost:3000	::ffff:172.18.0.1
20260718	00:33:05	2cec99c5-c297-48bd-998f-36cdccd1c60e	GET	/auth/refresh	http://localhost:3000	::ffff:172.18.0.1
20260718	00:33:05	2d05f5c7-5104-4198-9889-ebe611b8e262	GET	/profile/6a5992913f256c8a29f21642	http://localhost:3000	::ffff:172.18.0.1
20260718	00:33:06	1ccc482d-814c-410e-9863-9d32e8165269	OPTIONS	/auth/refresh	http://localhost:3000	::ffff:172.18.0.1
20260718	00:33:06	b80f16c9-684b-43e1-bafe-189c8e50c5ee	GET	/auth/refresh	http://localhost:3000	::ffff:172.18.0.1
20260718	00:33:06	f6c0986f-b90b-43fc-bb9e-244c1ee58d5b	OPTIONS	/profile/6a5992913f256c8a29f21642	http://localhost:3000	::ffff:172.18.0.1
20260718	00:33:06	9eb0fcbe-4322-44fa-83d9-8e45f503a6d9	GET	/profile/6a5992913f256c8a29f21642	http://localhost:3000	::ffff:172.18.0.1
20260718	00:33:32	77312d3f-7295-49e1-8cfc-6a210e94e882	OPTIONS	/profile/parent/6a5992913f256c8a29f21642	http://localhost:3000	::ffff:172.18.0.1
20260718	00:33:32	5e8b476e-d6f3-45b8-ab1f-eb43de34a5d7	PATCH	/profile/parent/6a5992913f256c8a29f21642	http://localhost:3000	::ffff:172.18.0.1
20260718	00:33:52	9afcff18-4d81-4940-babf-6d2c666f6615	GET	/auth/refresh	http://localhost:3000	::ffff:172.18.0.1
20260718	00:33:52	dd89ad2b-beb2-4bb4-bb4c-7b880142ad34	GET	/profile/6a5992913f256c8a29f21642	http://localhost:3000	::ffff:172.18.0.1
20260718	00:33:52	11538c44-7a20-4e30-9624-e960d95a6927	GET	/auth/refresh	http://localhost:3000	::ffff:172.18.0.1
20260718	00:33:52	78054b72-cd6c-42be-b588-9096b4bb1f6e	OPTIONS	/profile/6a5992913f256c8a29f21642	http://localhost:3000	::ffff:172.18.0.1
20260718	00:33:52	33831d63-2f12-42f7-b77a-dcde0dd2b704	GET	/profile/6a5992913f256c8a29f21642	http://localhost:3000	::ffff:172.18.0.1
20260718	00:41:46	d1f7066f-fec3-4de2-9a28-991a9682d359	OPTIONS	/profile/parent/6a5992913f256c8a29f21642	http://localhost:3000	::ffff:172.18.0.1
20260718	00:41:46	d72bfb6f-c738-4bc4-998a-d16567845225	PATCH	/profile/parent/6a5992913f256c8a29f21642	http://localhost:3000	::ffff:172.18.0.1
20260718	00:50:47	01e76aa3-3704-436c-ac3b-8cbc333d0cdb	OPTIONS	/auth/refresh	http://localhost:3000	::ffff:172.18.0.1
20260718	00:50:48	4ace2c16-13cb-4ca7-b3e5-278ed76461f8	OPTIONS	/profile/6a5992913f256c8a29f21642	http://localhost:3000	::ffff:172.18.0.1
20260718	00:50:48	425dfd72-e311-4046-859d-fa38c98115a8	GET	/auth/refresh	http://localhost:3000	::ffff:172.18.0.1
20260718	00:50:48	a136922a-6db5-411e-a92c-413b7a8b8102	GET	/profile/6a5992913f256c8a29f21642	http://localhost:3000	::ffff:172.18.0.1
20260718	00:51:16	58db213f-d55d-4050-a41e-fe461a2b0a76	GET	/auth/refresh	http://localhost:3000	::ffff:172.18.0.1
20260718	00:51:16	a1989661-9862-461b-87e4-aa5438d461bb	GET	/profile/6a5992913f256c8a29f21642	http://localhost:3000	::ffff:172.18.0.1
20260718	00:51:16	2dc6bc32-308d-477e-bf16-c95eb1304ce9	GET	/auth/refresh	http://localhost:3000	::ffff:172.18.0.1
20260718	00:51:16	ab877dcb-5051-4dc9-9b62-b7a8f636e792	OPTIONS	/profile/6a5992913f256c8a29f21642	http://localhost:3000	::ffff:172.18.0.1
20260718	00:51:16	2f85982b-e599-4445-ad86-00fb192d6c5e	GET	/profile/6a5992913f256c8a29f21642	http://localhost:3000	::ffff:172.18.0.1
20260718	00:53:23	72c97d99-221d-46f6-9912-83476ecea6e4	PATCH	/profile/academic/6a5992913f256c8a29f21642	http://localhost:3000	::ffff:172.18.0.1
20260718	00:53:23	5c140c4b-c5ba-4ac1-ac0f-8a5add5f599a	OPTIONS	/profile/academic/6a5992913f256c8a29f21642	http://localhost:3000	::ffff:172.18.0.1
20260718	00:54:29	e36f581b-671e-48e0-9b70-a4a5a2737be2	OPTIONS	/profile/academic/6a5992913f256c8a29f21642	http://localhost:3000	::ffff:172.18.0.1
20260718	00:54:29	4cdffd78-f9a3-4b60-bc64-0659fe29e931	PATCH	/profile/academic/6a5992913f256c8a29f21642	http://localhost:3000	::ffff:172.18.0.1
20260718	00:54:57	24087c12-b405-4f04-8adf-827bce42173d	GET	/profile/6a5992913f256c8a29f21642	http://localhost:3000	::ffff:172.18.0.1
20260718	00:54:57	262c6cc0-f6ad-42b9-baae-b4d9860b36da	GET	/auth/refresh	http://localhost:3000	::ffff:172.18.0.1
20260718	00:54:58	3e480d06-5e46-439a-a9b5-69127903fa50	GET	/auth/refresh	http://localhost:3000	::ffff:172.18.0.1
20260718	00:54:58	9c9ec874-0207-44bf-845d-ba9227d008bd	OPTIONS	/profile/6a5992913f256c8a29f21642	http://localhost:3000	::ffff:172.18.0.1
20260718	00:54:58	69123f4b-c622-4774-bd83-f54f4cce8c58	GET	/profile/6a5992913f256c8a29f21642	http://localhost:3000	::ffff:172.18.0.1
20260718	01:04:33	897dac50-818d-4e6b-b408-dcbc2a106437	OPTIONS	/profile/citizenship/6a5992913f256c8a29f21642	http://localhost:3000	::ffff:172.18.0.1
20260718	01:04:33	c733dfbc-7150-4d24-b487-824369e856c8	PATCH	/profile/citizenship/6a5992913f256c8a29f21642	http://localhost:3000	::ffff:172.18.0.1
20260718	01:05:01	fd5abf9e-6a0a-4015-8c18-bdc87c61352b	GET	/auth/refresh	http://localhost:3000	::ffff:172.18.0.1
20260718	01:05:01	a5ce0a9f-d81d-40c2-a8a7-21370da8eb88	GET	/profile/6a5992913f256c8a29f21642	http://localhost:3000	::ffff:172.18.0.1
20260718	01:05:01	bc4ca34e-ef9d-4e0c-a1b9-05d56fd58bcf	OPTIONS	/auth/refresh	http://localhost:3000	::ffff:172.18.0.1
20260718	01:05:01	4bd1cda5-1a64-4dad-9682-d6c3b3613fd2	GET	/auth/refresh	http://localhost:3000	::ffff:172.18.0.1
20260718	01:05:01	215d5d56-b62d-4780-b4c9-36534ddfb6b9	OPTIONS	/profile/6a5992913f256c8a29f21642	http://localhost:3000	::ffff:172.18.0.1
20260718	01:05:01	2319e999-fed2-4f22-9eb2-44cd51596135	GET	/profile/6a5992913f256c8a29f21642	http://localhost:3000	::ffff:172.18.0.1
20260718	01:06:33	6ac4f3f2-c453-460f-b65c-4ede0ffe84b3	PATCH	/profile/citizenship/6a5992913f256c8a29f21642	http://localhost:3000	::ffff:172.18.0.1
20260718	01:06:33	c6b98ef5-5fd9-4eec-a3a4-4e2ac0e993bd	OPTIONS	/profile/citizenship/6a5992913f256c8a29f21642	http://localhost:3000	::ffff:172.18.0.1
20260718	01:06:53	690a8a4e-2352-43cb-9e13-078a951b37a5	PATCH	/profile/document/6a5992913f256c8a29f21642	http://localhost:3000	::ffff:172.18.0.1
20260718	01:06:53	0a387c7a-0a0a-415b-9f76-b2dd6b61e9fa	OPTIONS	/profile/document/6a5992913f256c8a29f21642	http://localhost:3000	::ffff:172.18.0.1
20260718	01:07:01	ea714f8c-1bbe-40f0-b93b-01a747484a2e	PATCH	/profile/document/6a5992913f256c8a29f21642	http://localhost:3000	::ffff:172.18.0.1
20260718	01:07:01	15a377da-7ae3-426e-ac1a-7fbbefb6e287	OPTIONS	/profile/document/6a5992913f256c8a29f21642	http://localhost:3000	::ffff:172.18.0.1
20260718	01:07:45	20b8c611-952a-4ad5-a67b-3868b8da4b3b	PATCH	/profile/document/6a5992913f256c8a29f21642	http://localhost:3000	::ffff:172.18.0.1
20260718	01:07:45	bd70d1b8-86a7-4be3-8cd6-8d3f815b9a69	OPTIONS	/profile/document/6a5992913f256c8a29f21642	http://localhost:3000	::ffff:172.18.0.1
20260718	01:10:36	503824d1-0cc3-416e-9f2b-24d7f41d3e23	OPTIONS	/profile/6a5992913f256c8a29f21642	http://localhost:3000	::ffff:172.18.0.1
20260718	01:10:36	74805fa7-3ca7-4f7e-ac7f-82ea60ade308	OPTIONS	/auth/refresh	http://localhost:3000	::ffff:172.18.0.1
20260718	01:10:36	a8b93e94-26d4-4a77-a872-5bbe33031f33	GET	/profile/6a5992913f256c8a29f21642	http://localhost:3000	::ffff:172.18.0.1
20260718	01:10:36	34c6cd57-889c-4e6f-aaaf-c6267c8524eb	GET	/auth/refresh	http://localhost:3000	::ffff:172.18.0.1
20260718	01:10:47	c7a3222c-468a-47c9-948d-c4063e93d294	OPTIONS	/profile/documents/6a5992913f256c8a29f21642	http://localhost:3000	::ffff:172.18.0.1
20260718	01:10:47	f6829ea0-7de8-41a4-acb4-fc3d8346074c	PATCH	/profile/documents/6a5992913f256c8a29f21642	http://localhost:3000	::ffff:172.18.0.1
20260718	01:13:20	d3652a81-9704-4c86-8fe7-dda25f3d7d0e	GET	/profile/6a5992913f256c8a29f21642	http://localhost:3000	::ffff:172.18.0.1
20260718	01:13:20	b1918017-a4bb-4c0f-b384-07a19bfd020d	GET	/auth/refresh	http://localhost:3000	::ffff:172.18.0.1
20260718	01:13:21	335b8241-a733-4ae1-b43e-bd703e18aa5d	GET	/auth/refresh	http://localhost:3000	::ffff:172.18.0.1
20260718	01:13:21	fd451fe9-ff65-4a6e-8cc7-4fa9685156a9	GET	/profile/6a5992913f256c8a29f21642	http://localhost:3000	::ffff:172.18.0.1
20260718	01:13:21	6d7a492a-7086-4136-ac74-e69072ca9fcf	OPTIONS	/profile/6a5992913f256c8a29f21642	http://localhost:3000	::ffff:172.18.0.1
20260718	01:13:49	c9d0b325-127f-455f-8a72-7c57fc1db5d8	PATCH	/profile/documents/6a5992913f256c8a29f21642	http://localhost:3000	::ffff:172.18.0.1
20260718	01:13:49	c0ae5c4e-6821-48ae-9a06-280d581c6355	OPTIONS	/profile/documents/6a5992913f256c8a29f21642	http://localhost:3000	::ffff:172.18.0.1
20260718	11:01:06	3075007e-daab-4d32-9e73-fc6671a8c0dc	OPTIONS	/profile/contact/6a5992913f256c8a29f21642	http://localhost:3000	::ffff:172.18.0.1
20260718	11:01:06	60ff65b9-b6cd-4fe9-86a3-29d517259e0d	PATCH	/profile/contact/6a5992913f256c8a29f21642	http://localhost:3000	::ffff:172.18.0.1
20260718	11:01:46	be321271-5030-4b56-a109-2ba7ceece195	GET	/profile/6a5992913f256c8a29f21642	http://localhost:3000	::ffff:172.18.0.1
20260718	11:01:46	363ca652-a917-4486-802b-481bbf263f59	GET	/auth/refresh	http://localhost:3000	::ffff:172.18.0.1
20260718	11:01:46	2265b7d2-b2f1-45ec-af8d-ab587ee9e85d	GET	/auth/refresh	http://localhost:3000	::ffff:172.18.0.1
20260718	11:01:46	df2a5eb0-b78a-4504-8ab3-7f08cead04fb	OPTIONS	/profile/6a5992913f256c8a29f21642	http://localhost:3000	::ffff:172.18.0.1
20260718	11:01:46	53c1c5b2-a91e-49a5-afc8-c7d8350d3d8c	GET	/profile/6a5992913f256c8a29f21642	http://localhost:3000	::ffff:172.18.0.1
20260718	11:02:10	05f08add-a2a7-4e18-bb9e-d8b95ea40326	OPTIONS	/profile/contact/6a5992913f256c8a29f21642	http://localhost:3000	::ffff:172.18.0.1
20260718	11:02:10	cd1d3a18-1e22-4db8-b92d-321b77054b11	PATCH	/profile/contact/6a5992913f256c8a29f21642	http://localhost:3000	::ffff:172.18.0.1
20260718	11:11:06	fc419c11-a509-44b0-b5c9-b047987b480e	GET	/profile/6a5992913f256c8a29f21642	http://localhost:3000	::ffff:172.18.0.1
20260718	11:11:06	f85f6003-a805-4dc3-bc84-817b599e8048	GET	/auth/refresh	http://localhost:3000	::ffff:172.18.0.1
20260718	11:11:06	df29f1a7-67d8-41bf-85e9-e8a45e169469	GET	/auth/refresh	http://localhost:3000	::ffff:172.18.0.1
20260718	11:11:06	fdefecaa-748a-4868-9ea3-7f8da70e241b	GET	/profile/6a5992913f256c8a29f21642	http://localhost:3000	::ffff:172.18.0.1
20260718	11:11:06	00029e13-6af4-4cd0-979c-07d2ee78078e	OPTIONS	/profile/6a5992913f256c8a29f21642	http://localhost:3000	::ffff:172.18.0.1
20260718	11:11:33	7b1e139a-0146-4c95-97bd-b70014298685	OPTIONS	/profile/mailing/6a5992913f256c8a29f21642	http://localhost:3000	::ffff:172.18.0.1
20260718	11:11:33	a9d37b96-aec3-42f7-9db5-6b15b74c4273	PATCH	/profile/mailing/6a5992913f256c8a29f21642	http://localhost:3000	::ffff:172.18.0.1
20260718	11:13:12	cfb288cd-41ef-40b5-a71d-440edd6ce595	OPTIONS	/profile/mailing/6a5992913f256c8a29f21642	http://localhost:3000	::ffff:172.18.0.1
20260718	11:13:12	fc64fc78-9257-4e8a-b497-bb3c38ebf35c	PATCH	/profile/mailing/6a5992913f256c8a29f21642	http://localhost:3000	::ffff:172.18.0.1
20260718	11:14:28	200c603c-48cb-4dde-a0d2-5fd5a2c9bf80	OPTIONS	/profile/mailing/6a5992913f256c8a29f21642	http://localhost:3000	::ffff:172.18.0.1
20260718	11:14:28	d5209c43-433f-4688-9ad5-6116ff3cac3e	PATCH	/profile/mailing/6a5992913f256c8a29f21642	http://localhost:3000	::ffff:172.18.0.1
20260718	11:15:19	6294faca-5236-4fcf-ab9c-ac5dfa745158	OPTIONS	/profile/parent/6a5992913f256c8a29f21642	http://localhost:3000	::ffff:172.18.0.1
20260718	11:15:19	823a73a5-911e-4852-9e54-6b7c8cf71ef1	PATCH	/profile/parent/6a5992913f256c8a29f21642	http://localhost:3000	::ffff:172.18.0.1
20260718	11:15:53	28ffb056-db18-42e2-b4a8-cda36a162b06	OPTIONS	/profile/academic/6a5992913f256c8a29f21642	http://localhost:3000	::ffff:172.18.0.1
20260718	11:15:54	fa0d69ae-e72f-4a71-bc35-768b6279ecab	PATCH	/profile/academic/6a5992913f256c8a29f21642	http://localhost:3000	::ffff:172.18.0.1
20260718	11:16:18	15e24b10-bd0d-48d1-bd25-4ffd7badd89a	GET	/auth/refresh	http://localhost:3000	::ffff:172.18.0.1
20260718	11:16:18	70053c2b-2047-435a-b7cd-5a10d8fbd00b	GET	/profile/6a5992913f256c8a29f21642	http://localhost:3000	::ffff:172.18.0.1
20260718	11:16:19	39697913-bd03-4bde-a647-674078ded1ab	OPTIONS	/auth/refresh	http://localhost:3000	::ffff:172.18.0.1
20260718	11:16:19	77f7e0e1-e067-45be-9d5f-51a3b7c5a382	GET	/auth/refresh	http://localhost:3000	::ffff:172.18.0.1
20260718	11:16:19	a1005c66-164b-4abd-b22b-d7f2777aee22	OPTIONS	/profile/6a5992913f256c8a29f21642	http://localhost:3000	::ffff:172.18.0.1
20260718	11:16:19	bc62e9d9-a312-40c4-9987-b62b7a8d6e1b	GET	/profile/6a5992913f256c8a29f21642	http://localhost:3000	::ffff:172.18.0.1
20260718	11:16:44	3cbccfd7-2d51-493a-baa0-74f17ae34657	PATCH	/profile/citizenship/6a5992913f256c8a29f21642	http://localhost:3000	::ffff:172.18.0.1
20260718	11:16:44	201d8908-4d46-4958-b681-7df870b7dee6	OPTIONS	/profile/citizenship/6a5992913f256c8a29f21642	http://localhost:3000	::ffff:172.18.0.1
20260718	11:17:16	46b7cb24-1eac-446f-8834-426680e8b896	OPTIONS	/profile/documents/6a5992913f256c8a29f21642	http://localhost:3000	::ffff:172.18.0.1
20260718	11:17:16	32d66deb-8bfd-4a25-b4f8-6a71e6163635	PATCH	/profile/documents/6a5992913f256c8a29f21642	http://localhost:3000	::ffff:172.18.0.1
20260718	11:18:22	1825f8ec-52d8-4af0-94e2-1f03c9a4a0fe	OPTIONS	/profile/academic/6a5992913f256c8a29f21642	http://localhost:3000	::ffff:172.18.0.1
20260718	11:18:22	58036957-3854-4978-a250-87e9543b89b2	PATCH	/profile/academic/6a5992913f256c8a29f21642	http://localhost:3000	::ffff:172.18.0.1
20260718	11:31:59	9935ce2b-4ed7-4d3b-8906-d0a49c73148d	OPTIONS	/profile/documents/6a5992913f256c8a29f21642	http://localhost:3000	::ffff:172.18.0.1
20260718	11:31:59	8e21c185-cd5f-478c-b1a7-d2356bdb7bed	PATCH	/profile/documents/6a5992913f256c8a29f21642	http://localhost:3000	::ffff:172.18.0.1
20260718	11:42:22	10c1abd4-7903-4b74-96e8-9b7ca0b4d2c0	GET	/auth/refresh	http://localhost:3000	::ffff:172.18.0.1
20260718	11:42:23	9f3c1032-b61f-4f9d-9085-3c561f4180bf	GET	/profile/6a5992913f256c8a29f21642	http://localhost:3000	::ffff:172.18.0.1
20260718	11:42:23	c0ad4839-f891-44b7-9f08-224b8a660554	GET	/auth/refresh	http://localhost:3000	::ffff:172.18.0.1
20260718	11:42:23	5a6e444a-7ebc-402d-bd01-53bccce0d33d	OPTIONS	/profile/6a5992913f256c8a29f21642	http://localhost:3000	::ffff:172.18.0.1
20260718	11:42:23	bb321a85-8b05-4c43-a501-ca41ae52e2aa	GET	/profile/6a5992913f256c8a29f21642	http://localhost:3000	::ffff:172.18.0.1
20260718	11:45:31	59df6c09-b236-4d31-b06e-c93fa0886d34	GET	/profile/6a5992913f256c8a29f21642	http://localhost:3000	::ffff:172.18.0.1
20260718	11:45:31	b232bcc1-6f68-412a-8484-3f2a7c87a0d3	GET	/auth/refresh	http://localhost:3000	::ffff:172.18.0.1
20260718	11:45:31	35b87c4a-4aeb-415b-b413-360c9c3fee54	OPTIONS	/auth/refresh	http://localhost:3000	::ffff:172.18.0.1
20260718	11:45:31	61918efb-bc65-41c5-b72e-07dc571521b4	GET	/auth/refresh	http://localhost:3000	::ffff:172.18.0.1
20260718	11:45:31	de5fe0d3-70c9-4578-85db-5ccb9360d4f8	OPTIONS	/profile/6a5992913f256c8a29f21642	http://localhost:3000	::ffff:172.18.0.1
20260718	11:45:31	a07c7f5f-040b-49a1-b95b-e0d0f47c4814	GET	/profile/6a5992913f256c8a29f21642	http://localhost:3000	::ffff:172.18.0.1
20260718	11:47:43	95e7d4ef-fa48-414f-bff3-d9cff4beaacf	GET	/profile/6a5992913f256c8a29f21642	http://localhost:3000	::ffff:172.18.0.1
20260718	11:47:43	d10c5a0d-5514-4b34-a1ed-f517333cd4e9	GET	/auth/refresh	http://localhost:3000	::ffff:172.18.0.1
20260718	11:47:43	e6dfd37f-8684-4c82-b37d-25016f3e5bb7	GET	/auth/refresh	http://localhost:3000	::ffff:172.18.0.1
20260718	11:47:43	d6f6c9bf-2ab8-4bdf-b914-2c218064deab	OPTIONS	/profile/6a5992913f256c8a29f21642	http://localhost:3000	::ffff:172.18.0.1
20260718	11:47:43	44a6c762-2303-4f71-83a3-a69581968e0b	GET	/profile/6a5992913f256c8a29f21642	http://localhost:3000	::ffff:172.18.0.1
20260718	11:48:10	65b026f2-d42b-400c-855a-1e5b772ae158	OPTIONS	/profile/documents/6a5992913f256c8a29f21642	http://localhost:3000	::ffff:172.18.0.1
20260718	11:48:11	6c1c56f2-e506-43b4-a193-af67b6690365	PATCH	/profile/documents/6a5992913f256c8a29f21642	http://localhost:3000	::ffff:172.18.0.1
20260718	11:48:42	3b162c67-3cc2-48a4-abab-c3c72e1d7ac4	GET	/profile/6a5992913f256c8a29f21642	http://localhost:3000	::ffff:172.18.0.1
20260718	11:48:42	5946a97a-30b5-4fab-abea-beb0a022aa8e	GET	/auth/refresh	http://localhost:3000	::ffff:172.18.0.1
20260718	11:48:43	bbece417-2ceb-4ca3-937c-520db105925b	GET	/auth/refresh	http://localhost:3000	::ffff:172.18.0.1
20260718	11:48:43	ed60e463-37f3-4195-8275-ce0f727f7201	GET	/profile/6a5992913f256c8a29f21642	http://localhost:3000	::ffff:172.18.0.1
20260718	11:48:43	6424596e-ec37-40f6-825f-d7c7b1ee2b4d	OPTIONS	/profile/6a5992913f256c8a29f21642	http://localhost:3000	::ffff:172.18.0.1
20260718	12:06:25	4366248c-2fe3-45cc-92bd-882e64aee858	GET	/auth/refresh	http://localhost:3000	::ffff:172.18.0.1
20260718	12:06:26	d43df03f-aa58-4c2b-b751-aae495e8ef5d	GET	/profile/6a5992913f256c8a29f21642	http://localhost:3000	::ffff:172.18.0.1
20260718	12:06:27	1541295d-1ca2-40e6-91e0-42296f4c0e14	GET	/auth/refresh	http://localhost:3000	::ffff:172.18.0.1
20260718	12:06:26	6f7d46ec-ed0a-4bd4-8173-97c4a950bb0e	OPTIONS	/auth/refresh	http://localhost:3000	::ffff:172.18.0.1
20260718	12:06:27	de3697c8-0cb2-42eb-9ad6-abc3b78a3bf3	OPTIONS	/profile/6a5992913f256c8a29f21642	http://localhost:3000	::ffff:172.18.0.1
20260718	12:06:27	08ad5629-50c8-4c8a-89c4-19a442c2307c	GET	/profile/6a5992913f256c8a29f21642	http://localhost:3000	::ffff:172.18.0.1
20260718	12:06:40	4b65dd37-b050-4c03-9519-04636f5580f3	OPTIONS	/courses/my	http://localhost:3000	::ffff:172.18.0.1
20260718	12:06:40	43db647f-6ab8-4d6f-9f05-df9e1a5e6fd7	OPTIONS	/courses/apply	http://localhost:3000	::ffff:172.18.0.1
20260718	12:06:40	7def1c69-cc10-4028-a832-ea0b83806189	GET	/courses/my	http://localhost:3000	::ffff:172.18.0.1
20260718	12:06:40	fabe49de-1506-4cf7-b761-3dccf289b7f6	GET	/courses/apply	http://localhost:3000	::ffff:172.18.0.1
20260718	12:26:30	9d1be319-824d-4acf-a799-4a73c9773095	GET	/auth/refresh	http://localhost:3000	::ffff:172.18.0.1
20260718	12:26:31	0cd20b82-9c05-4e2d-b9ce-07c70bb3b51d	OPTIONS	/profile/6a5992913f256c8a29f21642	http://localhost:3000	::ffff:172.18.0.1
20260718	12:26:31	ec5aa6bf-62d4-4220-8fc9-bf6c0b5da905	GET	/profile/6a5992913f256c8a29f21642	http://localhost:3000	::ffff:172.18.0.1
20260718	12:35:04	9ea747af-04b3-4516-8c00-c451ca488da1	GET	/auth/refresh	http://localhost:3000	::ffff:172.18.0.1
20260718	12:35:05	28957942-5541-49ca-9cb8-48d93f5478d7	GET	/profile/6a5992913f256c8a29f21642	http://localhost:3000	::ffff:172.18.0.1
20260718	12:35:05	2035bc0f-1687-412b-8915-440467fba592	OPTIONS	/profile/6a5992913f256c8a29f21642	http://localhost:3000	::ffff:172.18.0.1
20260718	12:36:07	b64c6448-eb4b-4ee8-8a24-f8698db7bbde	OPTIONS	/courses/my	http://localhost:3000	::ffff:172.18.0.1
20260718	12:36:07	61f78b81-ad35-415a-bc68-1ddf5e72eb24	OPTIONS	/courses/apply	http://localhost:3000	::ffff:172.18.0.1
20260718	12:36:07	67cb1173-7b6b-415d-8574-dd4108b4f563	GET	/courses/my	http://localhost:3000	::ffff:172.18.0.1
20260718	12:36:07	493486c1-ec22-40f8-be23-140ab5a34c91	GET	/courses/apply	http://localhost:3000	::ffff:172.18.0.1
20260718	12:36:13	57937a25-8d34-49f3-a708-30d8ef13c3ed	OPTIONS	/profile/courses/undefined	http://localhost:3000	::ffff:172.18.0.1
20260718	12:36:13	74cf1538-595c-471a-a410-3ecc57081572	PATCH	/profile/courses/undefined	http://localhost:3000	::ffff:172.18.0.1
20260718	12:50:15	63b89857-c70c-41c0-ba42-79ad62c8c9c7	GET	/auth/refresh	http://localhost:3000	::ffff:172.18.0.1
20260718	12:50:15	2bbd8c41-df4d-4795-843f-ded7d4522477	GET	/profile/6a5992913f256c8a29f21642	http://localhost:3000	::ffff:172.18.0.1
20260718	12:50:15	022d776e-21a7-49b3-ac29-fc6bf1cae887	GET	/auth/refresh	http://localhost:3000	::ffff:172.18.0.1
20260718	12:50:16	f2a267bc-429b-4069-a97c-50c4f4b591fa	OPTIONS	/profile/6a5992913f256c8a29f21642	http://localhost:3000	::ffff:172.18.0.1
20260718	12:50:16	c5db31c8-7538-4d35-9eb1-aa5417fa4b66	GET	/profile/6a5992913f256c8a29f21642	http://localhost:3000	::ffff:172.18.0.1
20260718	12:50:50	62c8270c-d522-43a4-a413-e54bb62286bb	OPTIONS	/profile/contact/6a5992913f256c8a29f21642	http://localhost:3000	::ffff:172.18.0.1
20260718	12:50:50	10dfde93-94d1-4287-b673-63d02b023c45	PATCH	/profile/contact/6a5992913f256c8a29f21642	http://localhost:3000	::ffff:172.18.0.1
20260718	12:57:43	183327d4-ea4c-42e2-b3c5-d0661bca0c6d	GET	/profile/6a5992913f256c8a29f21642	http://localhost:3000	::ffff:172.18.0.1
20260718	12:57:43	fd4877bb-aa4d-4c35-b829-65ea417199e3	GET	/auth/refresh	http://localhost:3000	::ffff:172.18.0.1
20260718	12:57:43	278c84fa-9527-46d4-8fba-c3f9c218c488	GET	/auth/refresh	http://localhost:3000	::ffff:172.18.0.1
20260718	12:57:43	50766bd6-e1a3-4e65-b652-a965aaeb20a2	OPTIONS	/profile/6a5992913f256c8a29f21642	http://localhost:3000	::ffff:172.18.0.1
20260718	12:57:43	1714a856-a04e-4d35-8daf-b92644962791	GET	/profile/6a5992913f256c8a29f21642	http://localhost:3000	::ffff:172.18.0.1
20260718	13:07:08	f0f87fd6-89e8-47f5-b75a-3a186e6a3b3f	OPTIONS	/profile/mailing/6a5992913f256c8a29f21642	http://localhost:3000	::ffff:172.18.0.1
20260718	13:07:08	e7452503-da2c-48d9-a1a6-366933433056	PATCH	/profile/mailing/6a5992913f256c8a29f21642	http://localhost:3000	::ffff:172.18.0.1
20260718	13:07:21	b665591b-f99d-4cee-9ca7-423d40384d48	PATCH	/profile/parent/6a5992913f256c8a29f21642	http://localhost:3000	::ffff:172.18.0.1
20260718	13:07:21	c5ab36da-8578-479d-95cc-20414fc63266	OPTIONS	/profile/parent/6a5992913f256c8a29f21642	http://localhost:3000	::ffff:172.18.0.1
20260718	13:07:47	281b21f8-e67b-46e5-a512-2dbe18999e29	GET	/auth/refresh	http://localhost:3000	::ffff:172.18.0.1
20260718	13:07:47	dc15dec5-1130-42bc-9aa5-abf74cca1008	GET	/profile/6a5992913f256c8a29f21642	http://localhost:3000	::ffff:172.18.0.1
20260718	13:07:48	f2b1adbe-a0b5-43c5-99e9-08c8a9b648cb	GET	/auth/refresh	http://localhost:3000	::ffff:172.18.0.1
20260718	13:07:48	bbfb7518-32cf-467f-90db-0388ebe3c291	GET	/profile/6a5992913f256c8a29f21642	http://localhost:3000	::ffff:172.18.0.1
20260718	13:07:48	3897af55-8449-4464-923e-40a77062ba2e	OPTIONS	/profile/6a5992913f256c8a29f21642	http://localhost:3000	::ffff:172.18.0.1
20260718	13:08:39	4c15a60f-b1a3-4b93-a1da-9c3e3e717801	OPTIONS	/courses/apply	http://localhost:3000	::ffff:172.18.0.1
20260718	13:08:39	1fab9a0f-18ec-4c49-8348-62d3c92ee613	OPTIONS	/courses/my	http://localhost:3000	::ffff:172.18.0.1
20260718	13:08:39	3722b427-1b46-4826-aeec-7f49d6a678be	GET	/courses/apply	http://localhost:3000	::ffff:172.18.0.1
20260718	13:08:39	47867a7f-1813-4dbe-825c-06b676812150	GET	/courses/my	http://localhost:3000	::ffff:172.18.0.1
20260718	13:08:49	6e6b216a-9ef0-4eb2-bb20-b3626087fcdf	OPTIONS	/profile/courses/undefined	http://localhost:3000	::ffff:172.18.0.1
20260718	13:08:49	e53cd721-34c1-4935-8ba6-74c2893dbc12	PATCH	/profile/courses/undefined	http://localhost:3000	::ffff:172.18.0.1
20260718	13:11:25	b9c39cc8-d59d-4de6-8178-ed9bef0c82a9	GET	/profile/6a5992913f256c8a29f21642	http://localhost:3000	::ffff:172.18.0.1
20260718	13:11:25	d0b1afb7-4fbe-4de0-b53a-ecf356d0a0ff	GET	/auth/refresh	http://localhost:3000	::ffff:172.18.0.1
20260718	13:11:25	715d612a-aa19-447e-9eba-122d426929ae	GET	/auth/refresh	http://localhost:3000	::ffff:172.18.0.1
20260718	13:11:25	3e2a9cde-b7be-49fc-aa90-e89e507fbe75	OPTIONS	/profile/6a5992913f256c8a29f21642	http://localhost:3000	::ffff:172.18.0.1
20260718	13:11:25	ceaaa6bd-5173-4219-bcad-a52f18b43479	GET	/profile/6a5992913f256c8a29f21642	http://localhost:3000	::ffff:172.18.0.1
20260718	13:13:19	1cae3775-42c4-4c1d-81e7-40f8116f2055	OPTIONS	/courses/my	http://localhost:3000	::ffff:172.18.0.1
20260718	13:13:19	29a5c318-8cfe-4caf-9cf0-27d8354a353b	OPTIONS	/courses/apply	http://localhost:3000	::ffff:172.18.0.1
20260718	13:13:19	3b277a6b-3093-469b-baa9-ede6b9a60c04	GET	/courses/my	http://localhost:3000	::ffff:172.18.0.1
20260718	13:13:19	ce371a12-0164-40eb-81a5-3887c1067e33	GET	/courses/apply	http://localhost:3000	::ffff:172.18.0.1
20260718	13:14:25	ebd8d867-0023-4e99-9e63-b658591dbb4e	OPTIONS	/profile/courses/undefined	http://localhost:3000	::ffff:172.18.0.1
20260718	13:14:25	b8d51375-5566-4198-bb7b-d0d59d976567	PATCH	/profile/courses/undefined	http://localhost:3000	::ffff:172.18.0.1
20260718	13:16:01	be37b74d-1f52-487e-ad72-d31996a69747	GET	/auth/refresh	http://localhost:3000	::ffff:172.18.0.1
20260718	13:16:01	68386ccb-9b4d-4c67-a58a-47b5007943ee	GET	/profile/6a5992913f256c8a29f21642	http://localhost:3000	::ffff:172.18.0.1
20260718	13:16:01	af320c6d-3d05-462f-8caa-fea2c137e455	GET	/auth/refresh	http://localhost:3000	::ffff:172.18.0.1
20260718	13:16:01	d102d2df-58d8-4c82-b130-57d5cf1c5394	OPTIONS	/auth/refresh	http://localhost:3000	::ffff:172.18.0.1
20260718	13:16:01	b6ff7a7a-4160-41e0-9ecd-726843ce40cb	GET	/profile/6a5992913f256c8a29f21642	http://localhost:3000	::ffff:172.18.0.1
20260718	13:16:01	26f58037-4b09-412e-83fc-2d45f92dffee	OPTIONS	/profile/6a5992913f256c8a29f21642	http://localhost:3000	::ffff:172.18.0.1
20260718	13:17:24	da9584f7-c608-46f1-85ec-c40e8250a36e	GET	/courses/apply	http://localhost:3000	::ffff:172.18.0.1
20260718	13:17:23	0a6fa502-8378-49af-8eb6-9871d1ddf47a	OPTIONS	/courses/apply	http://localhost:3000	::ffff:172.18.0.1
20260718	13:17:23	37b77313-f0d6-4a50-868b-a30098efe385	OPTIONS	/courses/my	http://localhost:3000	::ffff:172.18.0.1
20260718	13:17:24	2ac5773e-6de3-4d0c-b2ad-6d9a1fdcd20f	GET	/courses/my	http://localhost:3000	::ffff:172.18.0.1
20260718	13:17:58	6da21660-9f82-440b-a477-31af67945857	GET	/auth/refresh	http://localhost:3000	::ffff:172.18.0.1
20260718	13:17:59	66d82444-4299-4899-a193-a43a860977fd	GET	/profile/6a5992913f256c8a29f21642	http://localhost:3000	::ffff:172.18.0.1
20260718	13:17:59	a5d7d880-565d-454e-8ef2-7173978f280c	OPTIONS	/auth/refresh	http://localhost:3000	::ffff:172.18.0.1
20260718	13:17:59	3040690d-fd0f-439a-a077-42ff74c4069e	GET	/auth/refresh	http://localhost:3000	::ffff:172.18.0.1
20260718	13:17:59	f962d1ea-7b77-4dbd-9da8-6dd3b57d3232	OPTIONS	/profile/6a5992913f256c8a29f21642	http://localhost:3000	::ffff:172.18.0.1
20260718	13:17:59	692b8369-6221-4784-8821-7e64db0ed588	GET	/profile/6a5992913f256c8a29f21642	http://localhost:3000	::ffff:172.18.0.1
20260718	13:19:42	a2b69b4e-8109-469e-8263-a6c0f565350f	OPTIONS	/courses/apply	http://localhost:3000	::ffff:172.18.0.1
20260718	13:19:42	f1c58578-04fb-4ea2-af05-c2d889c4369d	OPTIONS	/courses/my	http://localhost:3000	::ffff:172.18.0.1
20260718	13:19:42	f617b10a-8a02-4125-a684-7667c4f402b3	GET	/courses/apply	http://localhost:3000	::ffff:172.18.0.1
20260718	13:19:42	f1f88ade-4561-4124-adad-12b2bc2f77c5	GET	/courses/my	http://localhost:3000	::ffff:172.18.0.1
20260718	13:20:34	49e3b61b-ed5d-4d34-9ec2-b454efab6f46	GET	/profile/6a5992913f256c8a29f21642	http://localhost:3000	::ffff:172.18.0.1
20260718	13:20:34	8e55ed67-c004-437f-b9f3-57b0170dd375	GET	/auth/refresh	http://localhost:3000	::ffff:172.18.0.1
20260718	13:20:34	1d3dc1d4-75d7-408c-80f0-34f1b2d4e288	GET	/auth/refresh	http://localhost:3000	::ffff:172.18.0.1
20260718	13:20:34	5c140b00-a70b-42d0-8054-ef2ad2028186	OPTIONS	/profile/6a5992913f256c8a29f21642	http://localhost:3000	::ffff:172.18.0.1
20260718	13:20:34	04a30aa0-8c08-4063-bb12-ee98bbbe267c	GET	/profile/6a5992913f256c8a29f21642	http://localhost:3000	::ffff:172.18.0.1
20260718	13:21:13	3acce252-1967-4bd1-a9c4-ebfbe7b9b3de	GET	/auth/refresh	http://localhost:3000	::ffff:172.18.0.1
20260718	13:21:14	4ce2696b-1f11-4cd8-9d44-5c6c5b0583cc	GET	/profile/6a5992913f256c8a29f21642	http://localhost:3000	::ffff:172.18.0.1
20260718	13:21:14	84f8abe3-2842-4282-8d5c-15b1aa675a97	GET	/auth/refresh	http://localhost:3000	::ffff:172.18.0.1
20260718	13:21:14	e0a40063-6ce8-40e0-829a-2bfda867ece2	OPTIONS	/profile/6a5992913f256c8a29f21642	http://localhost:3000	::ffff:172.18.0.1
20260718	13:21:14	d3a0b297-914c-4470-9a3b-875fc8f3a2f2	GET	/profile/6a5992913f256c8a29f21642	http://localhost:3000	::ffff:172.18.0.1
20260718	13:28:28	daf68faa-1d44-4c08-8f84-ef9620bfcfb6	GET	/auth/refresh	http://localhost:3000	::ffff:172.18.0.1
20260718	13:28:28	6379ba89-3e2c-40e2-b14b-c26e23bc7397	GET	/profile/6a5992913f256c8a29f21642	http://localhost:3000	::ffff:172.18.0.1
20260718	13:28:28	d7c3b423-51a2-44d5-b5cd-112e3d2e6041	OPTIONS	/auth/refresh	http://localhost:3000	::ffff:172.18.0.1
20260718	13:28:28	23cadabe-b06c-4752-addd-4c4a87c64c33	GET	/auth/refresh	http://localhost:3000	::ffff:172.18.0.1
20260718	13:28:29	d4bf6a67-8c9e-4030-83ab-78a079bae1ab	OPTIONS	/profile/6a5992913f256c8a29f21642	http://localhost:3000	::ffff:172.18.0.1
20260718	13:28:29	86ba6d99-8820-47bc-bfec-b7a93e7faee5	GET	/profile/6a5992913f256c8a29f21642	http://localhost:3000	::ffff:172.18.0.1
20260718	13:36:46	6c38cc91-b96e-4b3d-ad3a-6f969e1f0a8a	GET	/profile/6a5992913f256c8a29f21642	http://localhost:3000	::ffff:172.18.0.1
20260718	13:36:46	137f149a-85c4-4abb-a9c4-767bbbecc1f5	GET	/auth/refresh	http://localhost:3000	::ffff:172.18.0.1
20260718	13:36:46	fa0415b7-5f73-4fd4-83a5-ed4eefcb3bac	GET	/auth/refresh	http://localhost:3000	::ffff:172.18.0.1
20260718	13:36:47	75e750d0-8ce1-40f5-8fcc-14c16f7062ff	OPTIONS	/profile/6a5992913f256c8a29f21642	http://localhost:3000	::ffff:172.18.0.1
20260718	13:36:47	91f98298-d0bc-4fd2-a06f-fe1aad507797	GET	/profile/6a5992913f256c8a29f21642	http://localhost:3000	::ffff:172.18.0.1
20260718	13:45:52	c01cc0d5-623f-46d4-8b44-86bdd00099fc	OPTIONS	/profile/documents/6a5992913f256c8a29f21642	http://localhost:3000	::ffff:172.18.0.1
20260718	13:45:52	41680dd4-d20b-4ab0-958d-5fad76956179	PATCH	/profile/documents/6a5992913f256c8a29f21642	http://localhost:3000	::ffff:172.18.0.1
20260718	14:09:44	9b69db04-73d2-4509-9711-a520f84977bb	GET	/auth/refresh	http://localhost:3000	::ffff:172.18.0.1
20260718	14:09:44	69cfb6bb-7ca1-4c3b-b45e-3c099fb6fd94	GET	/profile/6a5992913f256c8a29f21642	http://localhost:3000	::ffff:172.18.0.1
20260718	14:09:45	01ff0826-e590-4016-9a39-76c323a91dcc	GET	/auth/refresh	http://localhost:3000	::ffff:172.18.0.1
20260718	14:09:45	68b4a935-439b-4af1-a7fe-209882d47a02	OPTIONS	/profile/6a5992913f256c8a29f21642	http://localhost:3000	::ffff:172.18.0.1
20260718	14:09:45	d3f63747-f965-4a7d-8de2-d8fb79385d3a	GET	/profile/6a5992913f256c8a29f21642	http://localhost:3000	::ffff:172.18.0.1
20260718	14:10:57	7ded7630-b7cb-4e97-87b9-674cc91bb35f	OPTIONS	/application	http://localhost:3000	::ffff:172.18.0.1
20260718	14:10:57	5ba5801c-794a-439a-8462-05394b7137a6	POST	/application	http://localhost:3000	::ffff:172.18.0.1
20260718	14:23:22	15bee41c-7384-4d62-9b1e-224f3716a608	OPTIONS	/application/6a5992913f256c8a29f21642	http://localhost:3000	::ffff:172.18.0.1
20260718	14:23:22	8043bc16-036e-47e3-b033-e83432a210c2	POST	/application/6a5992913f256c8a29f21642	http://localhost:3000	::ffff:172.18.0.1
20260718	14:36:29	5333bc5c-6ee1-4880-a071-95c820bb839c	POST	/application/6a5992913f256c8a29f21642	http://localhost:3000	::ffff:172.18.0.1
20260718	14:36:29	bf7d78ac-656d-4a74-8412-b4814b9772ce	OPTIONS	/application/6a5992913f256c8a29f21642	http://localhost:3000	::ffff:172.18.0.1
20260718	14:39:34	6a7cb477-b7e6-417b-9d1a-f5ea9932b0b0	OPTIONS	/application/6a5992913f256c8a29f21642	http://localhost:3000	::ffff:172.18.0.1
20260718	14:39:34	4cd615af-8acb-4302-9578-02b332f08ac7	POST	/application/6a5992913f256c8a29f21642	http://localhost:3000	::ffff:172.18.0.1
20260718	15:04:28	a6d56ad0-ee99-425c-a5d8-e765fe357bd0	GET	/auth/refresh	http://localhost:3000	::ffff:172.18.0.1
20260718	15:04:32	9d102b2d-8566-4bb1-9557-bc9effc98ec5	GET	/profile/6a5992913f256c8a29f21642	http://localhost:3000	::ffff:172.18.0.1
20260718	15:04:32	40fe9b14-81fd-44dd-b035-cbb28210853c	OPTIONS	/auth/refresh	http://localhost:3000	::ffff:172.18.0.1
20260718	15:04:32	eb58f762-b423-4ac3-a26e-4e151814f6b1	GET	/auth/refresh	http://localhost:3000	::ffff:172.18.0.1
20260718	15:04:34	99a9545a-a431-4af7-9f01-7ada8c0c44fc	GET	/profile/6a5992913f256c8a29f21642	http://localhost:3000	::ffff:172.18.0.1
20260718	15:04:34	5382ca2a-051a-4f20-8fa9-3c99b358df85	OPTIONS	/profile/6a5992913f256c8a29f21642	http://localhost:3000	::ffff:172.18.0.1
20260718	15:05:15	1ed8f27d-2981-463d-81f0-954aa60e7ebd	OPTIONS	/application/6a5992913f256c8a29f21642	http://localhost:3000	::ffff:172.18.0.1
20260718	15:05:15	2aebf0aa-c9d0-4860-8cb7-eccbc71daa7e	POST	/application/6a5992913f256c8a29f21642	http://localhost:3000	::ffff:172.18.0.1
20260718	15:07:51	930ad519-4919-4fb9-9ac6-35b6d00b77a6	GET	/profile/6a5992913f256c8a29f21642	http://localhost:3000	::ffff:172.18.0.1
20260718	15:07:51	915dc5ed-c8e1-4821-b0f8-18b1481b30f0	GET	/auth/refresh	http://localhost:3000	::ffff:172.18.0.1
20260718	15:07:51	71212437-044d-405e-aef4-1ff2bb2d2d0d	GET	/auth/refresh	http://localhost:3000	::ffff:172.18.0.1
20260718	15:07:52	738458d8-30b8-4aab-a5cc-3be26c979076	OPTIONS	/profile/6a5992913f256c8a29f21642	http://localhost:3000	::ffff:172.18.0.1
20260718	15:07:52	6ed26984-b618-4ce3-9e18-9de61ba5ab2f	GET	/profile/6a5992913f256c8a29f21642	http://localhost:3000	::ffff:172.18.0.1
20260718	15:17:54	34ce7069-c6be-412a-867f-67b4feeb24c2	OPTIONS	/application/6a5992913f256c8a29f21642	http://localhost:3000	::ffff:172.18.0.1
20260718	15:17:54	c8d9ca6f-9035-4d3e-8243-aae7f127d6be	POST	/application/6a5992913f256c8a29f21642	http://localhost:3000	::ffff:172.18.0.1
20260718	15:24:27	094ca6eb-575b-495f-b274-bf959f6d9b3d	GET	/auth/refresh	http://localhost:3000	::ffff:172.18.0.1
20260718	15:24:27	046f8c7a-ff53-44a8-a763-384b7c29d733	GET	/application	http://localhost:3000	::ffff:172.18.0.1
20260718	15:24:27	ca5f07a5-9e89-4c61-b710-07d955567cc9	GET	/auth/refresh	http://localhost:3000	::ffff:172.18.0.1
20260718	15:24:28	52360271-4eca-4485-8eb2-455f174de531	GET	/application	http://localhost:3000	::ffff:172.18.0.1
20260718	15:24:28	ba1789fd-df34-4a94-9f37-b1783ee67079	OPTIONS	/application	http://localhost:3000	::ffff:172.18.0.1
20260718	15:42:30	aef363b1-59eb-477e-bf3e-ef913e76c640	GET	/auth/refresh	http://localhost:3000	::ffff:172.18.0.1
20260718	15:42:30	4dd7eef7-83ab-462f-9387-9f82b77ad3d9	GET	/application	http://localhost:3000	::ffff:172.18.0.1
20260718	15:42:30	6403da7b-73c4-42bc-bac7-a77163cf670a	GET	/auth/refresh	http://localhost:3000	::ffff:172.18.0.1
20260718	15:42:30	c0b82008-4ed9-42e6-aeff-05b5d67eba8e	OPTIONS	/application	http://localhost:3000	::ffff:172.18.0.1
20260718	15:42:30	ccd0266c-a758-46a9-97be-3172ced7904e	GET	/application	http://localhost:3000	::ffff:172.18.0.1
20260718	15:43:10	0147330d-8b64-497b-90eb-f248dd65f3dd	GET	/application/6a5b962fee2596635f51f188	http://localhost:3000	::ffff:172.18.0.1
20260718	15:43:10	d271053a-f7f0-4adc-99fc-77ff01556091	OPTIONS	/application/6a5b962fee2596635f51f188	http://localhost:3000	::ffff:172.18.0.1
20260718	15:44:39	ef6fd762-21e0-4425-9405-fd92213fa944	OPTIONS	/courses/my	http://localhost:3000	::ffff:172.18.0.1
20260718	15:44:39	551af4d0-034b-41e3-991c-71fdcc8b3e57	GET	/courses/apply	http://localhost:3000	::ffff:172.18.0.1
20260718	15:44:39	796aab98-2cf3-42f3-a6ef-991b542d8799	OPTIONS	/courses/apply	http://localhost:3000	::ffff:172.18.0.1
20260718	15:44:40	ef40b0e2-61a3-4583-b270-476cfd0f4ec3	GET	/courses/my	http://localhost:3000	::ffff:172.18.0.1
20260718	16:01:57	1347ba62-993f-4f69-8cf2-4fadb66c3f4d	OPTIONS	/auth/refresh	http://localhost:3000	::ffff:172.18.0.1
20260718	16:01:57	76e2a826-a22c-45e0-a9e9-a51e82202621	OPTIONS	/application/6a5b962fee2596635f51f188	http://localhost:3000	::ffff:172.18.0.1
20260718	16:01:57	c6e145eb-03c1-4e53-90b2-4a2f4dab3643	GET	/auth/refresh	http://localhost:3000	::ffff:172.18.0.1
20260718	16:01:57	a1989649-0ae8-4ee3-aa74-e0ec218c7ce5	GET	/application/6a5b962fee2596635f51f188	http://localhost:3000	::ffff:172.18.0.1
20260718	16:03:11	9824ad06-3814-46bf-b8c4-c389e5fc93a9	GET	/auth/refresh	http://localhost:3000	::ffff:172.18.0.1
20260718	16:03:11	0ecded23-f9fc-4878-a1fa-f96ef755f324	GET	/application/6a5b962fee2596635f51f188	http://localhost:3000	::ffff:172.18.0.1
20260718	16:03:12	5a72ecbe-d6e6-4a27-9a6d-14044225bea1	OPTIONS	/auth/refresh	http://localhost:3000	::ffff:172.18.0.1
20260718	16:03:12	0491f919-07e4-49a8-a2f4-001620a6e522	GET	/auth/refresh	http://localhost:3000	::ffff:172.18.0.1
20260718	16:03:13	a2758ce5-c9c0-4736-aa0c-4a095773444c	OPTIONS	/application/6a5b962fee2596635f51f188	http://localhost:3000	::ffff:172.18.0.1
20260718	16:03:13	b7fc2726-cb55-407c-9009-04c69e614cff	GET	/application/6a5b962fee2596635f51f188	http://localhost:3000	::ffff:172.18.0.1
20260718	16:05:48	09de2c1a-1fe8-4af0-88b6-6931e631e979	GET	/auth/refresh	http://localhost:3000	::ffff:172.18.0.1
20260718	16:05:48	c37f2dc2-f83c-4821-8778-e637bccde1de	GET	/application/6a5b962fee2596635f51f188	http://localhost:3000	::ffff:172.18.0.1
20260718	16:05:49	35a5a67a-b271-4793-930f-6dbb2c4a3492	GET	/auth/refresh	http://localhost:3000	::ffff:172.18.0.1
20260718	16:05:50	9ceb3ad8-af6b-41fe-848b-1970365419b8	OPTIONS	/application/6a5b962fee2596635f51f188	http://localhost:3000	::ffff:172.18.0.1
20260718	16:05:50	9b901eee-09a0-4d6b-b3ce-0a4e79f061ee	GET	/application/6a5b962fee2596635f51f188	http://localhost:3000	::ffff:172.18.0.1
20260718	16:05:56	b11a749f-4baf-4135-83ef-58bcba5d991c	GET	/courses/apply	http://localhost:3000	::ffff:172.18.0.1
20260718	16:05:56	4ad7fe0d-be1e-46f1-9380-77f3dab2afd5	OPTIONS	/courses/apply	http://localhost:3000	::ffff:172.18.0.1
20260718	16:05:56	4fd9d9ac-a6c3-4539-b807-4a7a98fdeb6d	OPTIONS	/courses/my	http://localhost:3000	::ffff:172.18.0.1
20260718	16:05:56	e79e138b-2cf7-4f9d-9d64-3ad7ada7644b	GET	/courses/my	http://localhost:3000	::ffff:172.18.0.1
20260718	16:14:55	f38a7193-df6f-4c35-9f67-ae2399cc04ae	GET	/courses/apply	http://localhost:3000	::ffff:172.18.0.1
20260718	16:14:55	e68e7d8e-b6c8-4d25-9ea7-28c6ab09ce8c	OPTIONS	/courses/my	http://localhost:3000	::ffff:172.18.0.1
20260718	16:14:55	844cf638-6091-4d94-be72-24504d65adb6	OPTIONS	/courses/apply	http://localhost:3000	::ffff:172.18.0.1
20260718	16:14:55	97bc198c-3770-4191-bede-6ab3da15d552	GET	/courses/my	http://localhost:3000	::ffff:172.18.0.1
20260718	16:16:23	c24d6df3-75a2-4fc9-9c86-f14d5bca734e	GET	/profile/6a5992913f256c8a29f21642	http://localhost:3000	::ffff:172.18.0.1
20260718	16:16:23	7edbe09e-64b3-4856-b31d-eae808b7ad07	GET	/auth/refresh	http://localhost:3000	::ffff:172.18.0.1
20260718	16:16:23	0715f8b2-f5c3-4b2c-8f6e-576e2a945d66	OPTIONS	/auth/refresh	http://localhost:3000	::ffff:172.18.0.1
20260718	16:16:23	dc8e80c6-db91-4280-81c5-67f1a66c21b0	GET	/auth/refresh	http://localhost:3000	::ffff:172.18.0.1
20260718	16:16:23	87189bd6-4a1b-42cb-ae86-c681b461bf16	OPTIONS	/profile/6a5992913f256c8a29f21642	http://localhost:3000	::ffff:172.18.0.1
20260718	16:16:23	15f345a9-3b31-4f49-9f59-0b4ff4e41c79	GET	/profile/6a5992913f256c8a29f21642	http://localhost:3000	::ffff:172.18.0.1
20260718	16:16:39	26992e72-ecdd-472c-8983-85f3ada1642a	OPTIONS	/profile/contact/6a5992913f256c8a29f21642	http://localhost:3000	::ffff:172.18.0.1
20260718	16:16:40	caf712cc-84a9-43aa-a1d2-5e7b47a296b3	PATCH	/profile/contact/6a5992913f256c8a29f21642	http://localhost:3000	::ffff:172.18.0.1
20260718	16:17:07	68b91719-deb0-4677-b497-be6b0ce700a2	GET	/auth/refresh	http://localhost:3000	::ffff:172.18.0.1
20260718	16:17:06	e14c98a7-6b0e-4bde-8f66-5c2038ee5569	GET	/application/6a5b962fee2596635f51f188	http://localhost:3000	::ffff:172.18.0.1
20260718	16:17:07	6d506703-c9b4-45e6-b537-7b9d5bec0710	GET	/auth/refresh	http://localhost:3000	::ffff:172.18.0.1
20260718	16:17:07	d72d5892-0148-4217-a3ab-0dbd7deadaa0	OPTIONS	/application/6a5b962fee2596635f51f188	http://localhost:3000	::ffff:172.18.0.1
20260718	16:17:07	79828d01-6892-4185-b471-148f4d67e2d1	GET	/application/6a5b962fee2596635f51f188	http://localhost:3000	::ffff:172.18.0.1
20260718	16:17:10	8e3e68ed-04cf-4539-862b-5086c5ffd666	OPTIONS	/courses/apply	http://localhost:3000	::ffff:172.18.0.1
20260718	16:17:10	e6bce236-27cc-4069-acd8-8d5cf66f15d3	GET	/courses/apply	http://localhost:3000	::ffff:172.18.0.1
20260718	16:17:10	3e53da3e-b9e9-4e68-8d6e-dd5fedf9539e	OPTIONS	/courses/my	http://localhost:3000	::ffff:172.18.0.1
20260718	16:17:10	a6d53713-254d-4d3b-80c6-f374d8e3a1c8	GET	/courses/my	http://localhost:3000	::ffff:172.18.0.1
20260718	16:22:59	eeda696d-f49b-48c2-ab83-a99837ee30bf	GET	/auth/refresh	http://localhost:3000	::ffff:172.18.0.1
20260718	16:23:00	6c1d3a74-16e5-46ea-b30d-81c0804b5d86	GET	/application/6a5b962fee2596635f51f188	http://localhost:3000	::ffff:172.18.0.1
20260718	16:23:00	498a1efa-193d-4d68-9339-e994af19063f	GET	/auth/refresh	http://localhost:3000	::ffff:172.18.0.1
20260718	16:23:00	291f6f70-aeef-4349-9eb2-8266b647815e	OPTIONS	/application/6a5b962fee2596635f51f188	http://localhost:3000	::ffff:172.18.0.1
20260718	16:23:00	fe49d3ba-c00c-4d5a-8450-ba04ef0113a3	GET	/application/6a5b962fee2596635f51f188	http://localhost:3000	::ffff:172.18.0.1
20260718	16:23:03	5cf4b84b-47e5-4fea-a620-3cf885cc1951	OPTIONS	/courses/apply	http://localhost:3000	::ffff:172.18.0.1
20260718	16:23:04	f07ac167-2af3-475a-a0a8-35d0cf3439bd	GET	/courses/apply	http://localhost:3000	::ffff:172.18.0.1
20260718	16:23:04	6f234920-166f-49e9-bcad-8a13b296fd87	OPTIONS	/courses/my	http://localhost:3000	::ffff:172.18.0.1
20260718	16:23:04	5c83a5f6-02ae-4403-b473-b8ceb4e57b3e	GET	/courses/my	http://localhost:3000	::ffff:172.18.0.1
20260718	16:25:58	1e358b80-5ef7-489a-ac61-1dd7a57d8771	OPTIONS	/auth/refresh	http://localhost:3000	::ffff:172.18.0.1
20260718	16:25:58	9412d0b8-5bfa-4301-96e1-02cb0e388945	OPTIONS	/application/6a5b962fee2596635f51f188	http://localhost:3000	::ffff:172.18.0.1
20260718	16:25:58	b0eff92e-5918-438f-b161-ab79ac465226	GET	/auth/refresh	http://localhost:3000	::ffff:172.18.0.1
20260718	16:25:58	86a4a7f0-c4d3-42c4-b2b5-70ab2e403a84	GET	/application/6a5b962fee2596635f51f188	http://localhost:3000	::ffff:172.18.0.1
20260718	16:26:01	5a98a751-1fb2-404f-bf74-67b452f57f73	OPTIONS	/courses/apply	http://localhost:3000	::ffff:172.18.0.1
20260718	16:26:01	68414f79-a7c3-4600-8ca0-fd02d2240432	OPTIONS	/courses/my	http://localhost:3000	::ffff:172.18.0.1
20260718	16:26:01	e1925481-c973-4cf2-821d-679bac6c112f	GET	/courses/apply	http://localhost:3000	::ffff:172.18.0.1
20260718	16:26:02	c9643d15-a465-4691-948e-c8a2e6849156	GET	/courses/my	http://localhost:3000	::ffff:172.18.0.1
20260718	16:27:05	e2075c0e-c361-499a-91e2-d23b394fd263	GET	/application/6a5b962fee2596635f51f188	http://localhost:3000	::ffff:172.18.0.1
20260718	16:27:05	0bc68ee9-800e-4ddc-bff5-1ff73d6efd9c	GET	/auth/refresh	http://localhost:3000	::ffff:172.18.0.1
20260718	16:27:05	c284eca0-9a16-4121-83cc-e58ed05d2d22	GET	/auth/refresh	http://localhost:3000	::ffff:172.18.0.1
20260718	16:27:08	91898c65-98e5-4cb3-8542-c58b0ac3a192	OPTIONS	/application/6a5b962fee2596635f51f188	http://localhost:3000	::ffff:172.18.0.1
20260718	16:27:08	5a04ae4f-07a3-41dd-97f4-503aeb1397e5	GET	/application/6a5b962fee2596635f51f188	http://localhost:3000	::ffff:172.18.0.1
20260718	16:27:14	c290429c-d325-4a17-8049-83beb64f6655	OPTIONS	/courses/my	http://localhost:3000	::ffff:172.18.0.1
20260718	16:27:14	a3d0abaf-3963-4144-8cb2-63e9416acca4	OPTIONS	/courses/apply	http://localhost:3000	::ffff:172.18.0.1
20260718	16:27:14	f6440ef9-3d55-47ad-a098-72d9d5b06f30	GET	/courses/my	http://localhost:3000	::ffff:172.18.0.1
20260718	16:27:14	4d679596-c34d-4c16-9d2f-0ed5f8edbe43	GET	/courses/apply	http://localhost:3000	::ffff:172.18.0.1
20260718	16:37:05	69e4bf81-7b3b-4632-924b-aed87e5fc7c6	OPTIONS	/courses/apply	http://localhost:3000	::ffff:172.18.0.1
20260718	16:37:06	de5d961c-9c04-430a-9a8e-d3ce8d4a2cf1	GET	/courses/apply	http://localhost:3000	::ffff:172.18.0.1
20260718	16:37:08	abcdb223-98fd-47a8-92f0-c423485dbb40	OPTIONS	/courses/my	http://localhost:3000	::ffff:172.18.0.1
20260718	16:37:08	28345136-b6b0-4816-89bb-745cf8110356	GET	/courses/my	http://localhost:3000	::ffff:172.18.0.1
20260718	16:43:49	19b0ccbe-9a7f-4121-93b6-f74b899d13c6	OPTIONS	/courses/apply	http://localhost:3000	::ffff:172.18.0.1
20260718	16:43:49	e966cd67-0729-45a6-b657-8726e75e9e92	GET	/courses/apply	http://localhost:3000	::ffff:172.18.0.1
20260718	16:43:51	6f5a9e21-4488-43c2-8e84-b464dfeb4f66	GET	/courses/my	http://localhost:3000	::ffff:172.18.0.1
20260718	16:43:50	98c9fb56-6f25-4ab2-be7f-b43adc31b145	OPTIONS	/courses/my	http://localhost:3000	::ffff:172.18.0.1
20260718	16:45:07	0535ecdc-28c2-436f-b46f-fd0de75086c0	OPTIONS	/application/6a5b962fee2596635f51f188	http://localhost:3000	::ffff:172.18.0.1
20260718	16:45:07	84db5374-f910-4783-beb7-2270c105105d	PATCH	/application/6a5b962fee2596635f51f188	http://localhost:3000	::ffff:172.18.0.1
20260718	16:49:47	39e4bde9-31e8-413e-93db-c5d52ec1196d	OPTIONS	/application/6a5b962fee2596635f51f188	http://localhost:3000	::ffff:172.18.0.1
20260718	16:49:47	9eae91f4-2436-4af1-9729-c4cb034182d2	PATCH	/application/6a5b962fee2596635f51f188	http://localhost:3000	::ffff:172.18.0.1
20260718	16:50:04	c8e0e1c3-72f9-430e-aaa4-b3cdfa679891	OPTIONS	/application	http://localhost:3000	::ffff:172.18.0.1
20260718	16:50:04	98efebdd-23e1-47be-b4de-1a7f4826414d	GET	/application	http://localhost:3000	::ffff:172.18.0.1
20260718	16:50:33	4abb3a2c-6ac3-4aca-9ca4-8e6d897f6fb6	OPTIONS	/courses/my	http://localhost:3000	::ffff:172.18.0.1
20260718	16:50:33	7602d0a7-bfea-4031-ab5a-70b48aa77842	OPTIONS	/courses/apply	http://localhost:3000	::ffff:172.18.0.1
20260718	16:50:33	6906fc7d-601e-411e-8fe1-923ed57e459c	OPTIONS	/application/6a5b962fee2596635f51f188	http://localhost:3000	::ffff:172.18.0.1
20260718	16:50:33	e1b0879c-d818-41c3-9254-841bf2aee2e2	GET	/courses/apply	http://localhost:3000	::ffff:172.18.0.1
20260718	16:50:33	62266761-3d74-4838-b6c0-93c9a617cd2f	GET	/application/6a5b962fee2596635f51f188	http://localhost:3000	::ffff:172.18.0.1
20260718	16:50:33	dba168cd-52fc-4a1f-b43c-03345e676320	GET	/courses/my	http://localhost:3000	::ffff:172.18.0.1
20260718	17:19:00	e4121c85-63af-48ed-a66a-f901c932dda5	GET	/application	http://localhost:3000	::ffff:172.18.0.1
20260718	17:19:01	25fb7aa9-c804-4155-8abe-77a77af5e805	GET	/auth/refresh	http://localhost:3000	::ffff:172.18.0.1
20260718	17:19:01	9021c91e-1f25-4e40-aa2a-2cd7c0f983e1	GET	/auth/refresh	http://localhost:3000	::ffff:172.18.0.1
20260718	17:19:04	819a2abb-ac37-4fee-abcf-5dc749391430	OPTIONS	/application	http://localhost:3000	::ffff:172.18.0.1
20260718	17:19:04	81247b3a-0d8a-4777-b005-560a8235ceb8	GET	/application	http://localhost:3000	::ffff:172.18.0.1
20260718	17:22:43	1a6ba868-9545-4f18-be43-bc1a24e9927e	OPTIONS	/application/6a5b962fee2596635f51f188	http://localhost:3000	::ffff:172.18.0.1
20260718	17:22:43	dd6b9a96-50fb-4bb3-a1df-99ade3c1ea75	GET	/application/6a5b962fee2596635f51f188	http://localhost:3000	::ffff:172.18.0.1
20260718	17:22:46	0dca4c5f-ffee-4f9e-a9be-52696035d0e4	OPTIONS	/courses/apply	http://localhost:3000	::ffff:172.18.0.1
20260718	17:22:46	c11e4ee8-268a-4a92-b78d-7b0ec0ad2e48	GET	/courses/apply	http://localhost:3000	::ffff:172.18.0.1
20260718	17:22:46	1f1e0d3c-a335-4c2b-81bb-810038befeed	OPTIONS	/courses/my	http://localhost:3000	::ffff:172.18.0.1
20260718	17:22:46	887b71af-eab8-4847-83a7-c84c7f35bf9c	GET	/courses/my	http://localhost:3000	::ffff:172.18.0.1
20260718	17:37:02	160555a0-7790-4b60-b5d5-b313eb65d2cc	OPTIONS	/auth/refresh	http://localhost:3000	::ffff:172.18.0.1
20260718	17:37:02	4bdedbfb-8bfb-43ed-8bf8-7e029c9c59b5	OPTIONS	/application/6a5b962fee2596635f51f188	http://localhost:3000	::ffff:172.18.0.1
20260718	17:37:02	0d2af2f9-bdbe-471e-8134-ad947e56794b	GET	/auth/refresh	http://localhost:3000	::ffff:172.18.0.1
20260718	17:37:03	9f41c5db-87b0-4d88-9f34-9f0280f734b9	GET	/application/6a5b962fee2596635f51f188	http://localhost:3000	::ffff:172.18.0.1
20260718	17:38:37	762093ff-eee8-46d2-813a-d3ad8fbd6b18	GET	/auth/refresh	http://localhost:3000	::ffff:172.18.0.1
20260718	17:38:37	63f152b0-c021-4e8d-9238-0921faa18e3b	GET	/application/6a5b962fee2596635f51f188	http://localhost:3000	::ffff:172.18.0.1
20260718	17:38:40	66893bcb-0d80-4442-a01e-669346da4e12	GET	/auth/refresh	http://localhost:3000	::ffff:172.18.0.1
20260718	17:38:41	9e1d0434-c345-484c-98b3-c096a6cfc125	GET	/application/6a5b962fee2596635f51f188	http://localhost:3000	::ffff:172.18.0.1
20260718	17:38:41	22a4edec-7bd2-40a2-b3b8-dbe0dfb7c252	OPTIONS	/application/6a5b962fee2596635f51f188	http://localhost:3000	::ffff:172.18.0.1
20260718	17:38:49	0224d31a-bf06-4090-8ba5-d8657399c979	OPTIONS	/courses/apply	http://localhost:3000	::ffff:172.18.0.1
20260718	17:38:49	11f0eccd-c432-4883-adf5-c9ba8062b5eb	OPTIONS	/courses/my	http://localhost:3000	::ffff:172.18.0.1
20260718	17:38:49	f92897f8-0f53-46c7-812a-e9da91c020e6	GET	/courses/apply	http://localhost:3000	::ffff:172.18.0.1
20260718	17:38:49	6904cb3c-da56-4933-9625-6047abe7c88b	GET	/courses/my	http://localhost:3000	::ffff:172.18.0.1
20260718	17:56:48	cc93a5e4-291a-4487-8307-dc040cc8e19b	OPTIONS	/courses/apply	http://localhost:3000	::ffff:172.18.0.1
20260718	17:56:48	2c1232d4-4685-4a26-bd2a-a99104238b41	GET	/courses/apply	http://localhost:3000	::ffff:172.18.0.1
20260718	17:56:50	d2e75b1f-8a63-48b0-b814-389fb87d4121	OPTIONS	/courses/my	http://localhost:3000	::ffff:172.18.0.1
20260718	17:56:50	d50fcf16-abfa-469b-bca6-3a6949a5f57d	OPTIONS	/auth/refresh	http://localhost:3000	::ffff:172.18.0.1
20260718	17:56:50	8fbb7abd-0ed6-40a1-a273-f198fa55d74f	GET	/courses/my	http://localhost:3000	::ffff:172.18.0.1
20260718	17:56:50	d720e6d4-b76f-4a5c-b460-46bcc49eef9e	GET	/auth/refresh	http://localhost:3000	::ffff:172.18.0.1
20260718	20:33:51	c67da594-7e63-4066-8c5e-4af16c7e152a	GET	/application/6a5b962fee2596635f51f188	http://localhost:3000	::ffff:172.18.0.1
20260718	20:33:52	dd802271-e272-40de-be1f-7e3d83bac1cd	GET	/auth/refresh	http://localhost:3000	::ffff:172.18.0.1
20260718	20:33:57	9977f1a7-f2da-4625-bd08-93090a1246d8	GET	/auth/refresh	http://localhost:3000	::ffff:172.18.0.1
20260718	20:33:58	d3e0ae89-7bf4-4d3c-8747-a223b93d86a7	OPTIONS	/application/6a5b962fee2596635f51f188	http://localhost:3000	::ffff:172.18.0.1
20260718	20:33:58	71b75944-53e5-4978-8379-53ea45b64341	GET	/application/6a5b962fee2596635f51f188	http://localhost:3000	::ffff:172.18.0.1
20260718	20:34:16	0d08e901-566e-4eb2-bd9f-2f2ef9cc8377	OPTIONS	/application/6a5b962fee2596635f51f188	http://localhost:3000	::ffff:172.18.0.1
20260718	20:34:17	40c41b10-71cb-4556-96ec-9752e38f363f	GET	/application/6a5b962fee2596635f51f188	http://localhost:3000	::ffff:172.18.0.1
20260718	20:35:21	364b8266-de33-4efd-a3a1-cdc1a8cfbaaa	GET	/application/6a5b962fee2596635f51f188	http://localhost:3000	::ffff:172.18.0.1
20260718	20:35:21	cd70636d-4aa6-4157-9e09-4afaa3dd2aee	GET	/auth/refresh	http://localhost:3000	::ffff:172.18.0.1
20260718	20:35:21	0f72c291-26df-4f94-8eeb-425a7229236d	GET	/auth/refresh	http://localhost:3000	::ffff:172.18.0.1
20260718	20:35:21	0ec21af2-e5a6-45ea-bc09-91ad1121bf90	OPTIONS	/application/6a5b962fee2596635f51f188	http://localhost:3000	::ffff:172.18.0.1
20260718	20:35:21	d30f3869-729e-4158-afae-a5865be4fb92	GET	/application/6a5b962fee2596635f51f188	http://localhost:3000	::ffff:172.18.0.1
20260718	20:35:23	ee444654-29dd-487e-ae1d-7097983a1ea0	GET	/application/6a5b962fee2596635f51f188	http://localhost:3000	::ffff:172.18.0.1
20260718	20:36:11	c45d784e-9044-4304-9aa3-926f13fc34bd	GET	/auth/refresh	http://localhost:3000	::ffff:172.18.0.1
20260718	20:36:11	fb5120ef-fa6a-4ed4-bf4d-15f6e4dd52e0	GET	/application	http://localhost:3000	::ffff:172.18.0.1
20260718	20:36:11	548999a2-d28e-4cbf-bb3d-116e934b4008	GET	/auth/refresh	http://localhost:3000	::ffff:172.18.0.1
20260718	20:36:11	9dcfc3d4-f2cf-416b-9523-f6a62d1f762e	OPTIONS	/application	http://localhost:3000	::ffff:172.18.0.1
20260718	20:36:11	c4294d2b-21f1-4bac-b1a7-a5e8ed144041	GET	/application	http://localhost:3000	::ffff:172.18.0.1
20260718	20:36:38	e24674dd-e0b4-4149-ac14-630b91b47b0e	OPTIONS	/application/6a4e72ea0bdd1032b18137ed	http://localhost:3000	::ffff:172.18.0.1
20260718	20:36:38	90dce2d4-bb76-4cd1-9fd7-7700e5a4d196	GET	/application/6a4e72ea0bdd1032b18137ed	http://localhost:3000	::ffff:172.18.0.1
20260718	20:37:55	16d0f033-7992-406c-9b70-ff5fc706e721	GET	/auth/refresh	http://localhost:3000	::ffff:172.18.0.1
20260718	20:37:55	6fb4a92c-6608-4252-b669-471f2d260171	GET	/application	http://localhost:3000	::ffff:172.18.0.1
20260718	20:37:55	c87a6d9c-1126-4d59-af05-a915f9fa3a7e	GET	/auth/refresh	http://localhost:3000	::ffff:172.18.0.1
20260718	20:37:55	f9af1aff-ac72-4e87-a2df-698b129d66d0	OPTIONS	/application	http://localhost:3000	::ffff:172.18.0.1
20260718	20:37:56	31c7efe1-75d9-4409-929e-166af77615ec	GET	/application	http://localhost:3000	::ffff:172.18.0.1
20260718	20:40:16	9e8129c5-d95f-4df7-bdfb-d6a1da4d392d	GET	/profile/incomplete/	http://localhost:3000	::ffff:172.18.0.1
20260718	20:40:16	25ef3b13-da26-4964-83a0-a79caa8102de	OPTIONS	/profile/incomplete/	http://localhost:3000	::ffff:172.18.0.1
20260718	20:40:19	ada5d09d-95f6-444d-b136-51509f100084	GET	/profile/incomplete/	http://localhost:3000	::ffff:172.18.0.1
20260718	20:47:49	dacd5440-c575-4b6a-ae95-4af8a2d96f68	OPTIONS	/auth/refresh	http://localhost:3000	::ffff:172.18.0.1
20260718	20:47:49	044a4fd1-26d1-4b1d-a46b-7cd4e27306c7	OPTIONS	/profile/incomplete/	http://localhost:3000	::ffff:172.18.0.1
20260718	20:47:49	886e6537-95a9-4813-a57c-80b01e64f7d0	GET	/profile/incomplete/	http://localhost:3000	::ffff:172.18.0.1
20260718	20:47:49	e04ab99a-ccd8-4c67-b9f9-2e4313a26d9e	GET	/auth/refresh	http://localhost:3000	::ffff:172.18.0.1
20260718	20:49:43	cdf82d29-aecc-4c32-aaf0-97e401c51766	OPTIONS	/profile/incomplete	http://localhost:3000	::ffff:172.18.0.1
20260718	20:49:43	0b1685fb-2805-4335-9da0-36284874294f	GET	/profile/incomplete	http://localhost:3000	::ffff:172.18.0.1
20260718	20:53:24	217143bc-0679-4bc0-ba9d-02b493a953d7	GET	/auth/refresh	http://localhost:3000	::ffff:172.18.0.1
20260718	20:53:24	fecb4ebf-4826-4e13-8303-e96a5cc19088	GET	/application	http://localhost:3000	::ffff:172.18.0.1
20260718	20:53:24	bb26ca53-d994-4732-934a-62e33274de9c	GET	/auth/refresh	http://localhost:3000	::ffff:172.18.0.1
20260718	20:53:24	feb904ec-d832-457d-be16-79c3c65ad81b	OPTIONS	/application	http://localhost:3000	::ffff:172.18.0.1
20260718	20:53:24	11d51c95-1e71-4ea3-bfbd-1d11aac8925a	GET	/application	http://localhost:3000	::ffff:172.18.0.1
20260718	20:53:26	e0bef526-d150-439f-bc3b-0956e805c910	GET	/profile/incomplete	http://localhost:3000	::ffff:172.18.0.1
20260718	20:53:26	349588e9-df3f-4d3e-a174-6158bb18ff03	OPTIONS	/profile/incomplete	http://localhost:3000	::ffff:172.18.0.1
20260718	20:55:50	633b0e44-8273-482d-902e-df0b4e880579	GET	/application	http://localhost:3000	::ffff:172.18.0.1
20260718	20:55:50	2e572865-1d6a-4ee5-abb7-747af90f693d	GET	/auth/refresh	http://localhost:3000	::ffff:172.18.0.1
20260718	20:55:51	c96a4d5f-c0f3-48d0-ad22-2ff663f6c8d4	GET	/auth/refresh	http://localhost:3000	::ffff:172.18.0.1
20260718	20:55:51	11854e1b-a9f6-4748-9cf6-b8faffbd9d0c	OPTIONS	/application	http://localhost:3000	::ffff:172.18.0.1
20260718	20:55:51	ad97e88d-aa1a-4998-bc97-4e7acb2a586a	GET	/application	http://localhost:3000	::ffff:172.18.0.1
20260718	20:55:52	09b61734-d116-4245-bceb-0c10c427f9dd	OPTIONS	/profile/incomplete	http://localhost:3000	::ffff:172.18.0.1
20260718	20:55:53	dd5fec07-6051-4de9-aea3-de9b76c2a5c9	GET	/profile/incomplete	http://localhost:3000	::ffff:172.18.0.1
20260718	21:06:44	1b98b9c9-b806-4e14-8003-46217e0051c9	GET	/application	http://localhost:3000	::ffff:172.18.0.1
20260718	21:06:45	9370ab21-08b4-4d31-b9d3-b56739f422f3	GET	/auth/refresh	http://localhost:3000	::ffff:172.18.0.1
20260718	21:06:45	dcb484d6-7e82-40eb-a61e-4bfdbc033896	GET	/auth/refresh	http://localhost:3000	::ffff:172.18.0.1
20260718	21:06:45	c530cd28-0605-4af0-8b67-a80ed6d9440a	OPTIONS	/application	http://localhost:3000	::ffff:172.18.0.1
20260718	21:06:45	f35b9830-d725-44b6-8a6b-877e5266dc4f	GET	/application	http://localhost:3000	::ffff:172.18.0.1
20260718	21:06:47	0d6c3f02-e2e3-44a7-862d-3cfb4242aedc	OPTIONS	/profile/incomplete	http://localhost:3000	::ffff:172.18.0.1
20260718	21:06:47	fab66d86-07f8-49ab-a8af-4bef7fed15fc	GET	/profile/incomplete	http://localhost:3000	::ffff:172.18.0.1
20260718	21:10:26	12c5f325-a6d4-47b6-9a33-f1dc051b1f40	GET	/auth/refresh	http://localhost:3000	::ffff:172.18.0.1
20260718	21:10:26	adaf71cf-4901-4343-88a2-badbe27c29b6	GET	/application	http://localhost:3000	::ffff:172.18.0.1
20260718	21:10:26	4bf25392-aab8-4d33-aac7-2c80a85cf29c	GET	/auth/refresh	http://localhost:3000	::ffff:172.18.0.1
20260718	21:10:26	aa6282e5-5c05-4112-bff8-4e963c8d482e	OPTIONS	/application	http://localhost:3000	::ffff:172.18.0.1
20260718	21:10:26	2e8f084a-9c91-427a-854c-7b88990215c6	GET	/application	http://localhost:3000	::ffff:172.18.0.1
20260718	21:10:28	bba70e84-6189-49c8-826f-fa86c9716362	OPTIONS	/profile/incomplete	http://localhost:3000	::ffff:172.18.0.1
20260718	21:10:28	bcc586e3-1eca-4890-8de2-8673ca32d240	GET	/profile/incomplete	http://localhost:3000	::ffff:172.18.0.1
20260718	21:15:45	799d14ed-908c-47dc-a1ac-a913b163053b	OPTIONS	/profile/6a5992913f256c8a29f21642	http://localhost:3000	::ffff:172.18.0.1
20260718	21:15:45	f75bfdb7-4a06-4062-842b-b1ab48783520	GET	/profile/6a5992913f256c8a29f21642	http://localhost:3000	::ffff:172.18.0.1
20260718	21:17:19	48de69c3-9469-4e71-b002-a08cbb4bac5b	OPTIONS	/profile/contact/6a5992913f256c8a29f21642	http://localhost:3000	::ffff:172.18.0.1
20260718	21:17:19	c0b64157-a5a6-4ebc-8904-5c5b665449b7	PATCH	/profile/contact/6a5992913f256c8a29f21642	http://localhost:3000	::ffff:172.18.0.1
20260718	21:17:30	ba0097ec-d5a7-4aa1-a5d5-6f490f919ef5	OPTIONS	/profile/mailing/6a5992913f256c8a29f21642	http://localhost:3000	::ffff:172.18.0.1
20260718	21:17:30	3baf1df8-acd9-44e6-8f6a-f7962eda2601	PATCH	/profile/mailing/6a5992913f256c8a29f21642	http://localhost:3000	::ffff:172.18.0.1
20260718	21:18:01	d16d3413-e566-4e0b-b767-431b26dfdec2	GET	/auth/refresh	http://localhost:3000	::ffff:172.18.0.1
20260718	21:18:01	0466ec11-13c3-4346-966a-52fdb4fa02bd	GET	/application	http://localhost:3000	::ffff:172.18.0.1
20260718	21:18:01	b4af8092-c4d6-4e51-b457-1508c3cfc9c3	GET	/auth/refresh	http://localhost:3000	::ffff:172.18.0.1
20260718	21:18:01	f6deea30-9e7e-4614-bdfc-3c5e3ebb5fc6	OPTIONS	/application	http://localhost:3000	::ffff:172.18.0.1
20260718	21:18:01	1f6d6160-f61e-4091-a548-55b27f48264e	GET	/application	http://localhost:3000	::ffff:172.18.0.1
20260718	21:18:02	0394868f-592f-4ba7-bd51-56b8a0814b0e	OPTIONS	/profile/incomplete	http://localhost:3000	::ffff:172.18.0.1
20260718	21:18:02	e5aa74d3-6cc0-471b-9d57-d32024a2d6a7	GET	/profile/incomplete	http://localhost:3000	::ffff:172.18.0.1
20260718	21:20:52	5f9962fc-f278-46de-b424-5931e59f970c	OPTIONS	/profile/6a5992913f256c8a29f21642	http://localhost:3000	::ffff:172.18.0.1
20260718	21:20:52	c9422db1-e717-4bf6-bc16-57179d180875	GET	/profile/6a5992913f256c8a29f21642	http://localhost:3000	::ffff:172.18.0.1
20260718	21:21:36	efa19313-9783-40fb-a740-a567038b4cf7	OPTIONS	/profile/documents/6a5992913f256c8a29f21642	http://localhost:3000	::ffff:172.18.0.1
20260718	21:21:36	9eccaa41-9f12-4a11-8745-b513195cd5f9	PATCH	/profile/documents/6a5992913f256c8a29f21642	http://localhost:3000	::ffff:172.18.0.1
20260718	21:21:41	e8219a87-59ea-4942-8f10-4515c7339ec1	OPTIONS	/courses/apply	http://localhost:3000	::ffff:172.18.0.1
20260718	21:21:41	4b793690-05f2-492e-ac6c-13476e5b538f	OPTIONS	/courses/my	http://localhost:3000	::ffff:172.18.0.1
20260718	21:21:41	b149a220-6e88-4370-b907-cd26872a5c42	GET	/courses/apply	http://localhost:3000	::ffff:172.18.0.1
20260718	21:21:41	c3a88f6d-b2e9-4996-89b6-fbccb44e620a	GET	/courses/my	http://localhost:3000	::ffff:172.18.0.1
20260718	21:22:44	129aab4f-66ca-4ace-856a-fd5d174a0145	POST	/application/6a5992913f256c8a29f21642	http://localhost:3000	::ffff:172.18.0.1
20260718	21:22:44	22d23e8f-336c-4af0-8758-601c76fbcf94	OPTIONS	/application/6a5992913f256c8a29f21642	http://localhost:3000	::ffff:172.18.0.1
20260718	21:24:11	dc54545d-8e29-4091-adad-3a686dbcc19f	GET	/auth/refresh	http://localhost:3000	::ffff:172.18.0.1
20260718	21:24:11	3067f856-d34f-4fdd-9998-6d0380b4f9cc	GET	/application	http://localhost:3000	::ffff:172.18.0.1
20260718	21:24:11	af018b7b-5877-4495-9aeb-a47d5eb58f84	GET	/auth/refresh	http://localhost:3000	::ffff:172.18.0.1
20260718	21:24:11	743972b1-e0e9-4199-a7dd-c430731963ab	OPTIONS	/application	http://localhost:3000	::ffff:172.18.0.1
20260718	21:24:11	333ac7e7-63cd-49e5-824d-db76f5d44dda	GET	/application	http://localhost:3000	::ffff:172.18.0.1
20260718	21:24:12	944aef7a-a4e8-41c2-9e09-a33949150d6b	OPTIONS	/profile/incomplete	http://localhost:3000	::ffff:172.18.0.1
20260718	21:24:13	232359b1-f907-4a33-aab5-4f5691933443	GET	/profile/incomplete	http://localhost:3000	::ffff:172.18.0.1
20260718	21:25:07	0202d6cc-5a33-4ca1-9877-6f40698ef19d	OPTIONS	/application/6a5beea61ea42431aba36e0b	http://localhost:3000	::ffff:172.18.0.1
20260718	21:25:07	ea099fbf-d968-42ae-8183-e848d47c7545	GET	/application/6a5beea61ea42431aba36e0b	http://localhost:3000	::ffff:172.18.0.1
20260718	21:29:38	1ad39624-f03e-4d68-a746-5743f4dd5181	GET	/application	http://localhost:3000	::ffff:172.18.0.1
20260718	21:29:38	8d2877bf-cf11-46b9-9ddc-8098a8997064	GET	/auth/refresh	http://localhost:3000	::ffff:172.18.0.1
20260718	21:29:38	aa4d6e0c-895c-461e-8554-36ee11f2e438	GET	/auth/refresh	http://localhost:3000	::ffff:172.18.0.1
20260718	21:29:39	6fb03250-a182-42f1-82de-07491c70cfc1	GET	/application	http://localhost:3000	::ffff:172.18.0.1
20260718	21:29:39	433312e9-8dfe-4917-a586-204556a492b5	OPTIONS	/application	http://localhost:3000	::ffff:172.18.0.1
20260718	21:29:40	24335877-d3c5-45c7-b746-4f04419b80c0	OPTIONS	/profile/incomplete	http://localhost:3000	::ffff:172.18.0.1
20260718	21:29:40	67fbca65-26b2-49dc-8c0f-669bcdb391c5	GET	/profile/incomplete	http://localhost:3000	::ffff:172.18.0.1
20260718	21:33:16	2d58ae2c-da07-4ed7-a512-6835e96d10d8	OPTIONS	/application/6a4e72ea0bdd1032b18137ed	http://localhost:3000	::ffff:172.18.0.1
20260718	21:33:16	2a6c6d9e-23d0-433b-9719-58e64dc0ccb7	GET	/application/6a4e72ea0bdd1032b18137ed	http://localhost:3000	::ffff:172.18.0.1
20260718	21:38:58	d3110a13-5a09-4a37-ad53-7ca66fd072e3	GET	/application/6a4e72ea0bdd1032b18137ed	http://localhost:3000	::ffff:172.18.0.1
20260718	21:38:58	8b7c4dcf-81f5-453e-88bd-f636bbf3c335	GET	/auth/refresh	http://localhost:3000	::ffff:172.18.0.1
20260718	21:38:59	d32699b4-7c88-42fa-a906-7c365a422f48	GET	/auth/refresh	http://localhost:3000	::ffff:172.18.0.1
20260718	21:38:59	fc4884c5-405c-450c-8893-326acbb03b80	OPTIONS	/application/6a4e72ea0bdd1032b18137ed	http://localhost:3000	::ffff:172.18.0.1
20260718	21:38:59	cc13e14c-39f8-4ad5-aa64-5d7073302c76	GET	/application/6a4e72ea0bdd1032b18137ed	http://localhost:3000	::ffff:172.18.0.1
20260718	21:43:56	99d5742e-e716-4a75-af6d-d550e76c8eda	OPTIONS	/application/fee/6a4e72ea0bdd1032b18137ed	http://localhost:3000	::ffff:172.18.0.1
20260718	21:43:57	9b15637c-8e65-4dd7-bf19-40501d80b36e	POST	/application/fee/6a4e72ea0bdd1032b18137ed	http://localhost:3000	::ffff:172.18.0.1
20260718	21:49:22	9c98e509-1463-453f-9127-bdc2ec11ff2a	GET	/auth/refresh	http://localhost:3000	::ffff:172.18.0.1
20260718	21:49:22	a99083c9-f4c7-447e-9fc0-8530ca3bef70	GET	/application/6a4e72ea0bdd1032b18137ed	http://localhost:3000	::ffff:172.18.0.1
20260718	21:49:22	0b143d53-7372-4caa-b11c-3ea360b7cb27	GET	/auth/refresh	http://localhost:3000	::ffff:172.18.0.1
20260718	21:49:22	22c957d8-6b0f-468c-929f-e0f206bb8f95	OPTIONS	/application/6a4e72ea0bdd1032b18137ed	http://localhost:3000	::ffff:172.18.0.1
20260718	21:49:22	7cd56714-2c81-4dab-b723-6842cfdca061	GET	/application/6a4e72ea0bdd1032b18137ed	http://localhost:3000	::ffff:172.18.0.1
20260718	21:50:01	08d1bb17-45d5-46f8-8ff9-cda68e145421	GET	/application	http://localhost:3000	::ffff:172.18.0.1
20260718	21:50:01	4d047d03-a5fd-4ab8-9b17-1aa24344a8e6	GET	/auth/refresh	http://localhost:3000	::ffff:172.18.0.1
20260718	21:50:01	f91a5aca-ea9b-4acc-85ab-d3aa7e3f032d	GET	/auth/refresh	http://localhost:3000	::ffff:172.18.0.1
20260718	21:50:02	5f3a08df-e92b-41c5-b8d1-3c4996525f99	OPTIONS	/application	http://localhost:3000	::ffff:172.18.0.1
20260718	21:50:02	8063120f-e9b0-44ef-982f-590c59a26cfb	GET	/application	http://localhost:3000	::ffff:172.18.0.1
20260718	21:50:03	6627f2ef-c5f1-49fc-8c3c-dd92963aa968	GET	/profile/incomplete	http://localhost:3000	::ffff:172.18.0.1
20260718	21:50:03	043da023-818a-4fbc-af5e-b0460b45e8bf	OPTIONS	/profile/incomplete	http://localhost:3000	::ffff:172.18.0.1
20260718	21:50:43	21c007ec-9e16-46d8-b3b2-9edb2473de63	OPTIONS	/profile	http://localhost:3000	::ffff:172.18.0.1
20260718	21:50:43	82da118b-310c-4559-ae3b-caf96afac8c3	POST	/profile	http://localhost:3000	::ffff:172.18.0.1
20260718	21:50:52	4f2baf0c-0828-467d-b999-ff0d34350f22	OPTIONS	/profile/6a5bf5331ea42431aba36e33	http://localhost:3000	::ffff:172.18.0.1
20260718	21:50:52	43cd0dcd-f6e5-47ab-b9ea-aaf1737dd5bd	GET	/profile/6a5bf5331ea42431aba36e33	http://localhost:3000	::ffff:172.18.0.1
20260718	21:56:47	00e158e9-1fb9-46cb-88d0-3973bba369f7	OPTIONS	/profile/contact/6a5bf5331ea42431aba36e33	http://localhost:3000	::ffff:172.18.0.1
20260718	21:56:47	4862c87f-36e4-444d-92b7-17c0e202fae1	PATCH	/profile/contact/6a5bf5331ea42431aba36e33	http://localhost:3000	::ffff:172.18.0.1
20260718	21:57:07	0ecda6b6-e18d-4b90-be0d-644312695c81	OPTIONS	/profile/mailing/6a5bf5331ea42431aba36e33	http://localhost:3000	::ffff:172.18.0.1
20260718	21:57:07	bff426c1-caa0-4718-b588-bb1a750218b8	PATCH	/profile/mailing/6a5bf5331ea42431aba36e33	http://localhost:3000	::ffff:172.18.0.1
20260718	21:58:31	456cb102-e934-4960-bae0-1ab67bbc373e	OPTIONS	/profile/parent/6a5bf5331ea42431aba36e33	http://localhost:3000	::ffff:172.18.0.1
20260718	21:58:31	f98788ad-d9ac-495c-8ead-cf63c68bee6a	PATCH	/profile/parent/6a5bf5331ea42431aba36e33	http://localhost:3000	::ffff:172.18.0.1
20260718	21:58:46	33f5ff20-b7fc-46a7-8850-cce7b3d16629	OPTIONS	/profile/parent/6a5bf5331ea42431aba36e33	http://localhost:3000	::ffff:172.18.0.1
20260718	21:58:46	c4c683b3-a04d-41fb-9c14-48fe128a9d52	PATCH	/profile/parent/6a5bf5331ea42431aba36e33	http://localhost:3000	::ffff:172.18.0.1
20260718	21:59:30	161fd7cc-a74a-4462-9f53-52649b485cc4	OPTIONS	/profile/academic/6a5bf5331ea42431aba36e33	http://localhost:3000	::ffff:172.18.0.1
20260718	21:59:30	79b544a4-cab8-4d66-bd83-b6f8cb1fec1c	PATCH	/profile/academic/6a5bf5331ea42431aba36e33	http://localhost:3000	::ffff:172.18.0.1
20260718	21:59:40	4170f8fc-660d-40e5-935a-101dd9f60fd8	PATCH	/profile/citizenship/6a5bf5331ea42431aba36e33	http://localhost:3000	::ffff:172.18.0.1
20260718	21:59:40	f661e5f5-65a8-4950-9eac-548b4b2410bb	OPTIONS	/profile/citizenship/6a5bf5331ea42431aba36e33	http://localhost:3000	::ffff:172.18.0.1
20260718	21:59:49	f420a203-5c22-4f0b-9cd6-27a1788ca345	OPTIONS	/profile/documents/6a5bf5331ea42431aba36e33	http://localhost:3000	::ffff:172.18.0.1
20260718	21:59:49	1e47962e-f95d-48d7-af65-1992fbbef49a	PATCH	/profile/documents/6a5bf5331ea42431aba36e33	http://localhost:3000	::ffff:172.18.0.1
20260718	22:00:13	2d075ba1-3e5a-4442-9be3-14c8f255c666	OPTIONS	/application/6a5bf5331ea42431aba36e33	http://localhost:3000	::ffff:172.18.0.1
20260718	22:00:13	5a781841-05cc-4d87-952a-ed779835f02c	POST	/application/6a5bf5331ea42431aba36e33	http://localhost:3000	::ffff:172.18.0.1
20260718	22:07:30	b87d8d16-8636-4ce8-b1e3-92f3b526c09c	GET	/application	http://localhost:3000	::ffff:172.18.0.1
20260718	22:07:30	05b0a2ce-24a1-44aa-b7ab-f012440877d8	GET	/auth/refresh	http://localhost:3000	::ffff:172.18.0.1
20260718	22:07:30	33b2f1db-ccc3-4a4b-9f86-5a4b79b69907	OPTIONS	/auth/refresh	http://localhost:3000	::ffff:172.18.0.1
20260718	22:07:30	74eaba76-2b2c-492a-8983-b7e78f7ff915	GET	/auth/refresh	http://localhost:3000	::ffff:172.18.0.1
20260718	22:07:30	99df7dcb-bdc7-4c66-b1ee-f95dcfe963ff	OPTIONS	/application	http://localhost:3000	::ffff:172.18.0.1
20260718	22:07:30	f3e02712-5a47-4b5f-bbeb-9c460e950e71	GET	/application	http://localhost:3000	::ffff:172.18.0.1
20260718	22:07:32	e666981f-01b5-4d52-9ee6-7a9e4a05538e	OPTIONS	/profile/incomplete	http://localhost:3000	::ffff:172.18.0.1
20260718	22:07:32	b3e13174-3fd3-4d3a-83a2-a1d304a8de4a	GET	/profile/incomplete	http://localhost:3000	::ffff:172.18.0.1
20260718	22:08:04	5833bd3d-c30e-41c6-b250-f889ec98ac5f	GET	/profile/6a5bf5331ea42431aba36e33	http://localhost:3000	::ffff:172.18.0.1
20260718	22:08:04	48f56d92-a25d-485c-9418-3b3b2de888b5	OPTIONS	/profile/6a5bf5331ea42431aba36e33	http://localhost:3000	::ffff:172.18.0.1
20260718	22:09:00	bd2e4bd7-e245-47bb-b0ff-89c262edf025	OPTIONS	/profile/documents/6a5bf5331ea42431aba36e33	http://localhost:3000	::ffff:172.18.0.1
20260718	22:09:00	fa339cf7-45b3-44ba-8121-9a3423a003af	PATCH	/profile/documents/6a5bf5331ea42431aba36e33	http://localhost:3000	::ffff:172.18.0.1
20260718	22:09:06	293ad7f4-61bc-4c12-b643-a01150ccf113	OPTIONS	/application/6a5bf5331ea42431aba36e33	http://localhost:3000	::ffff:172.18.0.1
20260718	22:09:06	76c1cd66-a2ca-44a5-adb6-af6931bfa697	POST	/application/6a5bf5331ea42431aba36e33	http://localhost:3000	::ffff:172.18.0.1
20260718	22:10:00	f7d481bd-eba6-486d-9257-54689d01c5eb	GET	/auth/refresh	http://localhost:3000	::ffff:172.18.0.1
20260718	22:10:00	69b7ebf9-37eb-4b0e-9735-8925907da99a	GET	/application	http://localhost:3000	::ffff:172.18.0.1
20260718	22:10:00	f0ccdca1-29ee-41fe-8db4-f31fb736ff37	GET	/auth/refresh	http://localhost:3000	::ffff:172.18.0.1
20260718	22:10:00	1e7527f1-366c-4a13-829c-eba1d31d5752	OPTIONS	/application	http://localhost:3000	::ffff:172.18.0.1
20260718	22:10:01	d9dff5e5-3ad0-424f-ad3f-f04ae0534ab6	GET	/application	http://localhost:3000	::ffff:172.18.0.1
20260718	22:10:02	ff154d3d-1dfa-45d3-8454-01becec6f922	OPTIONS	/profile/incomplete	http://localhost:3000	::ffff:172.18.0.1
20260718	22:10:02	3cf592e1-e564-4386-86ad-b20c3bc39746	GET	/profile/incomplete	http://localhost:3000	::ffff:172.18.0.1
20260718	22:10:47	d4fe9226-003f-492b-b6e7-5ca97315e7ed	OPTIONS	/application/6a5bf98496928a986e97c27f	http://localhost:3000	::ffff:172.18.0.1
20260718	22:10:48	80ba6695-72aa-4f83-9920-cff8d0c14fde	GET	/application/6a5bf98496928a986e97c27f	http://localhost:3000	::ffff:172.18.0.1
20260718	22:11:36	2b438e0f-3056-4bba-a7e5-4c7024b6c8a9	PATCH	/application/6a5bf98496928a986e97c27f	http://localhost:3000	::ffff:172.18.0.1
20260718	22:11:36	17cc7ea9-c55e-4026-b81a-41f6833cde98	OPTIONS	/application/6a5bf98496928a986e97c27f	http://localhost:3000	::ffff:172.18.0.1
20260718	22:13:09	519d085f-80e9-4137-90c7-c92dbd0b73a2	GET	/application/6a5bf98496928a986e97c27f	http://localhost:3000	::ffff:172.18.0.1
20260718	22:13:09	dad30cbf-2567-49ce-8935-54357998d096	GET	/auth/refresh	http://localhost:3000	::ffff:172.18.0.1
20260718	22:13:09	b895740a-057d-4d7d-90a8-6d6b9be3226b	GET	/auth/refresh	http://localhost:3000	::ffff:172.18.0.1
20260718	22:13:09	e67831fe-9508-4b25-ac88-c8ddb4e56009	OPTIONS	/application/6a5bf98496928a986e97c27f	http://localhost:3000	::ffff:172.18.0.1
20260718	22:13:09	b5abf1fb-0649-44e9-85cf-229022e199a4	GET	/application/6a5bf98496928a986e97c27f	http://localhost:3000	::ffff:172.18.0.1
20260718	22:20:26	8f4aae1b-cd5f-4fc2-b0cb-d8ede411dd14	GET	/auth/refresh	http://localhost:3000	::ffff:172.18.0.1
20260718	22:20:26	5ef3ac00-1593-40cb-ba72-1d866ebf7860	GET	/application/6a5bf98496928a986e97c27f	http://localhost:3000	::ffff:172.18.0.1
20260718	22:20:26	f6433396-a4ab-4ddf-87ea-bd5f4a3e9e1b	OPTIONS	/auth/refresh	http://localhost:3000	::ffff:172.18.0.1
20260718	22:20:26	d8b3f6b8-3de3-41fc-b508-5b2c599ec1c5	GET	/auth/refresh	http://localhost:3000	::ffff:172.18.0.1
20260718	22:20:26	a6beaf6f-ad87-46fb-9b73-5ab20876a9b0	OPTIONS	/application/6a5bf98496928a986e97c27f	http://localhost:3000	::ffff:172.18.0.1
20260718	22:20:26	590959b8-104b-49fa-9bd0-b9366b751891	GET	/application/6a5bf98496928a986e97c27f	http://localhost:3000	::ffff:172.18.0.1
20260718	22:20:46	c37f7220-c7c6-4941-b203-0942709b1936	PATCH	/application/6a5bf98496928a986e97c27f	http://localhost:3000	::ffff:172.18.0.1
20260718	22:20:46	1ddad8b8-a3a0-40df-9716-2ee56fd599ef	OPTIONS	/application/6a5bf98496928a986e97c27f	http://localhost:3000	::ffff:172.18.0.1
20260718	22:20:53	da5f65de-6e49-4c6c-adc3-ed3238ca6cbf	OPTIONS	/application	http://localhost:3000	::ffff:172.18.0.1
20260718	22:20:53	0944bfad-122d-4ce0-83c4-546e802239c8	GET	/application	http://localhost:3000	::ffff:172.18.0.1
20260718	22:20:54	436b0591-a47e-45c6-9dbb-9962cd1071b6	GET	/profile/incomplete	http://localhost:3000	::ffff:172.18.0.1
20260718	22:20:54	7cd9221a-4dbc-4aeb-86e3-46b73b010685	OPTIONS	/profile/incomplete	http://localhost:3000	::ffff:172.18.0.1
20260718	22:21:57	3c072353-4d9d-4cba-bf1e-190d5bda6bf5	GET	/application/6a5bf98496928a986e97c27f	http://localhost:3000	::ffff:172.18.0.1
20260718	22:21:57	7955b08b-3281-4c54-ab0a-533911f8dcb6	GET	/auth/refresh	http://localhost:3000	::ffff:172.18.0.1
20260718	22:21:57	fd88dcc9-2924-4346-b2dc-042bf8be5052	GET	/auth/refresh	http://localhost:3000	::ffff:172.18.0.1
20260718	22:21:58	a14f77cc-2c50-4d6f-b2d4-163c18bbe5a4	OPTIONS	/application/6a5bf98496928a986e97c27f	http://localhost:3000	::ffff:172.18.0.1
20260718	22:21:58	08054952-f018-455c-8c33-2dadaae080a2	GET	/application/6a5bf98496928a986e97c27f	http://localhost:3000	::ffff:172.18.0.1
20260718	22:23:22	ea2931df-33ed-4c17-89a3-9b132cb1d15a	PATCH	/application/6a5bf98496928a986e97c27f	http://localhost:3000	::ffff:172.18.0.1
20260718	22:23:22	c52b45f1-d104-4939-ad9e-13ab07b06178	OPTIONS	/application/6a5bf98496928a986e97c27f	http://localhost:3000	::ffff:172.18.0.1
20260718	22:23:29	a6fd31b9-81f7-4716-8331-41397e80aa21	OPTIONS	/application	http://localhost:3000	::ffff:172.18.0.1
20260718	22:23:29	f481edfd-db2a-4b84-8354-1de1bcd8852c	GET	/application	http://localhost:3000	::ffff:172.18.0.1
20260718	22:23:30	11163428-30b4-45a3-bfa3-1e1eafb567ee	GET	/profile/incomplete	http://localhost:3000	::ffff:172.18.0.1
20260718	22:23:30	7dca0ab1-2d72-4141-8c12-3a23670c1594	OPTIONS	/profile/incomplete	http://localhost:3000	::ffff:172.18.0.1
20260718	22:24:15	d0e345d6-b069-4fda-9877-e7bfd174429b	GET	/application/6a5bf98496928a986e97c27f	http://localhost:3000	::ffff:172.18.0.1
20260718	22:24:15	a1d1b8f1-1e49-4f38-8c5d-cc22dffab6ed	GET	/auth/refresh	http://localhost:3000	::ffff:172.18.0.1
20260718	22:24:16	476819e5-79e0-4a6e-8989-2aa71616967e	GET	/auth/refresh	http://localhost:3000	::ffff:172.18.0.1
20260718	22:24:16	b85099a5-a728-40c1-a063-c82cf450e6be	OPTIONS	/application/6a5bf98496928a986e97c27f	http://localhost:3000	::ffff:172.18.0.1
20260718	22:24:16	fb0b95b2-e92c-4120-a30e-99e383c1abfd	GET	/application/6a5bf98496928a986e97c27f	http://localhost:3000	::ffff:172.18.0.1
20260718	22:30:45	16ae1b2d-79fc-4455-9ea2-3aa1383fc819	GET	/auth/refresh	http://localhost:3000	::ffff:172.18.0.1
20260718	22:30:45	ddb93afd-72d5-44c0-8030-ccbe5487abe2	GET	/application/6a5bf98496928a986e97c27f	http://localhost:3000	::ffff:172.18.0.1
20260718	22:30:46	e78363cb-bca6-4639-a107-51ca7846925d	GET	/auth/refresh	http://localhost:3000	::ffff:172.18.0.1
20260718	22:30:47	a9771a3c-ef59-4a18-98f4-77e74aecab81	GET	/application/6a5bf98496928a986e97c27f	http://localhost:3000	::ffff:172.18.0.1
20260718	22:30:47	db3eacf0-9f8e-410d-9c6b-cf8d5e60ab04	OPTIONS	/application/6a5bf98496928a986e97c27f	http://localhost:3000	::ffff:172.18.0.1
20260718	22:34:22	a9258401-84f0-4e5f-9af2-8b5f3b867a5a	OPTIONS	/application/6a5bf98496928a986e97c27f	http://localhost:3000	::ffff:172.18.0.1
20260718	22:34:22	b4b0c370-e185-4414-97bb-fa17105fddfa	PATCH	/application/6a5bf98496928a986e97c27f	http://localhost:3000	::ffff:172.18.0.1
20260718	22:34:23	6c56df76-74b8-4c23-9331-2462843dffa9	GET	/application/6a5bf98496928a986e97c27f	http://localhost:3000	::ffff:172.18.0.1
20260718	22:34:28	52b8a718-3e10-4ff0-aa2d-fb8e5ace8e28	GET	/application	http://localhost:3000	::ffff:172.18.0.1
20260718	22:34:28	1bfd1b9a-3603-4df9-b5b5-0d0b2ad60310	OPTIONS	/application	http://localhost:3000	::ffff:172.18.0.1
20260718	22:34:29	7ff26bb5-eb50-46ae-bc49-2bfbfb1cb3de	OPTIONS	/profile/incomplete	http://localhost:3000	::ffff:172.18.0.1
20260718	22:34:30	c1c161c2-cfd7-4b45-a934-708bef82490c	GET	/profile/incomplete	http://localhost:3000	::ffff:172.18.0.1
20260718	22:42:02	b8fdd7c3-d20f-48a8-af5f-929595f26cb4	OPTIONS	/application	http://localhost:3000	::ffff:172.18.0.1
20260718	22:42:02	25cd737d-09de-4f3a-a16a-9c46db48d068	GET	/application	http://localhost:3000	::ffff:172.18.0.1
20260718	22:42:03	b27895cf-5832-4e1d-a4af-5e33e26c7c56	OPTIONS	/profile/incomplete	http://localhost:3000	::ffff:172.18.0.1
20260718	22:42:03	7474dc70-8e15-46ca-985c-0443cba51268	GET	/profile/incomplete	http://localhost:3000	::ffff:172.18.0.1
20260718	22:42:24	e44ea0d8-4b20-484e-b779-2d090780d5c9	GET	/application/69fe64c6a481018f96603433	http://localhost:3000	::ffff:172.18.0.1
20260718	22:42:24	56678db4-9c75-420b-b414-c136271962a2	OPTIONS	/application/69fe64c6a481018f96603433	http://localhost:3000	::ffff:172.18.0.1
20260718	22:46:47	9d754bb7-6eb6-4a33-ad6d-405da11799d6	GET	/application/69fe64c6a481018f96603433	http://localhost:3000	::ffff:172.18.0.1
20260718	22:46:47	733e5098-d288-4ded-addc-09ff99c6eaf5	GET	/auth/refresh	http://localhost:3000	::ffff:172.18.0.1
20260718	22:46:47	f360ca27-6deb-490e-9d9f-579053f42e48	GET	/auth/refresh	http://localhost:3000	::ffff:172.18.0.1
20260718	22:46:47	53d72336-13d8-4a6e-9d71-2f5f575c3dcf	GET	/application/69fe64c6a481018f96603433	http://localhost:3000	::ffff:172.18.0.1
20260718	22:46:47	2ab9f634-7acf-415b-92e1-9d7a2a8dbb2c	OPTIONS	/application/69fe64c6a481018f96603433	http://localhost:3000	::ffff:172.18.0.1
20260727	15:08:24	38ef17e6-adf1-415b-bc8b-4e10e1be3bfe	GET	/test	undefined	::ffff:172.18.0.1
20260727	15:10:30	451d54c1-c652-443e-8b94-db586ef6863c	GET	/test	undefined	::ffff:172.18.0.1
20260727	15:10:56	9d282167-9544-4462-99db-ae9d93435764	GET	/test	undefined	::ffff:172.18.0.1
20260727	15:11:26	f5a9650d-54c4-4430-87b3-31a016035754	GET	/test	undefined	::ffff:172.18.0.1
20260727	15:11:46	20f2f0ac-55f2-44c6-b778-738f2fc82e55	GET	/test	undefined	::ffff:172.18.0.1
20260727	15:11:58	437e3fbf-d9da-4d18-af79-886066b24746	GET	/test	undefined	::ffff:172.18.0.1
20260730	12:43:12	a8e6d9c6-6504-49fc-a6ce-2040f7b36b1f	GET	/auth/refresh	http://localhost:3000	::ffff:172.18.0.1
20260730	12:43:12	50ea0a57-f75a-44de-897a-5ca7c2d4ec00	GET	/application	http://localhost:3000	::ffff:172.18.0.1
20260730	12:43:12	be5fb026-c0c2-4558-934a-9e8504ccdb18	GET	/auth/refresh	http://localhost:3000	::ffff:172.18.0.1
20260730	12:43:57	b56b7ba3-dfd3-4b47-861b-555614343cce	OPTIONS	/auth	http://localhost:3000	::ffff:172.18.0.1
20260730	12:43:57	fd066ea4-ccd5-4e72-aaa2-d345ce0a47c7	POST	/auth	http://localhost:3000	::ffff:172.18.0.1
20260730	12:44:01	58a99497-45af-4353-aef4-a9c8d2f10722	OPTIONS	/application	http://localhost:3000	::ffff:172.18.0.1
20260730	12:44:01	31c1b2e7-a75f-4325-9109-2c73725d8503	GET	/application	http://localhost:3000	::ffff:172.18.0.1
20260730	12:44:01	53938c30-e417-47b5-96bd-cd55102ef6c6	OPTIONS	/auth/refresh	http://localhost:3000	::ffff:172.18.0.1
20260730	12:44:02	cfc6a806-0279-4e18-a3ff-25b5923baa82	GET	/auth/refresh	http://localhost:3000	::ffff:172.18.0.1
20260730	12:45:10	bdfbbbaa-dcf6-48fc-b006-429102341de9	GET	/application/69fe64c6a481018f96603433	http://localhost:3000	::ffff:172.18.0.1
20260730	12:45:10	fd3a9682-727b-4937-826b-f373e2807511	OPTIONS	/application/69fe64c6a481018f96603433	http://localhost:3000	::ffff:172.18.0.1
20260730	12:48:21	7e68bf2b-f595-486c-bac5-b350fb675e83	GET	/courses/my	http://localhost:3000	::ffff:172.18.0.1
20260730	12:48:20	c6be56d6-6ef4-4670-af1b-5854cf6bd504	OPTIONS	/courses/my	http://localhost:3000	::ffff:172.18.0.1
20260730	12:48:21	2accc8a3-a936-495b-b968-015b090f9c72	OPTIONS	/courses/apply	http://localhost:3000	::ffff:172.18.0.1
20260730	12:48:21	d1dfcabc-32e2-4359-84d3-619da0d6aa7a	GET	/courses/apply	http://localhost:3000	::ffff:172.18.0.1
20260730	12:56:48	5ba1e390-3be5-4242-be3d-db67f50db638	OPTIONS	/auth	http://localhost:3000	::ffff:172.18.0.1
20260730	12:56:48	3b690c62-e2cd-4ccc-8e74-7daeb78bd3b8	POST	/auth	http://localhost:3000	::ffff:172.18.0.1
20260730	12:56:52	b3ca671b-643c-46f9-bfea-f09c5c7c7e9c	OPTIONS	/application/69fe64c6a481018f96603433	http://localhost:3000	::ffff:172.18.0.1
20260730	12:56:52	df122679-8456-4222-b227-387cf76f7cda	OPTIONS	/auth/refresh	http://localhost:3000	::ffff:172.18.0.1
20260730	12:56:52	65994dcf-9c89-4c60-8e66-3d6ebbb401ce	GET	/application/69fe64c6a481018f96603433	http://localhost:3000	::ffff:172.18.0.1
20260730	12:56:52	edf8a49b-68cc-43fc-a4f5-df20e4ad86ff	GET	/auth/refresh	http://localhost:3000	::ffff:172.18.0.1
20260730	13:13:04	3ca38189-e5cd-4924-b33d-ab01263de7b2	OPTIONS	/application	http://localhost:3000	::ffff:172.18.0.1
20260730	13:13:04	1f1c3f29-c064-4948-bb75-584ac624ba80	GET	/application	http://localhost:3000	::ffff:172.18.0.1
20260730	13:14:14	87bdc30b-ad7d-4cd6-9b0e-30e895f3a560	GET	/application/69fe64c6a481018f96603433	http://localhost:3000	::ffff:172.18.0.1
20260730	13:14:14	677f0cad-7873-4f6f-a9cc-3a6651cd6581	OPTIONS	/application/69fe64c6a481018f96603433	http://localhost:3000	::ffff:172.18.0.1
20260730	13:33:51	c4d43dcb-36c0-41e1-866b-11d47131b70e	GET	/auth/refresh	http://localhost:3000	::ffff:172.18.0.1
20260730	13:33:51	d6f56668-5b74-4c2f-a0d5-8789356582a6	GET	/application/69fe64c6a481018f96603433	http://localhost:3000	::ffff:172.18.0.1
20260730	13:33:51	69144528-0151-4acd-9406-5efb6c50c748	GET	/auth/refresh	http://localhost:3000	::ffff:172.18.0.1
20260730	13:33:51	7792edf6-0e11-418e-8738-feb10ab71449	OPTIONS	/application/69fe64c6a481018f96603433	http://localhost:3000	::ffff:172.18.0.1
20260730	13:33:51	b6b66219-1c3d-4103-a16e-afa173e8a7ba	GET	/application/69fe64c6a481018f96603433	http://localhost:3000	::ffff:172.18.0.1
20260730	14:07:51	2233cfb5-a9a2-419f-a916-a5a4675c3f4e	GET	/application/69fe64c6a481018f96603433	http://localhost:3000	::ffff:172.18.0.1
20260730	14:07:51	efacd25b-977b-4368-9d9a-33d24473c66f	GET	/auth/refresh	http://localhost:3000	::ffff:172.18.0.1
20260730	14:07:56	88b9b1c2-c886-4a4a-ad4f-1838de4bc73d	GET	/auth/refresh	http://localhost:3000	::ffff:172.18.0.1
20260730	14:07:57	5461d09a-40a8-441a-84ea-f6c6c61d49b9	OPTIONS	/application/69fe64c6a481018f96603433	http://localhost:3000	::ffff:172.18.0.1
20260730	14:07:57	00588bc8-cb99-4713-851c-608a91904c04	GET	/application/69fe64c6a481018f96603433	http://localhost:3000	::ffff:172.18.0.1
20260730	14:11:07	dfb13e00-fa70-42c4-a25f-b0fcc5c8c8dd	OPTIONS	/application/approve/	http://localhost:3000	::ffff:172.18.0.1
20260730	14:11:07	d2d59829-fa98-4bbc-8011-fbee367ad3dc	PATCH	/application/approve/	http://localhost:3000	::ffff:172.18.0.1
20260730	14:11:58	719fe335-b46d-4a39-a347-93348e3ec9e0	PATCH	/application/approve/	http://localhost:3000	::ffff:172.18.0.1
20260730	14:11:58	21854bb1-a6f4-4a4a-9dbe-1c1da89eea6a	OPTIONS	/application/approve/	http://localhost:3000	::ffff:172.18.0.1
20260730	14:12:34	7fa46334-264c-4ba3-9904-bf1f04a9ade1	GET	/application/69fe64c6a481018f96603433	http://localhost:3000	::ffff:172.18.0.1
20260730	14:12:34	53c35fa1-71e3-457e-b0c6-eaf345f77f1e	GET	/auth/refresh	http://localhost:3000	::ffff:172.18.0.1
20260730	14:12:38	52377ef7-69b3-424d-95bb-36ca19c4b135	GET	/auth/refresh	http://localhost:3000	::ffff:172.18.0.1
20260730	14:12:49	33b9ab89-eb07-44ce-96c1-fd9aa7461239	OPTIONS	/application/69fe64c6a481018f96603433	http://localhost:3000	::ffff:172.18.0.1
20260730	14:12:50	91c0271c-bb7f-403b-9375-564820976b24	GET	/application/69fe64c6a481018f96603433	http://localhost:3000	::ffff:172.18.0.1
20260730	14:15:02	284e6c0d-22af-44f2-8c14-94c0f1093edc	OPTIONS	/application/discount/	http://localhost:3000	::ffff:172.18.0.1
20260730	14:15:02	c63f3b75-2ef7-4089-91ab-b4baad64f078	PATCH	/application/discount/	http://localhost:3000	::ffff:172.18.0.1
20260730	14:18:16	dc78d6d1-d74f-4c1f-9015-32441aeea586	OPTIONS	/application/discount/undefined	http://localhost:3000	::ffff:172.18.0.1
20260730	14:18:16	568ad815-7fb1-4289-9cbb-d44a070e7100	PATCH	/application/discount/undefined	http://localhost:3000	::ffff:172.18.0.1
20260730	14:19:02	ba98d4bf-994a-442d-9ce5-94b6b9fbc22b	PATCH	/application/discount/undefined	http://localhost:3000	::ffff:172.18.0.1
20260730	14:19:02	30cbd3f6-2e74-4066-bf4d-6ed4c544ebc4	OPTIONS	/application/discount/undefined	http://localhost:3000	::ffff:172.18.0.1
20260730	14:19:12	a30e9571-7cc1-492a-92b7-fbc0d98fa2ec	OPTIONS	/application/discount/undefined	http://localhost:3000	::ffff:172.18.0.1
20260730	14:19:12	18ef42ec-6cf0-49bb-80a0-5310a249969a	PATCH	/application/discount/undefined	http://localhost:3000	::ffff:172.18.0.1
20260730	14:19:17	ae392cc3-e4b0-425e-a953-687d5b1d746f	OPTIONS	/application/discount/undefined	http://localhost:3000	::ffff:172.18.0.1
20260730	14:19:17	d682d788-5b11-475f-86f5-9994366d055d	PATCH	/application/discount/undefined	http://localhost:3000	::ffff:172.18.0.1
20260730	14:20:27	53ef1ac3-cdc2-4579-a245-8fc979772225	OPTIONS	/application/discount/69fe64c6a481018f96603433	http://localhost:3000	::ffff:172.18.0.1
20260730	14:20:27	bd2e1fd7-f42d-4df8-bccb-ab31fa179e76	PATCH	/application/discount/69fe64c6a481018f96603433	http://localhost:3000	::ffff:172.18.0.1
20260730	14:25:27	90d96367-9d40-43a1-bf01-e94202028ba1	OPTIONS	/application/discount/69fe64c6a481018f96603433	http://localhost:3000	::ffff:172.18.0.1
20260730	14:25:27	726034b1-1553-4cbc-9c0a-af5ab48026e6	PATCH	/application/discount/69fe64c6a481018f96603433	http://localhost:3000	::ffff:172.18.0.1
20260730	14:25:41	c3500e82-a8ee-4ed1-a53a-932854b69582	OPTIONS	/application/discount/69fe64c6a481018f96603433	http://localhost:3000	::ffff:172.18.0.1
20260730	14:25:41	ef20aa9e-dde5-45df-94e3-b954cbde81d1	PATCH	/application/discount/69fe64c6a481018f96603433	http://localhost:3000	::ffff:172.18.0.1
20260730	14:25:47	e81b5cda-4164-47c4-8dc5-4be47f0938d6	PATCH	/application/discount/69fe64c6a481018f96603433	http://localhost:3000	::ffff:172.18.0.1
20260730	14:25:47	e93aa742-6596-4d7d-9863-0b388035f98a	OPTIONS	/application/discount/69fe64c6a481018f96603433	http://localhost:3000	::ffff:172.18.0.1
20260730	14:27:30	bf7516d7-5c50-4a54-b6fc-32e52e4c53fa	OPTIONS	/application/discount/69fe64c6a481018f96603433	http://localhost:3000	::ffff:172.18.0.1
20260730	14:27:30	4356ebce-ff21-4248-a440-2aeb0676bd57	PATCH	/application/discount/69fe64c6a481018f96603433	http://localhost:3000	::ffff:172.18.0.1
20260730	14:35:13	2c42191a-4252-4f00-b259-bc1a50295bb9	OPTIONS	/application/discount/69fe64c6a481018f96603433	http://localhost:3000	::ffff:172.18.0.1
20260730	14:35:13	58a426af-fd09-4630-8786-ad384dce02bf	PATCH	/application/discount/69fe64c6a481018f96603433	http://localhost:3000	::ffff:172.18.0.1
20260730	14:38:37	fba5c385-9985-462c-a93a-38faa0da5ef9	OPTIONS	/application/discount/69fe64c6a481018f96603433	http://localhost:3000	::ffff:172.18.0.1
20260730	14:38:37	9fa21822-ca1f-4734-81be-080d9513bac5	PATCH	/application/discount/69fe64c6a481018f96603433	http://localhost:3000	::ffff:172.18.0.1
20260730	14:38:44	b35ec9ff-09a3-4b2f-aaf6-20a8244c59b5	OPTIONS	/application/discount/69fe64c6a481018f96603433	http://localhost:3000	::ffff:172.18.0.1
20260730	14:38:44	3c932127-ffb7-43e0-9020-fcdcc5e635ad	PATCH	/application/discount/69fe64c6a481018f96603433	http://localhost:3000	::ffff:172.18.0.1
20260730	14:38:54	2c9b204c-dd38-4ef0-8856-6dc150550e3c	OPTIONS	/application/discount/69fe64c6a481018f96603433	http://localhost:3000	::ffff:172.18.0.1
20260730	14:38:54	ee2bcb13-0a1e-4d99-a34c-da47df08947d	PATCH	/application/discount/69fe64c6a481018f96603433	http://localhost:3000	::ffff:172.18.0.1
20260730	14:38:57	14740155-da18-4e9d-927b-e053d32ddeee	OPTIONS	/application/69fe64c6a481018f96603433	http://localhost:3000	::ffff:172.18.0.1
20260730	14:38:57	ecc44bdf-32e5-4a3f-81e1-40bb196052e3	GET	/application/69fe64c6a481018f96603433	http://localhost:3000	::ffff:172.18.0.1
20260730	14:42:28	8349b050-e6d1-4ba7-83f6-7209d0be1ba2	OPTIONS	/application/discount/69fe64c6a481018f96603433	http://localhost:3000	::ffff:172.18.0.1
20260730	14:42:28	624c3bd6-9a71-4805-9471-18379e664754	PATCH	/application/discount/69fe64c6a481018f96603433	http://localhost:3000	::ffff:172.18.0.1
20260730	14:42:38	1c503c93-a57a-468e-9cba-af3fd5cf084e	OPTIONS	/application/discount/69fe64c6a481018f96603433	http://localhost:3000	::ffff:172.18.0.1
20260730	14:42:38	0763853b-a2ad-46bb-95c2-a6c484023b8e	PATCH	/application/discount/69fe64c6a481018f96603433	http://localhost:3000	::ffff:172.18.0.1
20260730	14:42:40	b4256743-d115-4b88-918e-07fdc9b8b230	OPTIONS	/application/69fe64c6a481018f96603433	http://localhost:3000	::ffff:172.18.0.1
20260730	14:42:40	92ee89e3-33c2-40cf-8d3f-d4981f04281d	GET	/application/69fe64c6a481018f96603433	http://localhost:3000	::ffff:172.18.0.1
20260730	14:44:07	64502fd8-58f8-4ab3-9184-454d40ed5dc2	OPTIONS	/application/discount/69fe64c6a481018f96603433	http://localhost:3000	::ffff:172.18.0.1
20260730	14:44:07	3c9b959c-9e59-40bc-a6ba-8c8260d2cc0e	PATCH	/application/discount/69fe64c6a481018f96603433	http://localhost:3000	::ffff:172.18.0.1
20260730	14:44:09	a791d124-1a60-4c91-850d-32d2d91e0133	OPTIONS	/application/69fe64c6a481018f96603433	http://localhost:3000	::ffff:172.18.0.1
20260730	14:44:09	e17f81cb-179a-4070-a034-abb681ba78aa	GET	/application/69fe64c6a481018f96603433	http://localhost:3000	::ffff:172.18.0.1
20260730	14:44:55	190fffe3-3e46-4dcc-8153-8586c5a61824	GET	/auth/refresh	http://localhost:3000	::ffff:172.18.0.1
20260730	14:44:55	538e9a9a-e63a-4550-a17d-2ed2f41fb12f	GET	/application/69fe64c6a481018f96603433	http://localhost:3000	::ffff:172.18.0.1
20260730	14:44:55	15c50dc2-b8bd-4160-a614-0b2681adef79	GET	/auth/refresh	http://localhost:3000	::ffff:172.18.0.1
20260730	14:44:55	d8fb6e9c-7988-4e12-aa7c-b8e2891a79dc	GET	/application/69fe64c6a481018f96603433	http://localhost:3000	::ffff:172.18.0.1
20260730	14:44:55	46809e98-7c18-412c-9c61-80c30973318d	OPTIONS	/application/69fe64c6a481018f96603433	http://localhost:3000	::ffff:172.18.0.1
20260730	14:45:58	e2af5b3c-4e9a-4f33-ba30-9bd79d00cbec	GET	/auth/refresh	http://localhost:3000	::ffff:172.18.0.1
20260730	14:45:58	8d123ae5-9c37-4d0f-9d45-a86b9780d4e9	GET	/application/69fe64c6a481018f96603433	http://localhost:3000	::ffff:172.18.0.1
20260730	14:45:58	8acfd123-22a8-4a88-b722-eb7e5f567fcb	GET	/auth/refresh	http://localhost:3000	::ffff:172.18.0.1
20260730	14:45:59	1b75c48f-5cb5-4b58-a2ca-f4751ffadadd	OPTIONS	/application/69fe64c6a481018f96603433	http://localhost:3000	::ffff:172.18.0.1
20260730	14:45:59	caaf58f0-64a6-43ed-a3e9-faa254255d08	GET	/application/69fe64c6a481018f96603433	http://localhost:3000	::ffff:172.18.0.1
20260730	14:47:55	3f5dccf9-bc1a-4db7-b1e7-a8eab8ac0371	GET	/application/69fe64c6a481018f96603433	http://localhost:3000	::ffff:172.18.0.1
20260730	14:47:55	c882f21a-65af-46fb-bac0-df3491603916	GET	/auth/refresh	http://localhost:3000	::ffff:172.18.0.1
20260730	14:47:55	bab92960-0684-48b6-8afa-5dba5f64fae6	GET	/auth/refresh	http://localhost:3000	::ffff:172.18.0.1
20260730	14:47:55	7d8b38ec-9b76-4b94-99a3-12fae9cf9110	OPTIONS	/application/69fe64c6a481018f96603433	http://localhost:3000	::ffff:172.18.0.1
20260730	14:47:55	f920ca15-03a5-4bbd-8a82-a64ca1e90a59	GET	/application/69fe64c6a481018f96603433	http://localhost:3000	::ffff:172.18.0.1
20260730	14:50:39	b03e50a1-a16c-413f-98b8-eacd5e3800c9	GET	/application/69fe64c6a481018f96603433	http://localhost:3000	::ffff:172.18.0.1
20260730	14:50:40	ef9ada64-83da-48bd-969a-fb223ed1342f	GET	/auth/refresh	http://localhost:3000	::ffff:172.18.0.1
20260730	14:50:40	a1c35c35-1cb4-4534-8889-5a09308359f9	GET	/auth/refresh	http://localhost:3000	::ffff:172.18.0.1
20260730	14:50:40	909370cb-0abe-4cbe-b453-b4fb72d6fd2a	OPTIONS	/application/69fe64c6a481018f96603433	http://localhost:3000	::ffff:172.18.0.1
20260730	14:50:40	25d3a8b0-809d-461b-bade-20159f119396	GET	/application/69fe64c6a481018f96603433	http://localhost:3000	::ffff:172.18.0.1
20260730	14:51:31	c5814817-4d1c-45ce-8af6-aec2d8dd52ed	OPTIONS	/application/discount/69fe64c6a481018f96603433	http://localhost:3000	::ffff:172.18.0.1
20260730	14:51:31	bd5a1ea0-75f2-44a6-b600-696c9035f614	PATCH	/application/discount/69fe64c6a481018f96603433	http://localhost:3000	::ffff:172.18.0.1
20260730	14:51:33	a35c952a-989a-40c6-a246-38c1b532733f	GET	/application/69fe64c6a481018f96603433	http://localhost:3000	::ffff:172.18.0.1
20260730	14:51:33	13a66c7f-d4a0-486d-ae6b-c842b2121eae	OPTIONS	/application/69fe64c6a481018f96603433	http://localhost:3000	::ffff:172.18.0.1
20260730	14:58:11	9a13a556-8c6e-494f-bf86-a35688d499c1	OPTIONS	/application/discount/69fe64c6a481018f96603433	http://localhost:3000	::ffff:172.18.0.1
20260730	14:58:11	48cd7536-61b1-4bcf-a93f-305e5c2abd91	PATCH	/application/discount/69fe64c6a481018f96603433	http://localhost:3000	::ffff:172.18.0.1
20260730	14:58:16	bf63724a-24fe-4184-989f-b956d2cef7b9	OPTIONS	/application/69fe64c6a481018f96603433	http://localhost:3000	::ffff:172.18.0.1
20260730	14:58:16	de3b86af-5856-4ccb-aca1-e20d2688d1ca	GET	/application/69fe64c6a481018f96603433	http://localhost:3000	::ffff:172.18.0.1
20260803	16:59:47	7641cd1d-eee4-4397-81fb-3df044453a79	GET	/auth/refresh	http://localhost:3000	::ffff:172.18.0.1
20260803	17:00:43	c8f4bd95-5255-479c-afce-570413c338ab	OPTIONS	/auth	http://localhost:3000	::ffff:172.18.0.1
20260803	17:00:44	dad2c0ec-e6e1-4ef1-b8e7-d5dbded00681	POST	/auth	http://localhost:3000	::ffff:172.18.0.1
20260803	17:00:48	0ed49edf-480e-4516-8936-182fad22ff84	OPTIONS	/auth/refresh	http://localhost:3000	::ffff:172.18.0.1
20260803	17:00:48	ce4ac398-e9a3-4188-99a1-83b511f06516	GET	/auth/refresh	http://localhost:3000	::ffff:172.18.0.1
20260803	17:11:43	7019e366-9a1b-42d6-9349-1270c246857d	GET	/auth/refresh	http://localhost:3000	::ffff:172.18.0.1
20260803	17:12:16	5d5ab906-8af2-447d-b2db-997daff263e5	GET	/auth/refresh	http://localhost:3000	::ffff:172.18.0.1
20260803	17:14:11	36754c79-42de-4e71-a729-b564a8710efe	GET	/auth/refresh	http://localhost:3000	::ffff:172.18.0.1
20260803	17:15:05	66c8e68c-64a6-4dda-b54a-6774fa7ecc10	GET	/auth/refresh	http://localhost:3000	::ffff:172.18.0.1
20260803	17:39:32	e5c796c9-a8b6-4538-afd2-328db06de014	GET	/auth/refresh	http://localhost:3000	::ffff:172.18.0.1
20260803	17:40:54	9b49f71d-f48a-4578-bc6b-d50f9d57d07b	GET	/auth/refresh	http://localhost:3000	::ffff:172.18.0.1
20260803	17:41:29	6096ee07-ee28-4ce1-bdd4-75f7beb5b2c6	GET	/auth/refresh	http://localhost:3000	::ffff:172.18.0.1
20260803	17:42:10	a5e585cb-97f5-4908-8bb8-6739590281b1	GET	/auth/refresh	http://localhost:3000	::ffff:172.18.0.1
20260803	17:42:44	b24d4769-50c6-4c96-b0f3-58544214b718	GET	/auth/refresh	http://localhost:3000	::ffff:172.18.0.1
20260803	17:43:22	9e2b6b48-fb56-432b-822e-f4bae604d577	GET	/auth/refresh	http://localhost:3000	::ffff:172.18.0.1
20260803	17:44:58	04699dc0-b81d-406d-a8c0-9059ee6a38eb	GET	/auth/refresh	http://localhost:3000	::ffff:172.18.0.1
20260803	17:52:41	e82ee5c4-2655-4bdd-b3ae-a1d63e2f050c	OPTIONS	/auth	http://localhost:3000	::ffff:172.18.0.1
20260803	17:52:41	a3c93f37-f2f8-42f2-8af6-2f4ae18b7306	POST	/auth	http://localhost:3000	::ffff:172.18.0.1
20260803	17:52:45	2c46ebe6-8fb9-47ba-b461-fd52c8fd460b	OPTIONS	/auth/refresh	http://localhost:3000	::ffff:172.18.0.1
20260803	17:52:45	3dbe725f-80f7-4097-9ec9-6b8fab5e5acd	GET	/auth/refresh	http://localhost:3000	::ffff:172.18.0.1
20260803	17:58:33	60c951a8-ef20-437b-a486-40bdc32facd5	GET	/auth/refresh	http://localhost:3000	::ffff:172.18.0.1
20260803	17:59:22	e805fe9a-2f6b-4e9c-968b-1748d78bf7b4	GET	/auth/refresh	http://localhost:3000	::ffff:172.18.0.1
20260803	18:00:01	e2e0c014-ac34-44ec-8f85-1a31498d7461	GET	/auth/refresh	http://localhost:3000	::ffff:172.18.0.1
20260803	18:00:35	deb44224-061a-4690-b59b-66fce525d8d0	GET	/auth/refresh	http://localhost:3000	::ffff:172.18.0.1
20260803	18:04:42	135b6741-12d2-4835-a29f-9b753fd09cc1	GET	/auth/refresh	http://localhost:3000	::ffff:172.18.0.1
20260803	18:34:55	5f683f07-02b4-4767-8640-74a41fcd4ff5	GET	/auth/refresh	http://localhost:3000	::ffff:172.18.0.1
20260803	19:24:18	d9f04369-250d-417e-a00c-ec4e4e59f583	OPTIONS	/auth/refresh	http://localhost:3000	::ffff:172.18.0.1
20260803	19:24:18	78f1fd21-7e66-4ab5-984a-79a428c91e68	GET	/auth/refresh	http://localhost:3000	::ffff:172.18.0.1
20260803	21:28:11	502f9ed8-0252-414d-b376-cea1ad606f73	OPTIONS	/auth	http://localhost:3000	::ffff:172.18.0.1
20260803	21:28:11	8b40a299-2f61-41b0-9012-88e9ba4cc0ee	POST	/auth	http://localhost:3000	::ffff:172.18.0.1
20260803	21:28:16	d2b80b15-57d4-4e43-8e7a-e3e9548f83f4	OPTIONS	/auth/refresh	http://localhost:3000	::ffff:172.18.0.1
20260803	21:28:16	6b21d1df-78b8-49ff-8341-3c8649962569	GET	/auth/refresh	http://localhost:3000	::ffff:172.18.0.1
20260803	21:37:20	b3fd44cb-e75c-4577-9bce-916416454cb8	GET	/auth/refresh	http://localhost:3000	::ffff:172.18.0.1
20260803	21:41:33	14660d77-b617-4ec7-9f97-76532c87bcc7	POST	/blog	http://localhost:3000	::ffff:172.18.0.1
20260803	21:41:33	72a97e09-94bb-49fd-a293-abacd0c39a74	OPTIONS	/blog	http://localhost:3000	::ffff:172.18.0.1
20260803	21:42:38	40844d6c-c0ca-49bb-b4c6-c4922f08eb91	GET	/auth/refresh	http://localhost:3000	::ffff:172.18.0.1
20260803	21:44:50	19d42cdd-82bd-4c47-9341-ae5e377b7860	OPTIONS	/blog	http://localhost:3000	::ffff:172.18.0.1
20260803	21:44:50	40d0a5ae-ca65-4421-af7b-49e96d69dfa7	POST	/blog	http://localhost:3000	::ffff:172.18.0.1
20260803	21:45:26	85d2e8f3-b5ec-4e29-b3db-8242649b5dd5	OPTIONS	/blog	http://localhost:3000	::ffff:172.18.0.1
20260803	21:45:26	a6c3a905-dcfa-4cc1-805d-9672005f05ae	POST	/blog	http://localhost:3000	::ffff:172.18.0.1
20260803	21:46:40	7a594f32-9253-4f80-9c03-fbcc852020fe	OPTIONS	/blog	http://localhost:3000	::ffff:172.18.0.1
20260803	21:46:40	052eb38e-f4a1-4028-be0f-6caaffac71a8	POST	/blog	http://localhost:3000	::ffff:172.18.0.1
20260803	22:14:02	62b2c0b5-d5d7-4db1-a475-83c9a4aac245	GET	/auth/refresh	http://localhost:3000	::ffff:172.18.0.1
20260803	22:14:02	2778bef3-7a1e-4bd7-b09a-cf5cde26c897	GET	/blog	http://localhost:3000	::ffff:172.18.0.1
20260803	22:35:04	56595e7e-2fb7-493b-a770-5dc30cd8d663	OPTIONS	/auth/refresh	http://localhost:3000	::ffff:172.18.0.1
20260803	22:35:04	c2b633c5-b203-43f6-97f2-b8c1ee596d03	GET	/auth/refresh	http://localhost:3000	::ffff:172.18.0.1
20260803	22:35:25	e415ef0c-9cb2-4266-8c0b-822f7f24bf9e	GET	/auth/refresh	http://localhost:3000	::ffff:172.18.0.1
20260803	22:36:23	b444b8c7-6a6f-4812-a542-cf31091c1f5c	POST	/blog	http://localhost:3000	::ffff:172.18.0.1
20260803	22:36:23	1accf8ab-9ce7-48fc-b012-22f1dda8f344	OPTIONS	/blog	http://localhost:3000	::ffff:172.18.0.1
20260803	22:36:40	082a93fb-0e3c-49a0-a8cb-c4807e01c0cc	OPTIONS	/blog	http://localhost:3000	::ffff:172.18.0.1
20260803	22:36:40	e0240268-3752-427e-9014-80068c448ec3	GET	/blog	http://localhost:3000	::ffff:172.18.0.1
20260803	23:00:29	1485b980-7b0c-47f9-bb21-fa2c7d83bb10	OPTIONS	/blog/6a7117ed2777492dda8c1631	http://localhost:3000	::ffff:172.18.0.1
20260803	23:00:30	3b580ea8-b624-47d7-9fd2-19cc57c837c8	DELETE	/blog/6a7117ed2777492dda8c1631	http://localhost:3000	::ffff:172.18.0.1
20260803	23:00:30	7ba1d359-fdf5-4ee7-ae30-9a103d104617	OPTIONS	/blog	http://localhost:3000	::ffff:172.18.0.1
20260803	23:00:30	870bf040-de49-44ba-b1d4-ed7a91a88aa1	GET	/blog	http://localhost:3000	::ffff:172.18.0.1
20260803	23:06:42	833e9513-3d21-4888-9dfe-82c037da33a7	OPTIONS	/blog/6a710c4fb4b95d12bfe6da1a	http://localhost:3000	::ffff:172.18.0.1
20260803	23:06:42	721e8507-0f0b-40d3-b8ab-19f8864af86f	DELETE	/blog/6a710c4fb4b95d12bfe6da1a	http://localhost:3000	::ffff:172.18.0.1
20260803	23:06:43	f73d1c33-e8ba-49e8-a6dd-ce979a700691	GET	/blog	http://localhost:3000	::ffff:172.18.0.1
20260803	23:06:43	c69c790e-5d7c-43ae-a133-719b843b7534	OPTIONS	/blog	http://localhost:3000	::ffff:172.18.0.1
20260803	23:07:14	e87a9872-2907-4a7d-b3c9-928cb89a41f9	OPTIONS	/blog	http://localhost:3000	::ffff:172.18.0.1
20260803	23:07:14	3dc6ee41-5059-422d-8722-7e923d45739f	POST	/blog	http://localhost:3000	::ffff:172.18.0.1
20260803	23:07:29	53836cc0-3b36-46d0-8b2c-9518731eed41	OPTIONS	/blog	http://localhost:3000	::ffff:172.18.0.1
20260803	23:07:29	03c674fe-8dfe-4339-bd97-358da6f28aa6	GET	/blog	http://localhost:3000	::ffff:172.18.0.1
20260803	23:36:45	960d65d5-3e49-44b4-bd0a-d4be8d2ce8e1	GET	/auth/refresh	http://localhost:3000	::ffff:172.18.0.1
20260803	23:36:45	dcc63bf1-2e11-4b3b-a5b3-bb9ef9eb11f9	GET	/blog/6a711f2e2777492dda8c163c	http://localhost:3000	::ffff:172.18.0.1
20260803	23:42:41	d4c3d90b-53f9-4598-b84b-e59fee5eeb62	OPTIONS	/auth/refresh	http://localhost:3000	::ffff:172.18.0.1
20260803	23:42:41	ba7aea62-c0e1-4467-ade3-14a877351751	OPTIONS	/blog/6a711f2e2777492dda8c163c	http://localhost:3000	::ffff:172.18.0.1
20260803	23:42:41	d883f715-94fb-40f3-a442-9c22a152eca5	GET	/blog/6a711f2e2777492dda8c163c	http://localhost:3000	::ffff:172.18.0.1
20260803	23:42:41	ce42c4f4-e546-477e-8f11-60c04cfe8f6b	GET	/auth/refresh	http://localhost:3000	::ffff:172.18.0.1
20260803	23:43:08	c03364a5-ca3f-4eea-9e3c-36c6f49198d2	GET	/auth/refresh	http://localhost:3000	::ffff:172.18.0.1
20260803	23:43:08	9ad76f4d-822a-4e53-9676-da37773e9682	GET	/blog/6a711f2e2777492dda8c163c	http://localhost:3000	::ffff:172.18.0.1
20260803	23:45:50	be19b453-3951-4aa2-82a8-6ed0816205df	GET	/auth/refresh	http://localhost:3000	::ffff:172.18.0.1
20260803	23:45:50	4d6f8fc2-b6c2-4b44-b922-30c3d913b34e	GET	/blog/6a711f2e2777492dda8c163c	http://localhost:3000	::ffff:172.18.0.1
20260803	23:48:21	01d97b72-6280-4004-a1b1-6ef5def8def2	GET	/auth/refresh	http://localhost:3000	::ffff:172.18.0.1
20260803	23:48:21	1e75f82f-e5c7-44e1-b0e2-bbd394bc865c	GET	/blog/6a711f2e2777492dda8c163c	http://localhost:3000	::ffff:172.18.0.1
20260803	23:50:50	a90852c1-67f1-46ce-9823-5316e774657f	GET	/auth/refresh	http://localhost:3000	::ffff:172.18.0.1
20260803	23:50:51	9b646a48-cd53-41e7-946d-833e810e319a	GET	/blog/6a711f2e2777492dda8c163c	http://localhost:3000	::ffff:172.18.0.1
20260803	23:50:51	553981a7-b827-4b52-af68-28c39cb6e55f	OPTIONS	/blog/6a711f2e2777492dda8c163c	http://localhost:3000	::ffff:172.18.0.1
20260803	23:54:32	f43e38ec-ce3b-4693-a876-c321ca16f62a	OPTIONS	/blog	http://localhost:3000	::ffff:172.18.0.1
20260803	23:54:32	78a5e391-449e-4ddc-86e5-e3ee68737621	OPTIONS	/blog/6a711f2e2777492dda8c163c	http://localhost:3000	::ffff:172.18.0.1
20260803	23:54:32	05106ef1-f202-4430-9068-84f1de77f049	POST	/blog	http://localhost:3000	::ffff:172.18.0.1
20260803	23:54:33	a75184e8-bdad-48fb-a851-ac8133d25f10	PATCH	/blog/6a711f2e2777492dda8c163c	http://localhost:3000	::ffff:172.18.0.1
20260803	23:54:35	3a58514c-6560-419a-92e0-ade21ac15e01	GET	/blog/6a711f2e2777492dda8c163c	http://localhost:3000	::ffff:172.18.0.1
20260803	23:55:11	12a826e1-ebcc-4f1a-8737-f6ea13ca4d90	GET	/blog	http://localhost:3000	::ffff:172.18.0.1
20260803	23:55:11	887c6085-e75e-4921-b3fe-b202e255f5c3	OPTIONS	/blog	http://localhost:3000	::ffff:172.18.0.1
20260803	23:55:43	6ecc446d-291e-4c85-bddd-884919ceb0ba	OPTIONS	/blog/6a711f2e2777492dda8c163c	http://localhost:3000	::ffff:172.18.0.1
20260803	23:55:43	94a7446a-385e-43d1-9759-88c4ab82ad0e	PATCH	/blog/6a711f2e2777492dda8c163c	http://localhost:3000	::ffff:172.18.0.1
20260803	23:55:44	f2cc92a3-c8e1-409a-8c07-a678b6f2e5c2	GET	/blog/6a711f2e2777492dda8c163c	http://localhost:3000	::ffff:172.18.0.1
20260803	23:55:46	0b8215bc-78a1-4a4a-a978-b33c2965807e	OPTIONS	/blog	http://localhost:3000	::ffff:172.18.0.1
20260803	23:55:46	3880c0ce-6634-4f58-bec1-7c990a31b135	GET	/blog	http://localhost:3000	::ffff:172.18.0.1
20260803	23:56:02	869d975e-a403-4e9c-b6ce-02e49f74ce94	OPTIONS	/blog/6a711f2e2777492dda8c163c	http://localhost:3000	::ffff:172.18.0.1
20260803	23:56:02	12b32c62-77d4-4056-9a10-bb60ebb35370	PATCH	/blog/6a711f2e2777492dda8c163c	http://localhost:3000	::ffff:172.18.0.1
20260803	23:56:03	8ead3f1c-bb51-4ee6-bedc-03ef74f8a965	GET	/blog/6a711f2e2777492dda8c163c	http://localhost:3000	::ffff:172.18.0.1
20260803	23:56:05	381a4fe6-9153-4119-8cee-59eabd85c31b	OPTIONS	/blog	http://localhost:3000	::ffff:172.18.0.1
20260803	23:56:05	6fd9e196-693e-4096-9403-b745cbe99eef	GET	/blog	http://localhost:3000	::ffff:172.18.0.1
20260803	23:57:50	04fad224-3cda-4be0-96c5-e3c1dffde53c	OPTIONS	/blog/6a711f2e2777492dda8c163c	http://localhost:3000	::ffff:172.18.0.1
20260803	23:57:50	ff0ff264-35d7-4ae5-97fc-94ecbf499a25	PATCH	/blog/6a711f2e2777492dda8c163c	http://localhost:3000	::ffff:172.18.0.1
20260803	23:57:57	2f63717e-a730-4685-9441-73ca5299507e	GET	/blog/6a711f2e2777492dda8c163c	http://localhost:3000	::ffff:172.18.0.1
20260803	23:57:57	8fd50ebf-3044-4160-87e8-43e3cdced31d	OPTIONS	/blog/6a711f2e2777492dda8c163c	http://localhost:3000	::ffff:172.18.0.1
20260803	23:57:57	29520e1e-1f7c-4fdf-be7b-26d16a5dfcdd	PATCH	/blog/6a711f2e2777492dda8c163c	http://localhost:3000	::ffff:172.18.0.1
20260803	23:58:04	e5d0a23b-0607-4d50-832e-c08bea726ee0	OPTIONS	/blog/6a711f2e2777492dda8c163c	http://localhost:3000	::ffff:172.18.0.1
20260803	23:58:04	c181b06e-b7c8-475a-b624-d4fa13fdfd74	GET	/blog/6a711f2e2777492dda8c163c	http://localhost:3000	::ffff:172.18.0.1
20260803	23:58:18	b365abad-53f2-4f68-a008-5048af546546	GET	/blog	http://localhost:3000	::ffff:172.18.0.1
20260803	23:58:18	601c48b1-4cc9-4b1a-b7f4-9025e5fe0d9a	OPTIONS	/blog	http://localhost:3000	::ffff:172.18.0.1
20260804	00:16:00	28518403-9801-4a40-bc83-7647dacd1d65	OPTIONS	/auth	http://localhost:3000	::ffff:172.18.0.1
20260804	00:16:00	84fc905e-b83c-4d7e-afd8-5f7f9401ce70	POST	/auth	http://localhost:3000	::ffff:172.18.0.1
20260804	00:16:05	53bc6b9c-85ff-444e-9ebd-6fadf64e363b	OPTIONS	/blog	http://localhost:3000	::ffff:172.18.0.1
20260804	00:16:05	71716e2e-55cc-465f-820b-9a36e1244cbe	OPTIONS	/auth/refresh	http://localhost:3000	::ffff:172.18.0.1
20260804	00:16:05	a10af098-bf4d-4e60-8bc1-f9e726fa9a61	GET	/blog	http://localhost:3000	::ffff:172.18.0.1
20260804	00:16:05	8ab78dd5-40a8-42e7-96b8-6cf3f72879e6	GET	/auth/refresh	http://localhost:3000	::ffff:172.18.0.1
20260804	00:16:18	f6a456d8-d358-4213-a020-da1273dc053e	OPTIONS	/blog/null	http://localhost:3000	::ffff:172.18.0.1
20260804	00:16:18	be5380a7-07b7-4a9a-977b-b21d69270000	GET	/blog/null	http://localhost:3000	::ffff:172.18.0.1
20260804	00:17:24	946dff7c-c658-4c1a-87bf-e9206a293494	OPTIONS	/blog/null	http://localhost:3000	::ffff:172.18.0.1
20260804	00:17:25	662e2cad-3fc2-4b08-abd5-300e99e010ce	GET	/blog/null	http://localhost:3000	::ffff:172.18.0.1
20260804	00:20:56	43ca1c2f-84c1-490f-b522-1c8ca5baceea	OPTIONS	/blog	http://localhost:3000	::ffff:172.18.0.1
20260804	00:20:56	75cd3244-87df-4f11-9c6a-d1a50a532a2c	POST	/blog	http://localhost:3000	::ffff:172.18.0.1
20260804	00:20:59	dcce2bc8-9ee7-4ef2-9ea4-bfd6e4de6a5b	OPTIONS	/blog/null	http://localhost:3000	::ffff:172.18.0.1
20260804	00:20:59	0f797ab7-d89e-42ee-8ae7-28d60485e154	GET	/blog/null	http://localhost:3000	::ffff:172.18.0.1
20260804	00:21:05	b0fee89f-d122-4099-bf2b-c73f87ae23e0	OPTIONS	/blog	http://localhost:3000	::ffff:172.18.0.1
20260804	00:21:05	5737992f-bb8a-4360-aa3c-1403ca114344	GET	/blog	http://localhost:3000	::ffff:172.18.0.1
20260804	00:30:20	50460997-8526-4f97-bfe9-066287ce92e3	GET	/blog	http://localhost:3000	::ffff:172.18.0.1
20260804	00:42:41	424ead72-9202-42b5-8f1a-24f1b773dda6	GET	/blog	http://localhost:3000	::ffff:172.18.0.1
20260804	00:57:36	66a05b23-de15-45a8-9957-2adda8198d63	GET	/blog	http://localhost:3000	::ffff:172.18.0.1
20260804	01:05:19	36369718-e2b2-4244-8950-c27fd3277d08	GET	/blog	http://localhost:3000	::ffff:172.18.0.1
20260804	01:07:14	6eb4d0cb-d14c-4013-9759-f206cee0085d	GET	/blog	http://localhost:3000	::ffff:172.18.0.1
20260804	01:07:34	d9612ffc-ed34-4e13-a0b1-07eb58117145	GET	/blog	undefined	::ffff:172.18.0.1
20260804	01:07:35	8744f6d5-afc2-4106-9fa0-9ede4ec69631	GET	/blog/6a71306be8165cb56e92ed3e	undefined	::ffff:172.18.0.1
20260804	01:07:36	83a38133-d89d-498d-8b15-77c7136a1e6f	GET	/blog/6a71306be8165cb56e92ed3e	undefined	::ffff:172.18.0.1
20260804	01:09:45	e0f9f1c8-f6cf-47e9-acc9-e25d9233ca89	GET	/blog/6a71306be8165cb56e92ed3e	undefined	::ffff:172.18.0.1
20260804	01:09:46	ed094c8f-5b15-49bb-86cc-29809c484978	GET	/blog/6a71306be8165cb56e92ed3e	undefined	::ffff:172.18.0.1
20260804	01:09:49	a1d3cd49-fef9-4ace-ad08-8d3bd479dba2	GET	/blog	undefined	::ffff:172.18.0.1
20260804	01:10:29	5369134a-07bd-4c68-8b41-3224abe0c6c2	GET	/blog/6a71306be8165cb56e92ed3e	undefined	::ffff:172.18.0.1
20260804	01:10:29	5b0585b0-895e-44a3-9cd5-cc3ac724a373	GET	/blog/6a71306be8165cb56e92ed3e	undefined	::ffff:172.18.0.1
20260804	01:10:33	ae60ca77-7125-4f0f-8edb-9d252cf82c7d	GET	/blog	undefined	::ffff:172.18.0.1
20260804	01:11:04	ad5b6bd3-961b-40aa-91e8-45334d7c0a25	GET	/blog/6a71306be8165cb56e92ed3e	undefined	::ffff:172.18.0.1
20260804	01:11:04	ad90a6c5-e7bf-45d1-90dd-253e284437b8	GET	/blog/6a71306be8165cb56e92ed3e	undefined	::ffff:172.18.0.1
20260804	01:11:07	3c95f8bc-d5c7-4d98-91ab-4239357bdaf0	GET	/blog	undefined	::ffff:172.18.0.1
20260804	01:11:37	9df1e8cc-d867-4500-8993-03fb28820922	GET	/blog/6a71306be8165cb56e92ed3e	undefined	::ffff:172.18.0.1
20260804	01:11:37	3cf4f5fb-d360-46ad-941d-59be27022db5	GET	/blog/6a71306be8165cb56e92ed3e	undefined	::ffff:172.18.0.1
20260804	01:11:42	ca4fb422-49bd-4022-aec4-a5d7554a63ea	GET	/blog	undefined	::ffff:172.18.0.1
20260804	01:15:30	93ee97e1-6522-4313-b7dc-53f21108e3f0	GET	/blog/6a71306be8165cb56e92ed3e	undefined	::ffff:172.18.0.1
20260804	01:15:30	7a48d3c4-3964-4ae9-8e02-28e5d385d6df	GET	/blog/6a71306be8165cb56e92ed3e	undefined	::ffff:172.18.0.1
20260804	01:15:33	44a089af-53fb-429b-86bf-ab412abe8779	GET	/blog	undefined	::ffff:172.18.0.1
20260804	01:15:54	334a19dc-372b-4531-9af2-2be93fd8beff	GET	/blog/6a71306be8165cb56e92ed3e	undefined	::ffff:172.18.0.1
20260804	01:15:54	a7ef8482-5aa2-4fc7-b16b-8c2b44677b6d	GET	/blog/6a71306be8165cb56e92ed3e	undefined	::ffff:172.18.0.1
20260804	01:15:57	9e7150c2-50d9-40d5-9ec1-c23133f86e28	GET	/blog	undefined	::ffff:172.18.0.1
20260804	01:16:48	13f8e8a1-c22f-404f-a3e1-2a39c9418e05	GET	/blog	http://localhost:3000	::ffff:172.18.0.1
20260804	01:16:55	f94d9448-ad85-40f8-8ebd-70f9a8590c2f	GET	/blog/6a711f2e2777492dda8c163c	undefined	::ffff:172.18.0.1
20260804	01:16:55	93b19b75-9e95-4fc6-b041-bfb960a1f0cf	GET	/blog/6a711f2e2777492dda8c163c	undefined	::ffff:172.18.0.1
20260804	01:16:58	f0feb527-a6b9-43bc-aa7a-16fce4aa7fe7	GET	/blog	undefined	::ffff:172.18.0.1
20260804	01:19:15	6b74e674-e1df-4465-bd78-95dbef33dbf5	GET	/auth/refresh	http://localhost:3000	::ffff:172.18.0.1
20260804	01:19:15	8c7316eb-8a00-4d97-ad19-12b047a66e2b	GET	/blog	http://localhost:3000	::ffff:172.18.0.1
20260804	01:19:46	83ed6510-a126-4d7b-a617-5155d187f10c	GET	/auth/refresh	http://localhost:3000	::ffff:172.18.0.1
20260804	01:19:46	ac1a7e6b-b7e3-4f70-9cbc-5fd81d2efb6c	GET	/blog	http://localhost:3000	::ffff:172.18.0.1
20260804	01:21:06	1e7834e9-28a0-40c9-aa8b-7c175ad4b2d2	GET	/auth/refresh	http://localhost:3000	::ffff:172.18.0.1
20260804	01:21:06	cebdf705-4e15-4f52-9ac0-6ce63e490e22	GET	/application	http://localhost:3000	::ffff:172.18.0.1
20260804	01:21:06	36beaf81-fc1d-4bec-a107-57419eeab5cb	GET	/auth/refresh	http://localhost:3000	::ffff:172.18.0.1
20260804	01:21:06	0044a1c9-dae1-4980-a598-b33e9afb8be9	OPTIONS	/application	http://localhost:3000	::ffff:172.18.0.1
20260804	01:21:06	e83b6972-c54a-43cf-a4ee-980ed4b67714	GET	/application	http://localhost:3000	::ffff:172.18.0.1
20260804	01:26:45	255e28a1-3b3f-412b-b124-b7f1a87948f0	OPTIONS	/auth/refresh	http://localhost:3000	::ffff:172.18.0.1
20260804	01:26:45	2d30d7f9-1256-439f-aab2-60faa083111d	GET	/auth/refresh	http://localhost:3000	::ffff:172.18.0.1
20260804	01:30:31	09b62427-4a44-4d1e-8ec6-679611bb31ba	OPTIONS	/profile/user	http://localhost:3000	::ffff:172.18.0.1
20260804	01:30:31	237600c7-fa59-482d-99e2-a4016d2c532b	GET	/profile/user	http://localhost:3000	::ffff:172.18.0.1
20260804	01:30:44	33515bd2-7d08-4b63-b404-f8da92296bb3	OPTIONS	/profile/user	http://localhost:3000	::ffff:172.18.0.1
20260804	01:30:44	f84c5e89-5cfd-4544-a71c-e1d028fdcd36	GET	/profile/user	http://localhost:3000	::ffff:172.18.0.1
20260804	01:31:36	90d38878-4653-4427-abe9-dd6d2684094d	OPTIONS	/blog	http://localhost:3000	::ffff:172.18.0.1
20260804	01:31:36	34e08ed3-da82-46ff-a37b-748233b19dc3	GET	/blog	http://localhost:3000	::ffff:172.18.0.1
20260804	01:31:41	fbe4cf5e-08ce-4827-9fe3-198e6a35f381	OPTIONS	/application	http://localhost:3000	::ffff:172.18.0.1
20260804	01:31:41	c37df9e7-c936-48a9-9235-2fdb63d2806a	GET	/application	http://localhost:3000	::ffff:172.18.0.1
20260804	01:37:31	234d713d-a04c-4bac-9f40-f4f647d49fbd	GET	/blog/6a711f2e2777492dda8c163c	http://localhost:3000	::ffff:172.18.0.1
20260804	01:37:31	7b759f97-d134-4ab4-81f4-109a9d7d0874	OPTIONS	/blog/6a711f2e2777492dda8c163c	http://localhost:3000	::ffff:172.18.0.1
20260804	01:37:54	18cb9cf3-e36d-4c9e-aa94-c38abd307c3f	OPTIONS	/blog	http://localhost:3000	::ffff:172.18.0.1
20260804	01:37:54	975ed257-4826-4ef5-803d-b7f1069ff95a	GET	/blog	http://localhost:3000	::ffff:172.18.0.1
20260804	01:39:25	add507bb-1d66-4d78-8346-6140099ab492	GET	/auth/refresh	http://localhost:3000	::ffff:172.18.0.1
20260804	01:39:25	71dadc3c-c28f-4e99-bf1d-39bf8cb52860	GET	/profile/user	http://localhost:3000	::ffff:172.18.0.1
20260804	01:39:25	8c8ad7b5-7734-43b8-a884-e3464b17efd0	GET	/auth/refresh	http://localhost:3000	::ffff:172.18.0.1
20260804	01:39:25	f2a96a97-780b-4f03-bfdb-aa2eab275604	OPTIONS	/blog/6a711f2e2777492dda8c163c	http://localhost:3000	::ffff:172.18.0.1
20260804	01:39:25	9b9d0e4c-b120-49fd-a70c-874455ddf830	OPTIONS	/profile/user	http://localhost:3000	::ffff:172.18.0.1
20260804	01:39:25	e56091ad-2cc1-45b9-a12c-def88efe5a7c	GET	/blog/6a711f2e2777492dda8c163c	http://localhost:3000	::ffff:172.18.0.1
20260804	01:39:25	ca64f482-cff9-4881-9fd5-8227a95c08f7	GET	/profile/user	http://localhost:3000	::ffff:172.18.0.1
20260804	01:39:45	97fad1fb-b3d8-43c9-9550-74a3ae9677b2	GET	/blog	http://localhost:3000	::ffff:172.18.0.1
20260804	01:39:45	4ad9351c-6337-4617-a0bf-f0d5d1174e62	OPTIONS	/blog	http://localhost:3000	::ffff:172.18.0.1
20260804	01:39:51	8232d981-6a55-459b-918e-5b875c730e4b	OPTIONS	/blog/6a71306be8165cb56e92ed3e	http://localhost:3000	::ffff:172.18.0.1
20260804	01:39:51	b089b788-d48a-4724-aec3-caec53f12e74	GET	/blog/6a71306be8165cb56e92ed3e	http://localhost:3000	::ffff:172.18.0.1
20260804	01:40:36	8ea2ecad-4ea0-4aed-9e2a-9b1813474fcd	GET	/auth/refresh	http://localhost:3000	::ffff:172.18.0.1
20260804	01:40:36	a8be22a1-f246-44b3-99b3-f67243a986b4	GET	/profile/user	http://localhost:3000	::ffff:172.18.0.1
20260804	01:40:36	a6fcde7d-0125-4182-9379-7d16a8c2a814	OPTIONS	/auth/refresh	http://localhost:3000	::ffff:172.18.0.1
20260804	01:40:36	62c2ab23-e76e-4add-b38b-732e5e91f03f	GET	/blog/6a71306be8165cb56e92ed3e	http://localhost:3000	::ffff:172.18.0.1
20260804	01:40:36	f01ef6d2-9f43-4187-8747-69850d4f46e4	GET	/auth/refresh	http://localhost:3000	::ffff:172.18.0.1
20260804	01:40:36	4a2f387e-6e98-4624-bec4-2b0f56c36731	OPTIONS	/profile/user	http://localhost:3000	::ffff:172.18.0.1
20260804	01:40:36	fb9ad164-8e56-4a53-ac9c-5c4cb465bc72	GET	/profile/user	http://localhost:3000	::ffff:172.18.0.1
20260804	01:40:52	0aa45e5d-e10d-4837-8c27-a3c81aa21010	OPTIONS	/blog	http://localhost:3000	::ffff:172.18.0.1
20260804	01:40:52	ba8e7543-faf8-4461-b7ed-9f44f3c14bc7	GET	/blog	http://localhost:3000	::ffff:172.18.0.1
20260804	01:40:58	31e405da-d9ac-4b6f-90f0-b1ebf269e0e6	OPTIONS	/blog/6a711f2e2777492dda8c163c	http://localhost:3000	::ffff:172.18.0.1
20260804	01:40:59	8e78031c-7124-44a1-a909-660de8f0fd67	GET	/blog/6a711f2e2777492dda8c163c	http://localhost:3000	::ffff:172.18.0.1
20260804	01:44:37	b175361d-01e3-47fa-a57f-01653e1c3473	GET	/profile/user	http://localhost:3000	::ffff:172.18.0.1
20260804	01:44:37	de65139b-e89a-49cf-980a-8211dd82dab5	GET	/auth/refresh	http://localhost:3000	::ffff:172.18.0.1
20260804	01:44:37	5419950f-d746-4e58-b204-c944ba425b72	GET	/auth/refresh	http://localhost:3000	::ffff:172.18.0.1
20260804	01:44:37	f4eeab65-b822-4b95-9aa0-db58737aba5b	GET	/blog/6a711f2e2777492dda8c163c	http://localhost:3000	::ffff:172.18.0.1
20260804	01:44:37	ab4e0f34-103f-444a-bd53-d44837baeea0	OPTIONS	/profile/user	http://localhost:3000	::ffff:172.18.0.1
20260804	01:44:37	439a8e6f-daa6-4b53-ac21-45c9fd8a33fb	GET	/profile/user	http://localhost:3000	::ffff:172.18.0.1
20260804	01:45:36	08a73e4b-190d-4723-95ab-5beb50d24878	OPTIONS	/blog	http://localhost:3000	::ffff:172.18.0.1
20260804	01:45:36	bfb1fa65-5b84-4f5b-a6d4-3bd068847ff9	GET	/blog	http://localhost:3000	::ffff:172.18.0.1
20260804	01:45:43	e6648433-0b33-43f4-9e65-12a6c3d004ad	OPTIONS	/blog/6a71306be8165cb56e92ed3e	http://localhost:3000	::ffff:172.18.0.1
20260804	01:45:43	6ebf7669-1475-4b77-945d-617c7f86c7e0	GET	/blog/6a71306be8165cb56e92ed3e	http://localhost:3000	::ffff:172.18.0.1
